2012;Wil M. P. van der Aalst;Distributed Process Discovery and Conformance Checking.;1-25;25;Invited Talk;
2012;Davide Di Ruscio,Ivano Malavolta,Henry Muccini,Patrizio Pelliccione,Alfonso Pierantonio;Model-Driven Techniques to Enhance Architectural Languages Interoperability.;26-42;17;Software Architecture and Components;
2012;Sebastian S. Bauer,Alexandre David,Rolf Hennicker,Kim Guldstrand Larsen,Axel Legay,Ulrik Nyman,Andrzej Wasowski;Moving from Specifications to Contracts in Component-Based Design.;43-58;16;Software Architecture and Components;
2012;Kyungmin Bae,Peter Csaba Olveczky,Jose Meseguer,Abdullah Al-Nayeem;The SynchAADL2Maude Tool.;59-62;4;Software Architecture and Components;
2012;Jose Luiz Fiadeiro,Antonia Lopes;Consistency of Service Composition.;63-77;15;Services;
2012;Jonas Eckhardt,Tobias Muhlbauer,Musab AlTurki,Jose Meseguer,Martin Wirsing;Stable Availability under Denial of Service Attacks through Formal Patterns.;78-93;16;Services;
2012;Stefan Naujokat,Anna-Lena Lamprecht,Bernhard Steffen;Loose Programming with PROPHETS.;94-98;5;Services;
2012;Vineet Kahlon;Schedule Insensitivity Reduction.;99-114;16;Verification and Monitoring;
2012;Leo Hatvani,Paul Pettersson,Cristina Cerschi Seceleanu;Adaptive Task Automata: A Framework for Verifying Adaptive Embedded Systems.;115-129;15;Verification and Monitoring;
2012;Elvira Albert,Richard Bubel,Samir Genaim,Reiner Hahnle,Guillermo Roman-Diez;Verified Resource Guarantees for Heap Manipulating Programs.;130-145;16;Verification and Monitoring;
2012;Fabrizio Maria Maggi,Marco Montali,Wil M. P. van der Aalst;An Operational Decision Support Framework for Monitoring Business Constraints.;146-162;17;Verification and Monitoring;
2012;Zinovy Diskin,Thomas Stephen Edward Maibaum,Krzysztof Czarnecki;Intermodeling, Queries, and Kleisli Categories.;163-177;15;Intermodelling and Model Transformations;
2012;Frank Hermann,Hartmut Ehrig,Claudia Ermel,Fernando Orejas;Concurrent Model Synchronization with Conflict Resolution Based on Triple Graph Grammars.;178-193;16;Intermodelling and Model Transformations;
2012;Julian C. Bradfield,Perdita Stevens;Recursive Checkonly QVT-R Transformations with General when and where Clauses via the Modal Mu Calculus.;194-208;15;Intermodelling and Model Transformations;
2012;Maarten de Mol,Arend Rensink,James J. Hunt;Graph Transforming Java Data.;209-223;15;Intermodelling and Model Transformations;
2012;Rick Salay,Michalis Famelis,Marsha Chechik;Language Independent Refinement Using Partial Modeling.;224-239;16;Modelling and Adaptation;
2012;Roberto Bruni,Andrea Corradini,Fabio Gadducci,Alberto Lluch-Lafuente,Andrea Vandin;A Conceptual Framework for Adaptation.;240-254;15;Modelling and Adaptation;
2012;Thomas Thum,Ina Schaefer,Martin Kuhlemann,Sven Apel,Gunter Saake;Applying Design by Contract to Feature-Oriented Programming.;255-269;15;Product Lines and Feature-Oriented Programming;
2012;Jiangfan Shi,Myra B. Cohen,Matthew B. Dwyer;Integration Testing of Software Product Lines Using Compositional Symbolic Execution.;270-284;15;Product Lines and Feature-Oriented Programming;
2012;Julia Rubin-Mosin,Marsha Chechik;Combining Related Products into Product Lines.;285-300;16;Product Lines and Feature-Oriented Programming;
2012;Andreas Mauczka,Markus Huber,Christian Schanes,Wolfgang Schramm,Mario Bernhart,Thomas Grechenig;Tracing Your Maintenance Work - A Cross-Project Validation of an Automated Classification Dictionary for Commit Messages.;301-315;15;Development Process;
2012;Earl T. Barr,Christian Bird,Peter C. Rigby,Abram Hindle,Daniel M. German,Premkumar T. Devanbu;Cohesive and Isolated Development with Branches.;316-331;16;Development Process;
2012;Mario Luis Guimaraes,Antonio Rito Silva;Making Software Integration Really Continuous.;332-346;15;Development Process;
2012;Giovanni Becce,Leonardo Mariani,Oliviero Riganelli,Mauro Santoro;Extracting Widget Descriptions from GUIs.;347-361;15;Development Process;
2012;Zhenyue Long,Georgel Calin,Rupak Majumdar,Roland Meyer;Language-Theoretic Abstraction Refinement.;362-376;15;Verification and Synthesis;
2012;Dalal Alrajeh,Jeffrey Kramer,Alessandra Russo,Sebastian Uchitel;Learning from Vacuously Satisfiable Scenario-Based Specifications.;377-393;17;Verification and Synthesis;
2012;Martin Erwig,Rahul Gopinath;Explanations for Regular Expressions.;394-408;15;Verification and Synthesis;
2012;Matthew Staats,Gregory Gay,Michael W. Whalen,Mats Per Erik Heimdahl;On the Danger of Coverage Directed Test Case Generation.;409-424;16;Testing and Maintenance;
2012;Macario Polo Usaola,Pedro Reales Mateo,Beatriz Perez Lamancha;Reduction of Test Suites Using Mutation.;425-438;14;Testing and Maintenance;
2012;Taha Triki,Yves Ledru,Lydie du Bousquet,Frederic Dadeau,Julien Botella;Model-Based Filtering of Combinatorial Test Suites.;439-454;16;Testing and Maintenance;
2012;Rim Mahouachi,Marouane Kessentini,Khaled Ghedira;A New Design Defects Classification: Marrying Detection and Correction.;455-470;16;Testing and Maintenance;
2012;Aharon Abadi,Ran Ettinger,Yishai A. Feldman;Fine Slicing - Theory and Applications for Computation Extraction.;471-485;15;Slicing and Refactoring;
2012;Josep Silva,Salvador Tamarit,Cesar Tomas;System Dependence Graphs in Sequential Erlang.;486-500;15;Slicing and Refactoring;
2012;Huiqing Li,Simon J. Thompson;A Domain-Specific Language for Scripting Refactorings in Erlang.;501-515;15;Slicing and Refactoring;
2011;Ross Anderson;The Dependability of Complex Socio-technical Systems.;1;1;Invited Talk;
2011;Lu Feng,Marta Z. Kwiatkowska,David Parker;Automated Learning of Probabilistic Assumptions for Compositional Reasoning.;2-17;16;Invited Talk;
2011;Jose Luiz Fiadeiro,Antonia Lopes;An Interface Theory for Service-Oriented Design.;18-33;16;Verification;
2011;Amalinda Post,Jochen Hoenicke,Andreas Podelski;rt-Inconsistency: A New Property for Real-Time Requirements.;34-49;16;Verification;
2011;Jens Bendisposto,Michael Leuschel;Automatic Flow Analysis for Event-B.;50-64;15;Verification;
2011;Shahram Esmaeilsabzali,Nancy A. Day;Semantic Quality Attributes for Big-Step Modelling Languages.;65-80;16;Verification;
2011;Dominik Dietrich,Lutz Schroder,Ewaryst Schulz;Formalizing and Operationalizing Industrial Standards.;81-95;15;Specification and Modelling;
2011;Mieke Massink,Diego Latella,Andrea Bracciali,Jane Hillston;Modelling Non-linear Crowd Dynamics in Bio-PEPA.;96-110;15;Specification and Modelling;
2011;Pepijn Crouzen,Frederic Lang;Smart Reduction.;111-126;16;Reachability and Model Checking;
2011;Johan Oudinet,Alain Denise,Marie-Claude Gaudel,Richard Lassaigne,Sylvain Peyronnet;Uniform Monte-Carlo Model Checking.;127-140;14;Reachability and Model Checking;
2011;Juncao Li,Fei Xie,Thomas Ball,Vladimir Levin;Model Checking BÃ¼chi Pushdown Systems.;141-155;15;Reachability and Model Checking;
2011;Claudia Ermel,Jurgen Gall,Leen Lambers,Gabriele Taentzer;Modeling with Plausibility Checking: Inspecting Favorable and Critical Signs for Consistency between Control Flow and Functional Behavior.;156-170;15;Model Driven Engineering;
2011;Pierre Kelsen,Qin Ma 0002,Christian Glodt;Models within Models: Taming Model Complexity Using the Sub-model Lattice.;171-185;15;Model Driven Engineering;
2011;Jacome Cunha,Joost Visser,Tiago L. Alves,Joao Saraiva;Type-Safe Evolution of Spreadsheets.;186-201;16;Model Driven Engineering;
2011;Hartmut Ehrig,Claudia Ermel,Gabriele Taentzer;A Formal Resolution Strategy for Operation-Based Conflicts in Model Versioning Using Graph Modifications.;202-216;15;Model Driven Engineering;
2011;Stephanie Gatti,Emilie Balland,Charles Consel;A Step-Wise Approach for Integrating QoS throughout Software Development.;217-231;15;Software Development for QoS;
2011;Denis Hatebur,Maritta Heisel,Jan Jurjens,Holger Schmidt;Systematic Development of UMLsec Design Models Based on Security Requirements.;232-246;15;Software Development for QoS;
2011;Dries Vanoverberghe,Frank Piessens;Theoretical Aspects of Compositional Symbolic Execution.;247-261;15;Testing: Theory and New Trends;
2011;Rohan Sharma,Milos Gligoric,Andrea Arcuri,Gordon Fraser,Darko Marinov;Testing Container Classes: Random or Systematic?;262-277;16;Testing: Theory and New Trends;
2011;Andreas Holzer,Visar Januzaj,Stefan Kugele,Boris Langer,Christian Schallhart,Michael Tautschnig,Helmut Veith;Seamless Testing for Models and Code.;278-293;16;Testing: Theory and New Trends;
2011;Suresh Thummalapenta,Madhuri R. Marri,Tao Xie,Nikolai Tillmann,Jonathan de Halleux;Retrofitting Unit Tests for Parameterized Unit Testing.;294-309;16;Testing in Practice;
2011;Farn Wang,Jung-Hsuan Wu,Chung-Hao Huang,Kai-Hsiang Chang;Evolving a Test Oracle in Black-Box Testing.;310-325;16;Testing in Practice;
2011;Oksana Tkachuk,Sreeranga P. Rajan;Automated Driver Generation for Analysis of Web Applications.;326-340;15;Testing in Practice;
2011;Tamim Ahmed Khan,Reiko Heckel;On Model-Based Regression Testing of Web-Services Using Dependency Analysis of Visual Contracts.;341-355;15;Testing in Practice;
2011;Huiqing Li,Simon J. Thompson;Incremental Clone Detection and Elimination for Erlang Programs.;356-370;15;Code Development and Analysis;
2011;Bashar Gharaibeh,Hridesh Rajan,J. Morris Chang;Analyzing Software Updates: Should You Build a Dynamic Updating Infrastructure?;371-385;15;Code Development and Analysis;
2011;Qirun Zhang,Wujie Zheng,Michael R. Lyu;Flow-Augmented Call Graph: A New Foundation for Taming API Complexity.;386-400;15;Code Development and Analysis;
2011;Marouane Kessentini,Houari A. Sahraoui,Mounir Boukadoum,Manuel Wimmer;Search-Based Design Defects Detection by Example.;401-415;15;Code Development and Analysis;
2011;Lin Shi,Hao Zhong,Tao Xie,Mingshu Li;An Empirical Study on Evolution of API Documentation.;416-431;16;Empirical Studies;
2011;Dongxiang Cai,Miryung Kim;An Empirical Study of Long-Lived Code Clones.;432-446;15;Empirical Studies;
2011;Adam Przybylek;Where the Truth Lies: AOP and Its Impact on Software Modularity.;447-461;15;Empirical Studies;
2010;Mark Harman;Why the Virtual Nature of Software Makes It Ideal for Search Based Optimization.;1-12;12;Invited Speaker;
2010;Adrian Rutle,Alessandro Rossini,Yngve Lamo,Uwe Wolter;A Formalisation of Constraint-Aware Model Transformations.;13-28;16;Model Transformation;
2010;Artur Boronat,Peter Csaba Olveczky;Formal Real-Time Model Transformations in MOMENT2.;29-43;15;Model Transformation;
2010;Ethan K. Jackson,Wolfram Schulte,Daniel Balasubramanian,Gabor Karsai;Reusing Model Transformations While Preserving Properties.;44-58;15;Model Transformation;
2010;Alberto Bacchelli,Marco D'Ambros,Michele Lanza;Are Popular Classes More Defect Prone?;59-73;15;Software Evolution;
2010;Tung Thanh Nguyen,Hoan Anh Nguyen,Nam H. Pham,Tien N. Nguyen;Operation-Based, Fine-Grained Version Control Model for Tree-Based Representation.;74-90;17;Software Evolution;
2010;Masatomo Hashimoto,Akira Mori;A Method for Analyzing Code Homology in Genealogy of Evolving Software.;91-106;16;Software Evolution;
2010;Junchao Xiao,Leon J. Osterweil,Qing Wang,Mingshu Li;Dynamic Resource Scheduling in Disruption-Prone Software Development Environments.;107-122;16;Software Evolution;
2010;Muhammad Naeem 0002,Reiko Heckel,Fernando Orejas,Frank Hermann;Incremental Service Composition Based on Partial Matching of Visual Contracts.;123-138;16;Graph Transformation;
2010;Hartmut Ehrig,Claudia Ermel,Olga Runge,Antonio Bucchiarone,Patrizio Pelliccione;Formal Analysis and Verification of Self-Healing Systems.;139-153;15;Graph Transformation;
2010;Paolo Torrini,Reiko Heckel,Istvan Rath;Stochastic Simulation of Graph Transformation Systems.;154-157;4;Graph Transformation;
2010;Shahram Esmaeilsabzali,Nancy A. Day;Prescriptive Semantics for Big-Step Modelling Languages.;158-172;15;Modeling Concepts;
2010;Pierre Kelsen,Qin Ma 0002;A Modular Model Composition Technique.;173-187;15;Modeling Concepts;
2010;Dae-Kyoo Kim,Lunjin Lu,Sangsig Kim;A Verifiable Modeling Approach to Configurable Role-Based Access Control.;188-202;15;Modeling Concepts;
2010;Iris Groher,Alexander Reder,Alexander Egyed;Incremental Consistency Checking of Dynamic Constraints.;203-217;15;Modeling Concepts;
2010;Adam Darvas,Peter Muller;Proving Consistency and Completeness of Model Classes Using Theory Interpretation.;218-232;15;Verification;
2010;Carlo Ghezzi,Andrea Mocci,Guido Salvaneschi;Automatic Cross Validation of Multiple Specifications: A Case Study.;233-247;15;Verification;
2010;Juncao Li,Fei Xie,Thomas Ball,Vladimir Levin,Con McGarvey;An Automata-Theoretic Approach to Hardware/Software Co-verification.;248-262;15;Verification;
2010;Dirk Beyer,Thomas A. Henzinger,Gregory Theoduloz,Damien Zufferey;Shape Refinement through Explicit Heap Analysis.;263-277;15;Program Analysis;
2010;Dino Distefano,Ivana Filipovic;Memory Leaks Detection in Java by Bi-abductive Inference.;278-292;15;Program Analysis;
2010;Krishnendu Chatterjee,Luca de Alfaro,Vishwanath Raman,Cesar Sanchez;Analyzing the Impact of Change in Multi-threaded Programs.;293-307;15;Program Analysis;
2010;Steven Lauterburg,Rajesh K. Karmani,Darko Marinov,Gul Agha;Evaluating Ordering Heuristics for Dynamic Partial-Order Reduction Techniques.;308-322;15;Testing and Debugging;
2010;Qingzhou Luo,Sai Zhang,Jianjun Zhao,Min Hu;A Lightweight and Portable Approach to Making Concurrent Failures Reproducible.;323-337;15;Testing and Debugging;
2010;Hermann Lehner,Peter Muller;Efficient Runtime Assertion Checking of Assignable Clauses with Datagroups.;338-352;15;Testing and Debugging;
2010;Luca Berardinelli,Vittorio Cortellessa,Antinisca Di Marco;Performance Modeling and Analysis of Context-Aware Mobile Software Systems.;353-367;15;Performance Modeling and Analysis;
2010;Vittorio Cortellessa,Anne Martens,Ralf Reussner,Catia Trubiani;"A Process to Effectively Identify ""Guilty"" Performance Antipatterns.";368-382;15;Performance Modeling and Analysis;
2009;Allan Clark,Stephen T. Gilmore,Mirco Tribastone;Scalable Analysis of Scalable Systems.;1-17;17;;
2009;Artur Boronat,Reiko Heckel,Jose Meseguer;Rewriting Logic Semantics and Verification of Model Transformations.;18-33;16;Model-Driven Development;
2009;Jon Oldevik,Oystein Haugen,Birger Moller-Pedersen;Confluence in Domain-Independent Product Line Transformations.;34-48;15;Model-Driven Development;
2009;Stefan Jurack,Leen Lambers,Katharina Mehner,Gabriele Taentzer,Gerd Wierse;Object Flow Definition for Refined Activity Diagrams.;49-63;15;Model-Driven Development;
2009;Adrian Rutle,Alessandro Rossini,Yngve Lamo,Uwe Wolter;A Category-Theoretical Approach to the Formalisation of Version Control in MDE.;64-78;15;Model-Driven Development;
2009;Hillel Kugler,Cory Plock,Amir Pnueli;Controller Synthesis from LSC Requirements.;79-93;15;Synthesis and Adaptation;
2009;Dimitra Giannakopoulou,Corina S. Pasareanu;Interface Generation and Compositional Verification in JavaPathfinder.;94-108;15;Synthesis and Adaptation;
2009;Guido Wachsmuth;A Formal Way from Text to Code Templates.;109-123;15;Synthesis and Adaptation;
2009;Marco Autili,Paolo Di Benedetto,Paola Inverardi;Context-Aware Adaptive Services: The PLASTIC Approach.;124-139;16;Synthesis and Adaptation;
2009;Erwan Jahier,Nicolas Halbwachs,Pascal Raymond;Synchronous Modeling and Validation of Priority Inheritance Schedulers.;140-154;15;Modeling;
2009;Nazareno Aguirre,Marcelo Fabiun Frias,Mariano M. Moscato,Thomas Stephen Edward Maibaum,Alan Wassyng;Describing and Analyzing Behaviours over Tabular Specifications Using (Dyn)Alloy.;155-170;16;Modeling;
2009;Vilas Jagannath,Yun Young Lee,Brett Daniel,Darko Marinov;Reducing the Costs of Bounded-Exhaustive Testing.;171-185;15;Testing and Debugging;
2009;Kathryn E. Gray,Alan Mycroft;Logical Testing.;186-200;15;Testing and Debugging;
2009;Hana Chockler,Eitan Farchi,Benny Godlin,Sergey Novikov;Cross-Entropy-Based Replay of Concurrent Programs.;201-215;15;Testing and Debugging;
2009;Kelly Androutsopoulos,David Clark,Mark Harman,Zheng Li,Laurence Tratt;Control Dependence for Extended Finite State Machines.;216-230;15;Model Analysis;
2009;K. Rustan M. Leino,Ronald Middelkoop;Proving Consistency of Pure Methods and Model Fields.;231-245;15;Model Analysis;
2009;Piotr Kosiuczenko;On the Implementation of @pre.;246-261;16;Model Analysis;
2009;Musab AlTurki,Dinakar Dhurjati,Dachuan Yu,Ajay Chander,Hiroshi Inamura;Formal Specification and Analysis of Timing Properties in Software Systems.;262-277;16;Model Analysis;
2009;Paolo Bottoni,Esther Guerra,Juan de Lara Jaramillo;Formal Foundation for Pattern-Based Modelling.;278-293;16;Patterns;
2009;Alexander Fulleborn,Klaus Meffert,Maritta Heisel;Problem-Oriented Documentation of Design Patterns.;294-308;15;Patterns;
2009;Iman Narasamdya,Michael Perin;Certification of Smart-Card Applications in Common Criteria.;309-324;16;Security;
2009;Frank Hermann,Hartmut Ehrig,Claudia Ermel;Transformation of Type Graphs with Inheritance for Ensuring Security in E-Government Networks.;325-339;15;Security;
2009;Marieke Huisman,Alejandro Tamalet;A Formal Connection between Security Automata and JML Annotations.;340-354;15;Security;
2009;William N. Sumner,Xiangyu Zhang;Algorithms for Automatically Computing the Causal Paths of Failures.;355-369;15;Queries and Error Handling;
2009;Mithun Acharya,Tao Xie;Mining API Error-Handling Specifications from Source Code.;370-384;15;Queries and Error Handling;
2009;Shaunak Chatterjee,Sudeep Juvekar,Koushik Sen;SNIFF: A Search Engine for Java Using Free-Form Queries.;385-400;16;Queries and Error Handling;
2009;Vasanth Rajamani,Christine Julien,Jamie Payton,Gruia-Catalin Roman;Inquiry and Introspection for Non-deterministic Queries in Mobile Networks.;401-416;16;Queries and Error Handling;
2009;Achim D. Brucker,Burkhart Wolff;hol-TestGen.;417-420;4;Tools (Demos) and Program Analysis;
2009;Radu Calinescu,Marta Z. Kwiatkowska;CADS*: Computer-Aided Development of Self-* Systems.;421-424;4;Tools (Demos) and Program Analysis;
2009;Qichang Chen,Liqiang Wang,Zijiang Yang,Scott D. Stoller;HAVE: Detecting Atomicity Violations via Integrated Dynamic and Static Analysis.;425-439;15;Tools (Demos) and Program Analysis;
2009;Hoan Anh Nguyen,Tung Thanh Nguyen,Nam H. Pham,Jafar M. Al-Kofahi,Tien N. Nguyen;Accurate and Efficient Structural Characteristic Feature Extraction for Clone Detection.;440-455;16;Tools (Demos) and Program Analysis;
2009;Ondrej Sery;Enhanced Property Specification and Verification in BLAST.;456-469;14;Tools (Demos) and Program Analysis;
2009;Laura Kovacs,Andrei Voronkov;Finding Loop Invariants for Programs over Arrays Using a Theorem Prover.;470-485;16;Tools (Demos) and Program Analysis;
2008;Dalal Alrajeh,Alessandra Russo,Sebastian Uchitel;Deriving Non-zeno Behavior Models from Goal Models Using ILP.;1-15;15;Requirements and Architectures;
2008;Andreas Classen,Patrick Heymans,Pierre-Yves Schobbens;What's in a Feature: A Requirements Engineering Perspective.;16-30;15;Requirements and Architectures;
2008;Mikolas Janota,Goetz Botterweck;Formal Approach to Integrating Feature and Architecture Models.;31-45;15;Requirements and Architectures;
2008;Wil M. P. van der Aalst,Marlon Dumas,Florian Gottschalk,Arthur H. M. ter Hofstede,Marcello La Rosa,Jan Mendling;Correctness-Preserving Configuration of Business Process Models.;46-61;16;Models, Model Transformations I;
2008;Hartmut Ehrig,Karsten Ehrig,Claudia Ermel,Ulrike Prange;Consistent Integration of Models Based on Views of Visual Languages.;62-76;15;Models, Model Transformations I;
2008;Juan de Lara Jaramillo,Hans Vangheluwe;Translating Model Simulators to Analysis Models.;77-92;16;Models, Model Transformations I;
2008;Colin Atkinson,Dietmar Stoll;Orthographic Modeling Environment.;93-96;4;Conceptual Models, UML;
2008;Achim D. Brucker,Burkhart Wolff;HOL-OCL: A Formal Proof Environment for UML/OCL.;97-100;4;Conceptual Models, UML;
2008;Lucio Mauro Duarte,Jeffrey Kramer,Sebastian Uchitel;Towards Faithful Model Extraction Based on Contexts.;101-115;15;Conceptual Models, UML;
2008;Francois Lagarde,Huascar Espinoza,Francois Terrier,Charles Andre,Sebastien Gerard;Leveraging Patterns on Domain Models to Improve UML Profile Definition.;116-130;15;Conceptual Models, UML;
2008;Juliana Kuster Filipe Bowles,Sotiris Moschoyiannis;When Things Go Wrong: Interrupting Conversations.;131-145;15;Service Engineering/Adaptable Services;
2008;Tarek Melliti,Pascal Poizat,Sonia Ben Mokhtar;Distributed Behavioural Adaptation for the Automatic Composition of Semantic Services.;146-162;17;Service Engineering/Adaptable Services;
2008;Laura Bocchi,Stephen Gorton,Stephan Reiff-Marganiec;Engineering Service Oriented Applications: From StPowla Processes to SRML Models.;163-178;16;Service Engineering/Adaptable Services;
2008;Fernando Orejas,Hartmut Ehrig,Ulrike Prange;A Logic of Graph Constraints.;179-198;20;Verification and Testing I;
2008;Till Mossakowski,Lutz Schroder,Sergey Goncharov;A Generic Complete Dynamic Logic for Reasoning About Purity and Effects.;199-214;16;Verification and Testing I;
2008;Gabriel Ciobanu,Maciej Koutny;Modelling and Verification of Timed Interaction and Migration.;215-229;15;Verification and Testing I;
2008;Alessandro Fantechi,Stefania Gnesi,Alessandro Lapadula,Franco Mazzanti,Rosario Pugliese,Francesco Tiezzi;A Model Checking Approach for Verifying COWS Specifications.;230-245;16;Verification and Testing I;
2008;Giovanni Denaro,Alessandra Gorla,Mauro Pezze;Contextual Integration Testing of Classes.;246-260;15;Verification and Testing II;
2008;Jan Smans,Bart Jacobs 0002,Frank Piessens,Wolfram Schulte;An Automatic Verifier for Java-Like Programs Based on Dynamic Frames.;261-275;15;Verification and Testing II;
2008;Naouel Moha,Yann-Gael Gueheneuc,Anne-Francoise Le Meur,Laurence Duchien;A Domain Analysis to Specify Design Defects and Generate Detection Algorithms.;276-291;16;Verification and Testing II;
2008;Jan Jurjens,Jorg Schreck,Yijun Yu;Automated Analysis of Permission-Based Security Using UMLsec.;292-295;4;Verification and Testing II;
2008;Radu Kopetz,Pierre-Etienne Moreau;Software Quality Improvement Via Pattern Matching.;296-300;5;Objects and Components;
2008;Yoram Atir,David Harel,Asaf Kleinbort,Shahar Maoz;Object Composition in Scenario-Based Programming.;301-316;16;Objects and Components;
2008;Therese Berg,Bengt Jonsson,Harald Raffelt;Regular Inference for State Machines Using Domains with Equality Tests.;317-331;15;Objects and Components;
2008;Subhajit Datta,Robert van Engelen;COMP-REF: A Technique to Guide the Delegation of Responsibilities to Components in Software Systems.;332-346;15;Objects and Components;
2008;Denes Bisztray,Reiko Heckel,Hartmut Ehrig;Verification of Architectural Refactorings by Rule Extraction.;347-361;15;Models, Model Transformations II;
2008;Tiago Massoni,Rohit Gheyi,Paulo Borba;Formal Model-Driven Program Refactoring.;362-376;15;Models, Model Transformations II;
2008;Artur Boronat,Jose Meseguer;An Algebraic Semantics for MOF.;377-391;15;Models, Model Transformations II;
2008;Leen Lambers,Leonardo Mariani,Hartmut Ehrig,Mauro Pezze;A Formal Framework for Developing Adaptable Service-Based Applications.;392-406;15;Models, Model Transformations II;
2008;Jonathan J. Davies,Alastair R. Beresford,Alan Mycroft;Language-Based Optimisation of Sensor-Driven Distributed Computing Applications.;407-422;16;Models, Model Transformations II;
2008;Javier Camara,Gwen Salaun,Carlos Canal Velasco;Clint: A Composition Language Interpreter (Tool Paper).;423-427;5;Models, Model Transformations II;
2007;Jan Bosch;Software Product Families: Towards Compositionality.;1-10;10;Invited Contributions;
2007;Bertrand Meyer;Contract-Driven Development.;11;1;Invited Contributions;
2007;Jacek Ratzinger,Martin Pinzger,Harald Gall;EQ-Mine: Predicting Short-Term Defects for Software Evolution.;12-26;15;Evolution and Agents;
2007;Romain Robbes,Michele Lanza,Mircea Lungu;An Approach to Software Evolution Based on Semantic Change.;27-41;15;Evolution and Agents;
2007;Paulo Salem da Silva,Ana Cristina Vieira de Melo;A Simulation-Oriented Formalization for a Psychological Theory.;42-56;15;Evolution and Agents;
2007;Vittorio Cortellessa,Antinisca Di Marco,Paola Inverardi;Integrating Performance and Reliability Analysis in a Non-Functional MDA Framework.;57-71;15;Model Driven Development;
2007;Hartmut Ehrig,Karsten Ehrig,Claudia Ermel,Frank Hermann,Gabriele Taentzer;Information Preserving Bidirectional Model Transformations.;72-86;15;Model Driven Development;
2007;Rolf Hennicker,Alexander Knapp;Activity-Driven Synthesis of State Machines.;87-101;15;Model Driven Development;
2007;Jimin Gao,Mats Per Erik Heimdahl,Eric Van Wyk;Flexible and Extensible Notations for Modeling Languages.;102-116;15;Model Driven Development;
2007;Markus Bach,Florian Forster,Friedrich Steimann;Declared Type Generalization Checker: An Eclipse Plug-In for Systematic Programming with More General Types.;117-120;4;Tool Demonstrations;
2007;David Harel,Asaf Kleinbort,Shahar Maoz;S2A: A Compiler for Multi-modal UML Sequence Diagrams.;121-124;4;Tool Demonstrations;
2007;George Edwards,Sam Malek,Nenad Medvidovic;Scenario-Driven Dynamic Analysis of Distributed Architectures.;125-139;15;Distributed Systems;
2007;Chouki Tibermacine,Didier Hoareau,Reda Kadri;Enforcing Architecture and Deployment Constraints of Distributed Component-Based Software.;140-154;15;Distributed Systems;
2007;Cesar Sanchez,Henny Sipma,Zohar Manna;A Family of Distributed Deadlock Avoidance Protocols and Their Reachable State Spaces.;155-169;15;Distributed Systems;
2007;Jonathan Whittle;Precise Specification of Use Case Scenarios.;170-184;15;Specification;
2007;Florian Stallmann,Holger Giese;Joint Structural and Temporal Property Specification Using Timed Story Scenario Diagrams.;185-199;15;Specification;
2007;Rudiger Grammes,Reinhard Gotzhein;SDL Profiles - Formal Semantics and Tool Support.;200-214;15;Specification;
2007;Lilian Burdy,Marieke Huisman,Mariela Pavlova;Preliminary Design of BML: A Behavioral Interface Specification Language for Java Bytecode.;215-229;15;Specification;
2007;Roy Gronmo,Michael C. Jager,Andreas Wombacher;A Service Composition Construct to Support Iterative Development.;230-244;15;Services;
2007;Alistair P. Barros,Gero Decker,Marlon Dumas,Franz Weber;Correlation Patterns in Service-Oriented Architectures.;245-259;15;Services;
2007;Marc Fisher II,Sebastian G. Elbaum,Gregg Rothermel;Dynamic Characterization of Web Application Interfaces.;260-275;16;Services;
2007;Siavash Mirarab,Ladan Tahvildari;A Prioritization Approach for Software Test Cases Based on Bayesian Networks.;276-290;15;Testing;
2007;Gordon Fraser,Franz Wotawa;Redundancy Based Test-Suite Reduction.;291-305;15;Testing;
2007;Hillel Kugler,Michael J. Stern,E. Jane Albert Hubbard;Testing Scenario-Based Models.;306-320;15;Testing;
2007;Sacha Reis,Andreas Metzger,Klaus Pohl;Integration Testing in Software Product Line Engineering: A Model-Based Technique.;321-335;15;Testing;
2007;Adam Darvas,K. Rustan M. Leino;Practical Reasoning About Invocations and Implementations of Pure Methods.;336-351;16;Analysis;
2007;Marsha Chechik,Mihaela Gheorghiu Bobaru,Arie Gurfinkel;Finding Environment Guarantees.;352-367;16;Analysis;
2007;Ulrike Ranger,Thorsten Hermes;Ensuring Consistency Within Distributed Graph Transformation Systems.;368-382;15;Analysis;
2007;Julia Padberg,Kathrin Hoffmann,Hartmut Ehrig,Tony Modica,Enrico Biermann,Claudia Ermel;Maintaining Consistency in Layered Architectures of Mobile Ad-Hoc Networks.;383-397;15;Analysis;
2007;Derek Mannering,Jon G. Hall,Lucia Rapanotti;Towards Normal Design for Safety-Critical Systems.;398-411;14;Design;
2007;Xin Zhou,Hui Yu;A Clustering-Based Approach for Tracing Object-Oriented Design to Requirement.;412-422;11;Design;
2007;Roberto Erick Lopez-Herrejon,Sven Apel;Measuring and Characterizing Crosscutting in Aspect-Based Programs: Basic Metrics and Case Studies.;423-437;15;Design;
2006;Francisco Curbera;A Programming Model for Service Oriented Applications.;1;1;Invited Contributions;
2006;Carlo Ghezzi;Software Engineering: Emerging Goals and Lasting Problems.;2;1;Invited Contributions;
2006;Dominic Cooney,Marlon Dumas,Paul Roe;GPSL: A Programming Language for Service Implementation.;3-17;15;Distributed Systems;
2006;Jose Luiz Fiadeiro,Antonia Lopes;A Formal Approach to Event-Based Architectures.;18-32;15;Distributed Systems;
2006;Manuel Koch,Karl Pauls;Engineering Self-protection for Autonomous Systems.;33-47;15;Distributed Systems;
2006;Gabriele Taentzer,Giovanni Toffetti Carughi;A Graph-Based Approach to Transform XML Documents.;48-62;15;Orthogonal Process Activities;
2006;Jason Hickey,Aleksey Nogin;: Designing a Scalable Build Process.;63-78;16;Orthogonal Process Activities;
2006;Hajime Iwata,Junko Shirogane,Yoshiaki Fukazawa;Automatic Generation of Tutorial Systems from Development Specification.;79-92;14;Orthogonal Process Activities;
2006;Dwayne Towell,Jason Denton;A Software Implementation Progress Model.;93-106;14;Orthogonal Process Activities;
2006;Therese Berg,Bengt Jonsson,Harald Raffelt;Regular Inference for State Machines with Parameters.;107-121;15;Behavioral Models and State Machines;
2006;Benet Devereux,Marsha Chechik;Automated Support for Building Behavioral Models of Event-Driven Systems.;122-138;17;Behavioral Models and State Machines;
2006;Nigamanth Sridhar,Jason O. Hallstrom;A Behavioral Model for Software Containers.;139-154;16;Behavioral Models and State Machines;
2006;Daniela E. Herlea,Filippo Lanubile,Teresa Mallardo;An Empirical Study of the Impact of Asynchronous Discussions on Remote Synchronous Requirements Meetings.;155-169;15;Empirical Studies;
2006;Krzysztof Sacha;Evaluation of Expected Software Quality: A Customer's Viewpoint.;170-183;14;Empirical Studies;
2006;Robby,Scott A. DeLoach,Valeriy A. Kolesnikov;Using Design Metrics for Predicting System Flexibility.;184-198;15;Empirical Studies;
2006;Luigi Lavazza,Vieri Del Bianco;Combining Problem Frames and UML in the Description of Software Requirements.;199-213;15;Requirements and Design;
2006;Jason O. Hallstrom,Neelam Soundarajan,Benjamin Tyler;Amplifying the Benefits of Design Patterns: From Specification Through Implementation.;214-229;16;Requirements and Design;
2006;Bernd Westphal,Tobe Toben;The Good, the Bad and the Ugly: Well-Formedness of Live Sequence Charts.;230-246;17;Requirements and Design;
2006;Hafedh Mili,Houari A. Sahraoui,Hakim Lounis,Hamid Mcheick,Amal Elkharraz;Concerned About Separation.;247-261;15;Requirements and Design;
2006;Artur Boronat,Jose A. Carsi,Isidro Ramos;Algebraic Specification of a Model Transformation Engine.;262-277;16;Model-Based Development;
2006;Daniel Kob,Franz Wotawa;Fundamentals of Debugging Using a Resolution Calculus.;278-292;15;Model-Based Development;
2006;Hyun Gi Min,Soo Dong Kim;A Technique to Represent and Generate Components in MDA/PIM for Automation.;293-307;15;Model-Based Development;
2006;Long Fei,Kyungwoo Lee,Fei Li,Samuel P. Midkiff;Argus: Online Statistical Bug Detection.;308-323;16;Validation and Verification;
2006;Bernhard K. Aichernig,Carlo Corrales Delgado;From Faults Via Test Purposes to Test Cases: On the Fault-Based Testing of Concurrent Systems.;324-338;15;Validation and Verification;
2006;Koushik Sen,Gul Agha;Automated Systematic Testing of Open Distributed Programs.;339-356;18;Validation and Verification;
2006;Peter Csaba Olveczky,Marco Caccamo;Formal Simulation and Analysis of the CASH Scheduling Algorithm in Real-Time Maude.;357-372;16;Validation and Verification;
2006;Alain Giorgetti,Julien Groslambert;JAG: JML Annotation Generation for Verifying Temporal Properties;373-376;4;Tool Demonstrations;
2006;Harald Raffelt,Bernhard Steffen;LearnLib: A Library for Automata Learning and Experimentation.;377-380;4;Tool Demonstrations;
2006;Murali Krishna Ramanathan,Suresh Jagannathan,Ananth Grama;Trace-Based Memory Aliasing Across Program Versions.;381-395;15;Software Evolution;
2006;Fraser P. Ruffell,Jason W. A. Selby;The Pervasiveness of Global Data in Evolving Software Systems.;396-410;15;Software Evolution;
2006;Reto Geiger,Beat Fluri,Harald Gall,Martin Pinzger;Relation of Code Clones and Change Couplings.;411-425;15;Software Evolution;
2005;Gerard Berry;Esterel v7: From Verified Formal Specification to Efficient Industrial Designs.;1;1;Invited Contributions;
2005;Dirk Beyer,Thomas A. Henzinger,Ranjit Jhala,Rupak Majumdar;Checking Memory Safety with Blast.;2-18;17;Invited Contributions;
2005;Axel Martens;Analyzing Web Service Based Business Processes.;19-33;15;Web Services;
2005;Reiko Heckel,Leonardo Mariani;Automatic Conformance Testing of Web Services.;34-48;15;Web Services;
2005;Hartmut Ehrig,Karsten Ehrig,Juan de Lara Jaramillo,Gabriele Taentzer,Daniel Varro,Szilvia Varro-Gyapay;Termination Criteria for Model Transformation.;49-63;15;Graph Grammars and Graph Transformations;
2005;Gabriele Taentzer,Arend Rensink;Ensuring Structural Constraints in Graph-Based Models with Type Inheritance.;64-79;16;Graph Grammars and Graph Transformations;
2005;Ralf Reussner,Jens Happe,Annegret Habel;Modelling Parametric Contracts and the State Space of Composite Components by Graph Grammars.;80-95;16;Graph Grammars and Graph Transformations;
2005;Homayoun Dayani-Fard,Yijun Yu,John Mylopoulos,Periklis Andritsos;Improving the Build Architecture of Legacy C/C++ Software Systems.;96-110;15;Components;
2005;Genaina Nunes Rodrigues,David S. Rosenblum,Sebastian Uchitel;Using Scenarios to Predict the Reliability of Concurrent Component-Based Software Systems.;111-126;16;Components;
2005;Andreas Leicher,Jorn Guy Suss;Augmenting UML Models for Composition Conflict Analysis.;127-140;14;Components;
2005;Soo Ho Chang,Man Jib Han,Soo Dong Kim;A Tool to Automate Component Clustering and Identification.;141-144;4;Components;
2005;Imed Hammouda,Juha Hautamaki,Mika Pussinen,Kai Koskimies;Managing Variability Using Heterogeneous Feature Variation Patterns.;145-159;15;Product Lines;
2005;Kim Guldstrand Larsen,Ulrik Nyman,Andrzej Wasowski;Color-Blind Specifications for Transformations of Reactive Synchronous Programs.;160-174;15;Product Lines;
2005;Therese Berg,Olga Grinchtein,Bengt Jonsson,Martin Leucker,Harald Raffelt,Bernhard Steffen;On the Correspondence Between Conformance Testing and Regular Inference.;175-189;15;Theory;
2005;David A. Naumann;Observational Purity and Encapsulation.;190-204;15;Theory;
2005;Jose M. Canete,Francisco Jose Galan Morillo;Towards a Theory on the Role of Ontologies in Software Engineering Problem Solving.;205-219;15;Theory;
2005;Marsha Chechik,Arie Gurfinkel;A Framework for Counterexample Generation and Exploration.;220-236;17;Code Understanding and Validation;
2005;Michael Eichberg,Thorsten Schafer,Mira Mezini;Using Annotations to Check Structural Properties of Classes.;237-252;16;Code Understanding and Validation;
2005;Vladimir Jakobac,Alexander Egyed,Nenad Medvidovic;Improving System Understanding via Interactive, Tailorable, Source Code Analysis.;253-268;16;Code Understanding and Validation;
2005;Ganeshan Jayaraman,Venkatesh Prasad Ranganath,John Hatcliff;Kaveri: Delivering the Indus Java Program Slicer to Eclipse.;269-272;4;Code Understanding and Validation;
2005;Arjan J. Mooij,Nicolae Goga,Judi Romijn;Non-local Choice and Beyond: Intricacies of MSC Choice Nodes.;273-288;16;The UML;
2005;Atanas Rountev,Scott Kagan,Jason Sawin;Coverage Criteria for Testing of Object Interactions in Sequence Diagrams.;289-304;16;The UML;
2005;Jan Jurjens,Pasha Shabalin;Tools for Secure Systems Development with UML: Security Analysis with ATPs.;305-309;5;The UML;
2005;Alexander Egyed,Wuwei Shen,Kun Wang;Maintaining Life Perspectives During the Refinement of UML Class Structures.;310-325;16;The UML;
2005;Carlo A. Furia,Matteo Rossi,Dino Mandrioli,Angelo Morzenti;Automated Compositional Proofs for Real-Time Systems.;326-340;15;Automatic Proofs and Provers;
2005;Daniel Hausmann,Till Mossakowski,Lutz Schroder;Iterative Circular Coinduction for CoCasl in Isabelle/HOL.;341-356;16;Automatic Proofs and Provers;
2005;Wojciech Mostowski;Formalisation and Verification of Java Card Security Properties in Dynamic Logic.;357-371;15;Automatic Proofs and Provers;
2004;Serge Abiteboul;Distributed Information Management with XML and Web Services.;1-11;11;;
2004;Gruia-Catalin Roman,Christine Julien,Jamie Payton;A Formal Treatment of Context-Awareness.;12-36;25;;
2004;Alexander Egyed;Consistent Adaptation and Evolution of Class Diagrams during Refinement.;37-53;17;;
2004;Jianjun Zhao,Baowen Xu;Measuring Aspect Cohesion.;54-68;15;;
2004;Tim McComb;Refactoring Object-Z Specifications.;69-83;15;;
2004;Marieke Huisman,Dilian Gurov,Christoph Sprenger,Gennady Chugunov;Checking Absence of Illicit Applet Interactions: A Case Study.;84-98;15;;
2004;Gilles Barthe,Guillaume Dufay;A Tool-Assisted Framework for Certified Bytecode Verification.;99-113;15;;
2004;Engelbert Hubbers,Erik Poll;Reasoning about Card Tears and Transactions in Java Card.;114-128;15;;
2004;Robert Chatley,Susan Eisenbach,Jeffrey Kramer,Jeff N. Magee,Sebastian Uchitel;Predictable Dynamic Plugin Systems.;129-143;15;;
2004;Georg Jung,John Hatcliff,Venkatesh Prasad Ranganath;A Correlation Framework for the CORBA Component Model.;144-159;16;;
2004;Adam Childs,Jesse Greenwald,Venkatesh Prasad Ranganath,Xianghua Deng,Matthew B. Dwyer,John Hatcliff,Georg Jung,Prashant Shanti,Gurdip Singh;Cadena: An Integrated Development Environment for Analysis, Synthesis, and Verification of Component-Based Systems.;160-164;5;;
2004;Ruth Breu,Gerhard Popp;Actor-Centric Modeling of User Rights.;165-179;15;;
2004;Dae-Kyoo Kim,Indrakshi Ray,Robert B. France,Na Li;Modeling Role-Based Access Control Using Parameterized UML Models.;180-193;14;;
2004;Laura Bocchi;Compositional Nested Long Running Transactions.;194-208;15;;
2004;Daniel Moldt,Jan Ortmann;DaGen: A Tool for Automatic Translation from DAML-S to High-Level Petri Nets.;209-213;5;;
2004;Roswitha Bardohl,Hartmut Ehrig,Juan de Lara Jaramillo,Gabriele Taentzer;Integrating Meta-modelling Aspects with Graph Transformation for Efficient Visual Language Definition and Model Manipulation.;214-228;15;;
2004;Gregoire Hamon,John M. Rushby;An Operational Semantics for Stateflow.;229-243;15;;
2004;Christine Choppy,Gianna Reggio;Improving Use Case Based Requirements Using Formally Grounded Specifications.;244-260;17;;
2004;Islam A. M. El-Maddah,Thomas Stephen Edward Maibaum;The GOPCSD Tool: An Integrated Development Environment for Process Control Requirements and Design.;261-266;6;;
2004;Haifeng He,Neelam Gupta;Automated Debugging Using Path-Based Weakest Preconditions.;267-280;14;;
2004;Yves Ledru,Lydie du Bousquet,Olivier Maury,Pierre Bontron;Filtering TOBIAS Combinatorial Test Suites.;281-294;14;;
2004;Henry Muccini,Marcio S. Dias,Debra J. Richardson;Systematic Testing of Software Architectures in the C2 Style.;295-309;15;;
2004;Peter Saffrey,Muffy Thomas;Optimising Communication Structure for Model Checking.;310-323;14;;
2004;Fei Xie,Vladimir Levin,Robert P. Kurshan,James C. Browne;Translating Software Designs for Model Checking.;324-338;15;;
2004;Carlo Ghezzi,Vincenzo Martena,Gian Pietro Picco;Enhancing Remote Method Invocation through Type-Based Static Analysis.;339-353;15;;
2004;Peter Csaba Olveczky,Jose Meseguer;Specification and Analysis of Real-Time Systems Using Real-Time Maude.;354-358;5;;
2004;Si Won Choi,Soo Ho Chang,Soo Dong Kim;A Systematic Methodology for Developing Component Frameworks.;359-373;15;;
2004;Ioana Sora,Vladimir-Ioan Cretu,Pierre Verbaeten,Yolande Berbers;Automating Decisions in Component Composition Based on Propagation of Requirements.;374-388;15;;
2003;Michal Young;Symbiosis of Static Analysis and Program Testing.;1-5;5;Keynote;
2003;Claus Pahl;An Ontology for Software Component Matching.;6-21;16;Software Components;
2003;Ioana Sora,Pierre Verbaeten,Yolande Berbers;A Description Language For Composable Components.;22-36;15;Software Components;
2003;Nazareno Aguirre,Thomas Stephen Edward Maibaum;A Logical Basis for the Specification of Reconfigurable Component-Based Systems.;37-51;15;Software Components;
2003;Clemens Reichmann,Markus Kuhl,Klaus D. Muller-Glaser;An Overall System Design Approach Doing Object-Oriented Modeling to Code-Generation for Embedded Electronic Systems.;52-66;15;Software Components;
2003;Pascal Fenkam,Harald Gall,Mehdi Jazayeri;Composing Specifications of Event Based Applications.;67-86;20;Mobile Computing;
2003;Stephan Merz,Martin Wirsing,Julia Zappe;A Spatio-Temporal Logic for the Specification and Refinement of Mobile Systems.;87-101;15;Mobile Computing;
2003;David Scott,Alastair R. Beresford,Alan Mycroft;Spatial Security Policies for Mobile Agents in a Sentient Computing Environment.;102-117;16;Mobile Computing;
2003;Vieri Del Bianco,Luigi Lavazza,Marco Mauri,Giuseppe Occorso;Towards UML-Based Formal Specifications of Component-Based Real-Time Software.;118-134;17;Aspect and Object-Oriented Programming;
2003;Jennifer Tenzer,Perdita Stevens;Modelling Recursive Calls with UML State Diagrams.;135-149;15;Aspect and Object-Oriented Programming;
2003;Jianjun Zhao,Martin C. Rinard;Pipa: A Behavioral Interface Specification Language for AspectJ.;150-165;16;Aspect and Object-Oriented Programming;
2003;Wim Vanderperren,Davy Suvee,Bart Wydaeghe,Viviane Jonckers;PacoSuite and JAsCo: A Visual Component Composition Environment with Advanced Aspect Separation Features.;166-169;4;Aspect and Object-Oriented Programming;
2003;Reiko Heckel,Marc Lohmann;Model-Based Development of Web Applications Using Graphical Reaction Rules.;170-183;14;Distributed and Web Applications;
2003;Yan Jin,Robert Esser,Charles Lakos,Jorn W. Janneck;Modular Analysis of Dataflow Process Networks.;184-199;16;Distributed and Web Applications;
2003;Sandro Morasca;Foundations of a Weak Measurement-Theoretic Approach to Software Measurement.;200-215;16;Software Measurements;
2003;Pierre Kelsen;An Information-Based View of Representational Coupling in Object-Oriented Systems.;216-230;15;Software Measurements;
2003;Marcin Kubica;A Temporal Approach to Specification and Verification of Pointer Data-Structures.;231-245;15;Formal Verification;
2003;Bernhard Beckert,Wojciech Mostowski;A Program Logic for Handling JAVA CARD's Transaction Mechanism.;246-260;15;Formal Verification;
2003;Lutz Schroder,Till Mossakowski;Monad-Independent Hoare Logic in HASCASL.;261-277;17;Formal Verification;
2003;Manuel Koch,Francesco Parisi-Presicce;Visual Specifications of Policies and Their Verification.;278-293;16;Formal Verification;
2003;Angelo Gargantini,Elvinia Riccobene;Automatic Model Driven Animation of SCR Specifications.;294-309;16;Analysis and Testing;
2003;Anita Goel,S. C. Gupta,Siri Krishan Wasan;Probe Mechanism for Object-Oriented Software Testing.;310-324;15;Analysis and Testing;
2003;Natasha Sharygina,James C. Browne;Model Checking Software via Abstraction of Loop Transitions.;325-340;16;Analysis and Testing;
2003;Christian Attiogbe,Pascal Poizat,Gwen Salaun;Integration of Formal Datatypes within State Diagrams.;341-355;15;Model Integrations and Extensions;
2003;Giuseppe Della Penna,Antinisca Di Marco,Benedetto Intrigila,Igor Melatti,Alfonso Pierantonio;Xere: Towards a Natural Interoperability between XML and ER Diagrams.;356-371;16;Model Integrations and Extensions;
2003;Henry Muccini;Detecting Implied Scenarios Analyzing Non-local Branching Choices.;372-386;15;Model Integrations and Extensions;
2003;Ingolf Kruger;Capturing Overlapping, Triggered, and Preemptive Collaborations Using MSCs.;387-402;16;Model Integrations and Extensions;
2002;Michel Charpentier;An Approach to Composition Motivated by wp.;1-14;14;Formal Frameworks;
2002;Gilles Barthe,Dilian Gurov,Marieke Huisman;Compositional Verification of Secure Applet Interactions.;15-32;18;Formal Frameworks;
2002;Hartmut Ehrig,Fernando Orejas,Benjamin Braatz,Markus Klein,Martti Piirainen;A Generic Component Framework for System Modeling.;33-48;16;Formal Frameworks;
2002;Antonio Cerone;Implementing Condition/Event Nets in the Circal Process Algebra.;49-63;15;Model and Program Analysis;
2002;Fei Xie,James C. Browne;Integrated State Space Reduction for Model Checking Executable Object-Oriented Software System Designs.;64-79;16;Model and Program Analysis;
2002;Andreas Hagerer,Hardi Hungar,Oliver Niese,Bernhard Steffen;Model Generation by Moderated Regular Extrapolation.;80-95;16;Model and Program Analysis;
2002;Sumit Kumar,Susan Horwitz;Better Slicing of Programs with Jumps and Switches.;96-112;17;Model and Program Analysis;
2002;Marco Bernardo,Francesco Franze;Architectural Types Revisited: Extensible And/Or Connections.;113-127;15;Architecture Descriptions;
2002;Virginia C. Carneiro de Paula,Thais Vasconcelos Batista;Mapping an ADL to a Component-Based Application Development Environment.;128-142;15;Architecture Descriptions;
2002;Mariano Belaunde,Mikael Peltier;From EDOC Components to CCM Components: A Precise Mapping Specification.;143-158;16;Architecture Descriptions;
2002;Tony Clark,Andy Evans,Stuart Kent;Engineering Modelling Languages: A Precise Meta-Modelling Approach.;159-173;15;Meta-Models;
2002;Juan de Lara Jaramillo,Hans Vangheluwe;AToM3: A Tool for Multi-formalism and Meta-modelling.;174-188;15;Meta-Models;
2002;Luciano Baresi,Mauro Pezze;A Toolbox for Automating Visual Software Engineering.;189-202;14;Meta-Models;
2002;Julian C. Bradfield,Juliana Kuster Filipe Bowles,Perdita Stevens;Enriching OCL Using Observational Mu-Calculus.;203-217;15;Formal Approaches towards UML;
2002;Alexandre David,M. Oliver Moller,Wang Yi 0001;Formal Verification of UML Statecharts with Real-Time Extensions.;218-232;15;Formal Approaches towards UML;
2002;Reiner Hahnle,Kristofer Johannisson,Aarne Ranta;An Authoring Tool for Informal and Formal Requirements Specifications.;233-248;16;Requirements Engineering;
2002;Felix Bubl;Introducing Context-Based Constraints.;249-263;15;Requirements Engineering;
2002;Andreas Nonnengart,Georg Rock,Werner Stephan;Formal Requirements Engineering Using Observer Models.;264-278;15;Requirements Engineering;
2002;Oscar Lopez,Miguel A. Laguna,Francisco Jose Garcia Penalvo;Automatic Generation of Use Cases from Workflows: A Petri Net Based Approach.;279-293;15;Requirements Engineering;
2002;Luciano Baresi,Franca Garzotto,Luca Mainetti,Paolo Paolini;Meta-modeling Techniques Meet Web Application Design Tools.;294-307;14;Requirements Engineering;
2002;Antonio Navarro,Baltasar Fernandez-Manjon,Alfredo Fernandez-Valmayor,Jose Luis Sierra-Rodriguez;Formal-Driven Conceptualization and Prototyping of Hypermedia Applications.;308-322;15;Requirements Engineering;
2002;Joao Gouveia,Georgios Koutsoukos,Michel Wermelinger,Luis Filipe Andrade,Jose Luiz Fiadeiro;The Coordination Development Environment.;323-326;4;Tool Demonstration;
2002;Wolfgang Ahrendt,Thomas Baar,Bernhard Beckert,Martin Giese,Elmar Habermalz,Reiner Hahnle,Wolfram Menzel,Wojciech Mostowski,Peter H. Schmitt;The KeY System: Integrating Object-Oriented Design and Formal Methods.;327-330;4;Tool Demonstration;
2002;Fei Xie,Vladimir Levin,James C. Browne;ObjectCheck: A Model Checking Tool for Executable Object-Oriented Software System Designs.;331-335;5;Tool Demonstration;
2002;Andreas Hagerer,Hardi Hungar,Tiziana Margaria-Steffen,Oliver Niese,Bernhard Steffen,Hans-Dieter Ide;Demonstration of an Operational Procedure for the Model-Based Testing of CTI Systems.;336-340;5;Tool Demonstration;
2001;Bran Selic;Physical Programming: Beyond Mere Logic.;1;1;Invited Paper;
2001;Richard F. Paige,Jonathan S. Ostroff;Metamodelling and Conformance Checking with PVS.;2-16;15;Metamodelling;
2001;Tony Clark,Andy Evans,Stuart Kent;The Metamodelling Language Calculus: Foundation Semantics for UML.;17-31;15;Metamodelling;
2001;Ralf Pinger,Hans-Dieter Ehrich;Compositional Checking of Communication among Observers.;32-44;13;Distributed Components;
2001;Joy N. Reed,Jane Sinclair;Combining Independent Specifications.;45-59;15;Distributed Components;
2001;Paola Inverardi,Sebastian Uchitel;Proving Deadlock Freedom in Component-Based Programming.;60-75;16;Distributed Components;
2001;Rik Eshuis,Roel Wieringa;A Real-Time Execution Semantics for UML Activity Diagrams.;76-90;15;UML;
2001;Clemens Fischer,Ernst-Rudiger Olderog,Heike Wehrheim;A CSP View on UML-RT Structure Diagrams.;91-108;18;UML;
2001;Reiko Heckel,Stefan Sauer;Strengthening UML Collaboration Diagrams by State Transformations.;109-123;15;UML;
2001;Christine Choppy,Pascal Poizat,Jean-Claude Royer;Specification of Mixed Systems in KORRIGAN with the Support of a UML-Inspired Graphical Notation.;124-139;16;UML;
2001;Perdita Stevens;On Use Cases and Their Relationships in the Unified Modelling Language.;140-155;16;UML;
2001;Francis Bordeleau,Jean-Pierre Corriveau;On the Importance of Inter-scenario Relationships in Hierarchical State Machine Design.;156-170;15;UML;
2001;Gianna Reggio,Maura Cerioli,Egidio Astesiano;Towards a Rigorous Semantics of UML Supporting Its Multiview Approach.;171-186;16;UML;
2001;Jan Jurjens;Towards Development of Secure Systems Using UMLsec.;187-200;14;UML;
2001;Ralf Lammel;Grammar Testing.;201-216;16;Testing;
2001;Alexey Loginov,Suan Hsi Yong,Susan Horwitz,Thomas W. Reps;Debugging via Run-Time Type Checking.;217-232;16;Testing;
2001;Oliver Niese,Bernhard Steffen,Tiziana Margaria-Steffen,Andreas Hagerer,Georg Brune,Hans-Dieter Ide;Library-Based Design and Consistency Checking of System-Level Industrial Test Cases.;233-248;16;Testing;
2001;Oliver Niese,Markus Nagelmann,Andreas Hagerer,Klaus Kolodziejczyk-Strunck,Werner Goerigk,Andrei Erochok,Bernhard Hammelmann;Demonstration of an Automated Integrated Testing Environment for CTI Systems.;249-252;4;Testing;
2001;Lutz Schroder,Till Mossakowski,Andrzej Tarlecki,Bartek Klin,Piotr Hoffman;Semantics of Architectural Specifications in CASL.;253-268;16;Formal Methods;
2001;Till Mossakowski,Serge Autexier,Dieter Hutter;Extending Development Graphs with Hiding.;269-283;15;Formal Methods;
2001;Bart Jacobs,Erik Poll;A Logic for the Java Modeling Language JML.;284-299;16;Formal Methods;
2001;Bernhard Reus,Martin Wirsing,Rolf Hennicker;A Hoare Calculus for Verifying Java Realizations of OCL-Constrained Design Models.;300-317;18;Formal Methods;
2001;Natasha Sharygina,James C. Browne,Robert P. Kurshan;A Formal Object-Oriented Analysis for Software Reliability: Design for Verification.;318-332;15;Case Studies;
2001;Peter Csaba Olveczky,Mark Keaton,Jose Meseguer,Carolyn L. Talcott,Steve Zabele;Specification and Analysis of the AER/NCA Active Network Protocol Suite in Real-Time Maude.;333-348;16;Case Studies;
2000;Wladyslaw M. Turski;Essay on Software Engineering at the Turn of Century.;1-20;20;Invited Papers;
2000;Richard Mark Soley;Memex Is Not Enough.;21;1;Invited Papers;
2000;David Harel;From Play-In Scenarios to Code: An Achievable Dream.;22-34;13;Invited Papers;
2000;Paul Z. Kolano,Richard A. Kemmerer,Dino Mandrioli;Parallel Refinement Mechanisms for Real-Time Systems.;35-50;16;Real-Time Systems;
2000;Carsten Suhl;Applying RT-Z to Develop Safety-Critical Systems.;51-65;15;Real-Time Systems;
2000;Henning Dierks;A Process Algebra for Real-Time Programs.;66-81;16;Real-Time Systems;
2000;Giovanna Dondossola,Oliver Botti;System Fault Tolerance Specification: Proposal of a Method Combining Semi-formal and Formal Approaches.;82-96;15;Formally Engineering Systems;
2000;Kevin Lano,Kelly Androutsopoulos,David Clark;Structuring and Design of Reactive Systems Using RSDS and B.;97-111;15;Formally Engineering Systems;
2000;Matthias Anlauff,Philipp W. Kutter,Alfonso Pierantonio,Asuman Sunbul;Using Domain-Specific Languages for the Realization of Component Composition.;112-126;15;Formally Engineering Systems;
2000;Gianna Reggio,Egidio Astesiano,Christine Choppy,Heinrich Hussmann;Analysing UML Active Classes and Associated State Machines - A Lightweight Formal Approach.;127-146;20;Software Engineering;
2000;Jose Hernandez-Orallo,Maria Jose Ramirez;Software as Learning: Quality Factors and Life-Cycle Revised.;147-162;16;Software Engineering;
2000;Hidetaka Kondoh;What Is `Mathematicalness' in Software Engineering?;163-177;15;Software Engineering;
2000;Alexander Egyed,Nenad Medvidovic;A Formal Approach to Heterogeneous Software Modeling.;178-192;15;Software Engineering;
2000;Gunnar Overgaard;Formal Specification of Object-Oriented Meta-modelling.;193-207;15;Object Orientation;
2000;Kees Huizing,Ruurd Kuiper;Verification of Object Oriented Programs Using Class Invariants.;208-221;14;Object Orientation;
2000;Pablo Gruer,Vincent Hilaire,Abderrafiaa Koukam;Verification of Object-Z Specifications by Using Transition Systems: Application to the Radiomobile Network Design Problem.;222-236;15;Object Orientation;
2000;Torsten Nelson,Donald D. Cowan,Paulo S. C. Alencar;A Model for Describing Object-Oriented Systems from Multiple Perspectives.;237-248;12;Object Orientation;
2000;Julia Padberg,Kathrin Hoffmann,Magdalena Gajewsky;Stepwise Introduction and Preservation of Safety Properties in Algebraic High-Level Net Systems.;249-265;17;Formallz Engineering Systems;
2000;Francoise Bellegarde-Webb,Jacques Julliand,Olga Kouchnarenko;Ready-Simulation Is Not Ready to Express a Modular Refinement Relation.;266-283;18;Theory and Applications;
2000;Marieke Huisman,Bart Jacobs;Java Program Verification via a Hoare Logic with Abrupt Termination.;284-303;20;Theory and Applications;
2000;Francesco Parisi-Presicce,Alexander L. Wolf;Foundations for Software Configuration Management Policies Using Graph Transformations.;304-318;15;Theory and Applications;
2000;Pascal Fradet,Valerie Issarny,Siegfried Rouvrais;Analyzing Non-functional Properties of Mobile Agents.;319-333;15;Theory and Applications;
2000;Heike Wehrheim;Specification of an Automatic Manufacturing System: A Case Study in Using Integrated Formal Methods.;334-348;15;Case Studies;
2000;Thomas Hune,Anders Sandholm;A Case Study on Using Automata in Control Synthesis.;349-362;14;Case Studies;
2000;Michael Balser,Wolfgang Reif,Gerhard Schellhorn,Kurt Stenzel,Andreas Thums;Formal System Development with KIV.;363-366;4;Demonstrations;
2000;Christoph Luth,Burkhart Wolff;More About TAS and IsaWin - Tools for Formal Program Development.;367-370;4;Demonstrations;
2000;Manuel Clavel,Francisco Duran,Steven Eker,Patrick Lincoln,Narciso Marti-Oliet,Jose Meseguer,Jose F. Quesada;Using Maude.;371-374;4;Demonstrations;
1999;Arie van Deursen,Paul Klint,Chris Verhoef;Research Issues in the Renovation of Legacy Systems.;1-21;21;Invited Tutorial;
1999;Herbert Weber;Continuous Engineering of Information and Communication Infrastructures (Extended Abstract).;22-29;8;Invited Paper;
1999;Davide Ancona,Maura Cerioli,Elena Zucca;A Formal Framework with Late Binding.;30-44;15;Contributed Papers;
1999;Candida Attanasio,Flavio Corradini,Paola Inverardi;Yet Another Real-Time Specification for the Steam Boiler: Local Clocks to Statically Measure Systems Performance.;45-59;15;Contributed Papers;
1999;Roberto Bruni,Jose Meseguer,Ugo Montanari;Executable Tile Specifications for Process Calculi.;60-76;17;Contributed Papers;
1999;Eva Coscia,Gianna Reggio;JTN: A Java-Targeted Graphic Formal Notation for Reactive and Concurrent Systems.;77-97;21;Contributed Papers;
1999;Wan Fokkink,Chris Verhoef;Conservative Extension in Positive/Negative Conditional Term Rewriting with Applications to Software Renovation Factories.;98-113;16;Contributed Papers;
1999;Marie-Claude Gaudel,Carole Khoury,Alexandre V. Zamulin;Dynamic Systems with Implicit State.;114-128;15;Contributed Papers;
1999;Kevin Lano,Andy Evans;Rigorous Development in UML.;129-144;16;Contributed Papers;
1999;Antonia Lopes,Jose Luiz Fiadeiro;Using Explicit State to Describe Architechtures.;144-160;17;Contributed Papers;
1999;Markus Muller-Olm,Bernhard Steffen,Rance Cleaveland;On the Evolution of Reactive Components: A Process-Algebraic Approach.;161-175;15;Contributed Papers;
1999;Valery A. Nepomniaschy;Verification of Definite Iteration over Hierarchical Data Structures.;176-187;12;Contributed Papers;
1999;Tobias Nipkow,Leonor Prensa Nieto;Owicki/Gries in Isabelle/HOL.;188-203;16;Contributed Papers;
1999;Chiara Nottegar,Corrado Priami,Pierpaolo Degano;Semantic-Driven Performance Evaluation (Extended Abstract).;204-218;15;Contributed Papers;
1999;Josef Tapken;Implementing Hierarchical Graph-Structures.;219-233;15;Contributed Papers;
1999;Lynne Blair,Trevor Jones,Gordon S. Blair;A Tool Suite for Multi-paradigm Specification.;234-238;5;Demos;
1999;Christoph Luth,Haykal Tej,Kolyang,Bernd Krieg-Bruckner;TAS and IsaWin: Tools for Transformational Program Development and Theorem Proving.;239-243;5;Demos;
1998;Kent Beck;Extreme Programming: A Humanistic Discipline of Software Development.;1-6;6;Invited Papers;
1998;Clifford B. Jones;Some Mistakes I Have and What I Have Learned from Them.;7-20;14;Invited Papers;
1998;Robert Allen,Remi Douence,David Garlan;Specifying and Analyzing Dynamic Software Architectures.;21-37;17;Contributed Papers;
1998;Narjes Berregeb,Adel Bouhoula,Michael Rusinowitch;Observational Proofs with Critical Contexts.;38-53;16;Contributed Papers;
1998;Steven Bradley,William Henderson,David Kendall,Adrian Robson;Integrating AORTA with Model-Based Data Specification Languages.;54-70;17;Contributed Papers;
1998;Robert Bussow,Robert Geisler,Marcus Klar;Specifying Safety-Critical Embedded Systems with Statecharts and Z: A Case Study.;71-87;17;Contributed Papers;
1998;Wolfgang Grieskamp,Maritta Heisel,Heiko Dorr;Specifying Embedded Systems with Staecharts and Z: An Agenda for Cyclic Software Components.;88-106;19;Contributed Papers;
1998;Martin Grosse-Rhode;Algebra Transformation Systems and their Composition.;107-122;16;Contributed Papers;
1998;Ali Hamie,John Howse,Stuart Kent;Navigation Expresion in Object-Oriented Modelling.;123-137;15;Contributed Papers;
1998;Reiko Heckel;Compositional Verification of Reactive Systems Specified by Graph Transformation.;138-153;16;Contributed Papers;
1998;Stefan Kahrs,Donald Sannella;Reflections on the Design of a Specification language.;154-170;17;Contributed Papers;
1998;Ulrike Lechner;Constructs, Concepts and Criteria for Reuse in Concurrent Object-Oriented languages.;171-187;17;Contributed Papers;
1998;Tiziana Margaria-Steffen,Bernhard Steffen;Backtracking-Free Design Planning by Automatic Synthesis in METAFrame.;188-204;17;Contributed Papers;
1998;Alexandre Mota,Augusto Sampaio;Model-Checking CSP-Z.;205-220;16;Contributed Papers;
1998;Julia Padberg,Magdalena Gajewsky,Claudia Ermel;Rule-Based Refinement of High-Level Nets Preserving Safety Properties.;221-238;18;Contributed Papers;
1998;Joy N. Reed,D. M. Jackson,B. Deianov,George M. Reed;Automated Formal Analysis of Networks: FDR Models of Arbitrary Topologies and Flow-Control Mechanisms.;239-254;16;Contributed Papers;
1998;Hanne Riis Nielson,Torben Amtoft Hansen,Flemming Nielson;Behaviour Analysis and Safety Conditions: A Case Study in CML.;255-269;15;Contributed Papers;
1998;Anders Sandholm,Michael I. Schwartzbach;Distributed Safety Controllers for Web Services.;270-284;15;Contributed Papers;
1998;Peter Scholz;A Refinement Calculus for Statecharts.;285-301;17;Contributed Papers;
1998;Bettina Sucrow;Refining Formal Specifications of Human Computer Interaction by Graph Rewrite Rules.;302-317;16;Demos;
1998;Ralf Behnke,Rudolf Berghammer,Erich Meyer,Peter Schneider;RELVIEW - A System for Calculating With Relations and Relational Programming.;318-321;4;Demos;
1998;Eric Dubois 0001;ALBERT: A Formal Language and Its Supporting Tools for Requirements Engineering.;322-325;4;Demos;
1998;Josef Tapken;MOBY/PLC - A Design Tool for Hierarchical Real-Time Automata.;326-329;4;Demos;
