2012;Keith Gallagher,Cem Caner,Jenifer Deignan;The Law and Reverse Engineering.;3-4;2;;
2012;Alberto Bacchelli,Nicolas Bettenburg,Latifa Guerrouj;"Workshop on Mining Unstructured Data (MUD) ... Because ""Mining Unstructured Data is Like Fishing in Muddy Waters""!";5-6;2;;
2012;Andrew R. Bernat,Barton P. Miller;Structured Binary Editing with a CFG Transformation Algebra.;9-18;10;;
2012;Marco Trudel,Carlo A. Furia,Martin Nordio,Bertrand Meyer,Manuel Oriol;C to O-O Translation: Beyond the Easy Stuff.;19-28;10;;
2012;Frens Vonken,Andy Zaidman;Refactoring with Unit Testing: A Match Made in Heaven?;29-38;10;;
2012;Joel Ossher,Hitesh Sajnani,Cristina Videira Lopes;Astra: Bottom-up Construction of Structured Artifact Repositories.;41-50;10;;
2012;Lukas Durfina,Jakub Kroustek,Petr Zemek,Bretislav Kabele;Detection and Recovery of Functions and their Arguments in a Retargetable Decompiler.;51-60;10;;
2012;Johannes Kinder;Towards Static Analysis of Virtualization-Obfuscated Binaries.;61-70;10;;
2012;Andrea Capiluppi,Paolo Falcarin,Cornelia Boldyreff;Code Defactoring: Evaluating the Effectiveness of Java Obfuscations.;71-80;10;;
2012;Dan Han,Chenlei Zhang,Xiaochao Fan,Abram Hindle,Kenny Wong,Eleni Stroulia;Understanding Android Fragmentation with Topic Analysis of Vendor-Specific Bugs.;83-92;10;;
2012;Daniela Steidl,Benjamin Hummel,Elmar Jurgens;Using Network Analysis for Recommendation of Central Software Classes.;93-102;10;;
2012;Latifa Guerrouj,Philippe Galinier,Yann-Gael Gueheneuc,Giuliano Antoniol,Massimiliano Di Penta;TRIS: A Fast and Accurate Identifiers Splitting and Expansion Algorithm.;103-112;10;;
2012;Janardan Misra,K. M. Annervaz,Vikrant S. Kaulgud,Shubhashis Sengupta,Gary Titus;Software Clustering: Unifying Syntactic and Semantic Features.;113-122;10;;
2012;Steven Davies,Marc Roper,Murray Wood;Using Bug Report Similarity to Enhance Bug Localisation.;125-134;10;;
2012;Soumaya Medini,Giuliano Antoniol,Yann-Gael Gueheneuc,Massimiliano Di Penta,Paolo Tonella;SCAN: An Approach to Label and Relate Execution Trace Segments.;135-144;10;;
2012;Yinxing Xue,Zhenchang Xing,Stanislaw Jarzabek;Feature Location in a Collection of Product Variants.;145-154;10;;
2012;Celal Ziftci,Ingolf Krueger;Feature Location Using Data Mining on Existing Test-Cases.;155-164;10;;
2012;Kunihiro Noda,Takashi Kobayashi,Kiyoshi Agusa;Execution Trace Abstraction Based on Meta Patterns Usage.;167-176;10;;
2012;Mona Erfani Joorabchi,Ali Mesbah;Reverse Engineering iOS Mobile Applications.;177-186;10;;
2012;Tiago Espinha,Andy Zaidman,Hans-Gerhard Gross;Understanding the Runtime Topology of Service-Oriented Systems.;187-196;10;;
2012;Anushri Jana,Ravindra Naik;Precise Detection of Uninitialized Variables Using Dynamic Analysis - Extending to Aggregate and Vector Types.;197-201;5;;
2012;Ferdian Thung,David Lo,Lingxiao Jiang;Automatic Defect Categorization.;205-214;10;;
2012;Yuan Tian,David Lo,Chengnian Sun;Information Retrieval Based Nearest Neighbor Classification for Fine-Grained Bug Severity Prediction.;215-224;10;;
2012;Feng Zhang,Foutse Khomh,Ying Zou,Ahmed E. Hassan;An Empirical Study on Factors Impacting Bug Fixing Time.;225-234;10;;
2012;Surafel Lemma Abebe,Venera Arnaoudova,Paolo Tonella,Giuliano Antoniol,Yann-Gael Gueheneuc;Can Lexicon Bad Smells Improve Fault Prediction?;235-244;10;;
2012;Francois Gauthier,Ettore Merlo;Fast Detection of Access Control Vulnerabilities in PHP Applications.;247-256;10;;
2012;Joao Brunet,Roberto Almeida Bittencourt,Dalton Serey Guerrero,Jorge Cesar Abrantes de Figueiredo;On the Evolutionary Nature of Architectural Violations.;257-266;10;;
2012;Radu Vanciu,Marwan Abi-Antoun;Ownership Object Graphs with Dataflow Edges.;267-276;10;;
2012;Simon Allier,Nicolas Anquetil,Andre Hora,Stephane Ducasse;A Framework to Compare Alert Ranking Algorithms.;277-285;9;;
2012;Cedric Teyton,Jean-Remy Falleri,Xavier Blanc;Mining Library Migration Graphs.;289-298;10;;
2012;Anthony Cleve,Jean-Luc Hainaut;What Do Foreign Keys Actually Mean?;299-307;9;;
2012;Makoto Ichii,Tomoyuki Myojin,Yuichiroh Nakagawa,Masaki Chikahisa,Hideto Ogawa;A Rule-based Automated Approach for Extracting Models from Source Code.;308-317;10;;
2012;Natalia Negara,Eleni Stroulia;Automated Acceptance Testing of JavaScript Web Applications.;318-322;5;;
2012;Thierry Lavoie,Foutse Khomh,Ettore Merlo,Ying Zou;Inferring Repository File Structure Modifications Using Nearest-Neighbor Clone Detection.;325-334;10;;
2012;Jean-Marie Favre,Ralf Lammel,Martin Leinberger,Thomas Schmorleiz,Andrei Varanovich;Linking Documentation and Source Code in a Software Chrestomathy.;335-344;10;;
2012;Ghizlane El-Boussaidi,Alvine Boaye Belle,Stephane Vaucher,Hafedh Mili;Reconstructing Architectural Views from Legacy Systems.;345-354;10;;
2012;Armijn Hemel,Rainer Koschke;Reverse Engineering Variability in Source Code Using Clone Detection: A Case Study for Linux Variants of Consumer Electronic Devices.;357-366;10;;
2012;Nariman Ammar,Marwan Abi-Antoun;Empirical Evaluation of Diagrams of the Run-time Structure for Coding Tasks.;367-376;10;;
2012;Saleh M. Alnaeli,Abdulkareem Alali,Jonathan I. Maletic;Empirically Examining the Parallelizability of Open Source Software System.;377-386;10;;
2012;Tomoya Ishihara,Keisuke Hotta,Yoshiki Higo,Hiroshi Igaki,Shinji Kusumoto;Inter-Project Functional Clone Detection Toward Building Libraries - An Empirical Study on 13, 000 Projects.;387-391;5;;
2012;Chon Ju Kim,Phyllis Frankl;AQUA: Android QUery Analyzer.;395-404;10;;
2012;Farouq Al-Omari,Iman Keivanloo,Chanchal Kumar Roy,Juergen Rilling;Detecting Clones Across Microsoft .NET Programming Languages.;405-414;10;;
2012;Dawei Qi,William N. Sumner,Feng Qin,Mai Zheng,Xiangyu Zhang,Abhik Roychoudhury;Modeling Software Execution Environment.;415-424;10;;
2012;Hakam W. Alomari,Michael L. Collard,Jonathan I. Maletic;A Very Efficient and Scalable Forward Static Slicing Approach.;425-434;10;;
2012;Daniele Romano,Paulius Raila,Martin Pinzger,Foutse Khomh;Analyzing the Impact of Antipatterns on Change-Proneness Using Fine-Grained Source Code Changes.;437-446;10;;
2012;Olga Baysal,Oleksii Kononenko,Reid Holmes,Michael W. Godfrey;The Secret Life of Patches: A Firefox Case Study.;447-455;9;;
2012;Feng Zhang,Foutse Khomh,Ying Zou,Ahmed E. Hassan;An Empirical Study of the Effect of File Editing Patterns on Software Quality.;456-465;10;;
2012;Abdou Maiga,Nasir Ali,Neelesh Bhattacharya,Aminata Sabane,Yann-Gael Gueheneuc,Esma Aimeur;SMURF: A SVM-based Incremental Anti-pattern Detection Approach.;466-475;10;;
2012;Oscar Chaparro,Jairo Aponte,Fernando Ortega,Andrian Marcus;Towards the Automatic Extraction of Structural Business Rules from Legacy Databases.;479-488;10;;
2012;Miguel Garzon,Timothy Lethbridge;Exploring How to Develop Transformations and Tools for Automated Umplification.;491-494;4;;
2012;Hamoud I. Aljamaan,Timothy Lethbridge;Towards Tracing at the Model Level.;495-498;4;;
2012;Marco Trudel,Carlo A. Furia,Martin Nordio;Automatic C to O-O Translation with C2Eiffel.;501-502;2;;
2012;Markus von Detten;Archimetrix: A Tool for Deficiency-Aware Software Architecture Reconstruction.;503-504;2;;
2012;Brendan Cleary,Margaret-Anne D. Storey,Laura Chan,Martin Salois,Frederic Painchaud;ATLANTIS - Assembly Trace Analysis Environment.;505-506;2;;
2012;Elian Angius,Rene Witte;OpenTrace: An Open Source Workbench for Automatic Software Traceability Link Recovery.;507-508;2;;
2011;Yoshiki Higo,Yasushi Ueda,Minoru Nishino,Shinji Kusumoto;Incremental Code Clone Detection: A PDG-based Approach.;3-12;10;;
2011;Md. Sharif Uddin,Chanchal Kumar Roy,Kevin A. Schneider,Abram Hindle;On the Effectiveness of Simhash for Detecting Near-Miss Clones in Large Scale Software Systems.;13-22;10;;
2011;Iman Keivanloo,Juergen Rilling,Philippe Charland;Internet-scale Real-time Code Clone Search Via Multi-level Indexing.;23-27;5;;
2011;Yu Kashima,Yasuhiro Hayase,Norihiro Yoshida,Yuki Manabe,Katsuro Inoue;An Investigation into the Impact of Software Licenses on Copy-and-paste Reuse among OSS Projects.;28-32;5;;
2011;Xiaoran Wang,Lori L. Pollock,K. Vijay-Shanker;Automatic Segmentation of Method Code into Meaningful Blocks to Improve Readability.;35-44;10;;
2011;Nasir Ali,Yann-Gael Gueheneuc,Giuliano Antoniol;Requirements Traceability for Object Oriented Systems by Partitioning Source Code.;45-54;10;;
2011;Amir Aryani,Fabrizio Perin,Mircea Lungu,Abdun Naser Mahmood,Oscar Nierstrasz;Can We Predict Dependencies Using Domain information?;55-64;10;;
2011;Carmine Gravino,Michele Risi,Giuseppe Scanniello,Genoveffa Tortora;Does the Documentation of Design Pattern Instances Impact on Source Code Comprehension? Results from Two Controlled Experiments.;67-76;10;;
2011;Surafel Lemma Abebe,Paolo Tonella;Towards the Extraction of Domain Concepts from the Identifiers.;77-86;10;;
2011;Scott Grant,James R. Cordy,David B. Skillicorn;Reverse Engineering Co-maintenance Relationships Using Conceptual Analysis of Source Code.;87-91;5;;
2011;Shaowei Wang,David Lo,Zhenchang Xing,Lingxiao Jiang;Concern Localization using Information Retrieval: An Empirical Study on Linux Kernel.;92-96;5;;
2011;Jan Nonnen,Daniel Speicher,Paul Imhoff;"Locating the Meaning of Terms in Source Code Research on ""Term Introduction"".";99-108;10;;
2011;Saman Bazrafshan,Rainer Koschke,Nils Gode;Approximate Code Search in Program Histories.;109-118;10;;
2011;Shaowei Wang,David Lo,Lingxiao Jiang;Code Search via Topic-Enriched Dependence Graph Matching.;119-123;5;;
2011;Matthew D. Beard,Nicholas A. Kraft,Letha H. Etzkorn,Stacy K. Lukins;Measuring the Accuracy of Information Retrieval Based Bug Localization Techniques.;124-128;5;;
2011;Daqing Hou,Xiaojia Yao;Exploring the Intent behind API Evolution: A Case Study.;131-140;10;;
2011;Ralf Lammel,Rufus Linke,Ekaterina Pek,Andrei Varanovich;A Framework Profile of .NET.;141-150;10;;
2011;Minhaz Fahim Zibran,Farjana Zebin Eishita,Chanchal Kumar Roy;Useful, But Usable? Factors Affecting the Usability of APIs.;151-155;5;;
2011;Ziming Zhao,Gail-Joon Ahn,Hongxin Hu;Automatic Extraction of Secrets from Malware.;159-168;10;;
2011;Joao Antunes,Nuno Ferreira Neves,Paulo Verissimo;Reverse Engineering of Protocols from Network Traces.;169-178;10;;
2011;Bernhard J. Berger,Michaela Bunke,Karsten Sohr;An Android Security Case Study with Bauhaus.;179-183;5;;
2011;Christoph Treude,Fernando Marques Figueira Filho,Margaret-Anne D. Storey,Martin Salois;An Exploratory Study of Software Reverse Engineering in a Security Context.;184-188;5;;
2011;Gerardo Canfora,Michele Ceccarelli,Luigi Cerulo,Massimiliano Di Penta;How Long Does a Bug Survive? An Empirical Study.;191-200;10;;
2011;Steven Davies,Marc Roper,Murray Wood;A Preliminary Evaluation of Text-based and Dependency-based Techniques for Determining the Origins of Bugs.;201-210;10;;
2011;Daryl Posnett,Abram Hindle,Premkumar T. Devanbu;Got Issues? Do New Features and Code Improvements Affect Defects?;211-215;5;;
2011;Israel Herraiz,Emad Shihab,Thanh H. D. Nguyen,Ahmed E. Hassan;Impact of Installation Counts on Perceived Quality: A Case Study on Debian.;219-228;10;;
2011;Tianmei Zhu,Yijian Wu,Xin Peng,Zhenchang Xing,Wenyun Zhao;Monitoring Software Quality Evolution by Analyzing Deviation Trends of Modularity Views.;229-238;10;;
2011;Yi Guo,Michael Wursch,Emanuel Giger,Harald Gall;An Empirical Validation of the Benefits of Adhering to the Law of Demeter.;239-243;5;;
2011;Xi Tan,Xin Peng,Sen Pan,Wenyun Zhao;Assessing Software Quality by Program Clustering and Defect Prediction.;244-248;5;;
2011;Bernhard Scholz,Rainer Koschke;Object-Based Dynamic Protocol Recovery for Multi-Threading Programs.;251-260;10;;
2011;Foutse Khomh,Brian Chan,Ying Zou,Ahmed E. Hassan;An Entropy Evaluation Approach for Triaging Field Crashes: A Case Study of Mozilla Firefox.;261-270;10;;
2011;Andrzej Olszak,Martin Rytter,Bo Norregaard Jorgensen;Meta-Level Runtime Feature Awareness for Java.;271-274;4;;
2011;Andreas Fuhr,Tassilo Horn,Volker Riediger;Using Dynamic Analysis and Clustering for Implementing Services by Reusing Legacy Code.;275-279;5;;
2011;Dominik Franke,Corinna Elsemann,Stefan Kowalewski,Carsten Weise;Reverse Engineering of Mobile Application Lifecycles.;283-292;10;;
2011;Oscar S'nchez Ramon,Jesus Sanchez Cuadrado,Jesus Garcia Molina;Reverse Engineering of Event Handlers of RAD-Based Applications.;293-302;10;;
2011;Slawomir Duszynski,Jens Knodel,Martin Becker;Analyzing the Source Code of Multiple Software Variants for Reuse Potential.;303-307;5;;
2011;Evelyn Nicole Haslinger,Roberto Erick Lopez-Herrejon,Alexander Egyed;Reverse Engineering Feature Models from Programs' Feature Sets.;308-312;5;;
2011;Sarah Nadi,Richard C. Holt;Make it or Break it: Mining Anomalies from Linux Kbuild.;315-324;10;;
2011;Fehmi Jaafar,Yann-Gael Gueheneuc,Sylvie Hamel,Giuliano Antoniol;An Exploratory Study of Macro Co-changes.;325-334;10;;
2011;Weiyi Shang,Zhen Ming Jiang,Bram Adams,Ahmed E. Hassan,Michael W. Godfrey,Mohamed N. Nasser,Parminder Flora;An Exploratory Study of the Evolution of Communicated Information about the Execution of Large Software Systems.;335-344;10;;
2011;Alexander Fokin,Egor Derevenetc,Alexander Chernov,Katerina Troshina;SmartDec: Approaching C++ Decompilation.;347-356;10;;
2011;Alexander Sepp,Bogdan Mihaila,Axel Simon;Precise Static Analysis of Binaries by Extracting Relational Information.;357-366;10;;
2011;Ming Ying,James Miller;Refactoring Traditional Forms into Ajax-enabled Forms.;367-371;5;;
2011;Alessandro Murgia,Roberto Tonelli,Steve Counsell,Giulio Concas,Michele Marchesi;An Empirical Study of Refactoring in the Context of FanIn and FanOut Coupling.;372-376;5;;
2011;Didi Surian,Nian Liu,David Lo,Hanghang Tong,Ee-Peng Lim,Christos Faloutsos;Recommending People in Developers' Collaboration Network.;379-388;10;;
2011;Andy Kellens,Coen De Roover,Carlos Noguera,Reinout Stevens,Viviane Jonckers;Reasoning over the Evolution of Source Code Using Quantified Regular Path Expressions.;389-393;5;;
2011;Hani Abdeen,Stephane Ducasse,Houari A. Sahraoui;Modularization Metrics: Assessing Package Organization in Legacy Large Object-Oriented Software.;394-398;5;;
2011;Hitesh Sajnani,Ravindra Naik,Cristina Videira Lopes;Application Architecture Discovery - Towards Domain-driven, Easily-Extensible Code Structure.;401-405;5;;
2011;Sava Mintchev;Renovation by Machine-Assisted Program Transformation in Production Reporting and Integration.;406-410;5;;
2011;Nilam Kaushik,Ladan Tahvildari,Mark Moore;Reconstructing Traceability between Bugs and Test Cases: An Experimental Study.;411-414;4;;
2011;Abdallah Qusef;Recovering Test-to-Code Traceability Via Slicing and Conceptual Coupling.;417-420;4;;
2011;Oleksandr Panchenko;In-Memory Database Support for Source Code Search and Analytics.;421-424;4;;
2011;Matthew D. Beard;Extending Bug Localization Using Information Retrieval and Code Clone Location Techniques.;425-428;4;;
2011;Jason Raber;Stealthy Profiling and Debugging of Malware Trampolining from User to Kernel Space.;431-432;2;;
2011;Michelle Cheatham,Jason Raber;Function Insight: Highlighting Suspicious Sections in Binary Run Traces.;433-434;2;;
2011;Andrzej Olszak,Bo Norregaard Jorgensen;Understanding Legacy Features with Featureous.;435-436;2;;
2011;Mihai Codoban,Cristina Marinescu,Radu Marinescu;iProblems - An Integrated Instrument for Reporting Design Flaws, Vulnerabilities and Defects.;437-438;2;;
2011;Del Myers,Margaret-Anne D. Storey;Focusing on Execution Traces Using Diver.;439-440;2;;
2011;Elvira Albert,Israel Cabanas,Antonio Flores-Montoya,Miguel Gomez-Zamalloa,Sergio Gutierrez;jPET: An Automatic Test-Case Generator for Java.;441-442;2;;
2011;Abdallah Qusef,Gabriele Bavota,Rocco Oliveto,Andrea De Lucia,David Binkley;SCOTCH: Slicing and Coupling Based Test to Code Trace Hunter.;443-444;2;;
2010;Dawn Lawrie,David Binkley,Christopher Morrell;Normalizing Source Code Vocabulary.;3-12;10;Mining Software Repositories I;
2010;Gehan M. K. Selim,Liliane Barbour,Weiyi Shang,Bram Adams,Ahmed E. Hassan,Ying Zou;Studying the Impact of Clones on Software Defects.;13-21;9;Mining Software Repositories I;
2010;Angela Lozano,Andy Kellens,Kim Mens,Gabriela Arevalo;Mining Source Code for Structural Regularities.;22-31;10;Mining Software Repositories I;
2010;Sonia Haiduc,Jairo Aponte,Laura Moreno,Andrian Marcus;On the Use of Automated Text Summarization Techniques for Summarizing Source Code.;35-44;10;Program Comprehension;
2010;Ana Milanova,Yin Liu;Static Analysis for Understanding Shared Objects in Open Concurrent Java Programs.;45-54;10;Program Comprehension;
2010;Veronica Uquillas Gomez,Stephane Ducasse,Theo D'Hondt;Visually Supporting Source Code Changes Integration: The Torch Dashboard.;55-64;10;Program Comprehension;
2010;Michaela Greiler,Hans-Gerhard Gross,Arie van Deursen;Understanding Plug-in Test Suites from an Extensibility Perspective.;67-76;10;Dynamic Analysis;
2010;Michael Perscheid,Bastian Steinert,Robert Hirschfeld,Felix Geller,Michael Haupt;Immediacy through Interactivity: Online Analysis of Run-time Behavior.;77-86;10;Dynamic Analysis;
2010;Hassen Grati,Houari A. Sahraoui,Pierre Poulin;Extracting Sequence Diagrams from Execution Traces Using Interactive Visualization.;87-96;10;Dynamic Analysis;
2010;Fabian Beck,Stephan Diehl;Evaluating the Impact of Software Evolution on Software Clustering.;99-108;10;Software Evoluation;
2010;Yinxing Xue,Zhenchang Xing,Stanislaw Jarzabek;Understanding Feature Evolution in a Family of Product Variants.;109-118;10;Software Evoluation;
2010;Huzefa H. Kagdi,Malcom Gethers,Denys Poshyvanyk,Michael L. Collard;Blending Conceptual and Evolutionary Couplings to Support Change Impact Analysis in Source Code.;119-128;10;Software Evoluation;
2010;Saumya K. Debray,Jay Patel;Reverse Engineering Self-Modifying Code: Unpacker Extraction.;131-140;10;Reverse Engineering and Security;
2010;Sunny Wong,Melissa Aaron,Jeffrey Segall,Kevin Lynch,Spiros Mancoridis;Reverse Engineering Utility Functions Using Genetic Programming to Detect Anomalous Behavior in Software.;141-149;9;Reverse Engineering and Security;
2010;Gengbiao Chen,Zhuo Wang,Ruoyu Zhang,Kan Zhou,Shiqiu Huang,Kangqi Ni,Zhengwei Qi,Kai Chen 0006,Haibing Guan;A Refined Decompiler to Generate C Code with High Readability.;150-154;5;Reverse Engineering and Security;
2010;Filippo Ricca,Alessandro Marchetto;Heroes in FLOSS Projects: An Explorative Study.;155-159;5;Reverse Engineering and Security;
2010;Roberto Almeida Bittencourt,Gustavo Jansen de Souza Santos,Dalton Serey Guerrero,Gail C. Murphy;Improving Automated Mapping in Reflexion Models Using Information Retrieval Techniques.;163-172;10;Architecture Recovery;
2010;Dharmalingam Ganesan,Mikael Lindvall,Lamont Ruley,Robert Wiegand,Vuong Ly,Tina Tsui;Architectural Analysis of Systems Based on the Publisher-Subscriber Style.;173-182;10;Architecture Recovery;
2010;Andreas Marx,Fabian Beck,Stephan Diehl;Computer-Aided Extraction of Software Components.;183-192;10;Architecture Recovery;
2010;Gabriele Bavota,Andrea De Lucia,Andrian Marcus,Rocco Oliveto;Software Re-Modularization Based on Structural and Semantic Metrics.;195-204;10;Remodularization and Reengineering;
2010;Chandan Raj Rupakheti,Daqing Hou;An Abstraction-Oriented, Path-Based Approach for Analyzing Object Equality in Java.;205-214;10;Remodularization and Reengineering;
2010;Michael Athanasopoulos,Kostas Kontogiannis;Identification of REST-like Resources from Legacy Service Descriptions.;215-219;5;Remodularization and Reengineering;
2010;Timothy Lethbridge,Andrew Forward,Omar Bahy Badreddin;Umplification: Refactoring to Incrementally Add Abstraction to a Program.;220-224;5;Remodularization and Reengineering;
2010;Gehan M. K. Selim,King Chun Foo,Ying Zou;Enhancing Source-Based Clone Detection Using Intermediate Representation.;227-236;10;Code Clone Detection;
2010;Benjamin Biegel,Stephan Diehl;Highly Configurable and Extensible Code Clone Detection.;237-241;5;Code Clone Detection;
2010;Ian J. Davis,Michael W. Godfrey;From Whence It Came: Detecting Source Code Clones by Analyzing Assembler.;242-246;5;Code Clone Detection;
2010;Emad Shihab,Akinori Ihara,Yasutaka Kamei,Walid M. Ibrahim,Masao Ohira,Bram Adams,Ahmed E. Hassan,Ken-ichi Matsumoto;Predicting Re-opened Bugs: A Case Study on the Eclipse Project.;249-258;10;Mining Software Repositories 2;
2010;Thanh H. D. Nguyen,Bram Adams,Ahmed E. Hassan;A Case Study of Bias in Bug-Fix Datasets.;259-268;10;Mining Software Repositories 2;
2010;Didi Surian,David Lo,Ee-Peng Lim;Mining Collaboration Patterns from a Large Developer Network.;269-273;5;Mining Software Repositories 2;
2010;Nicolas Bettenburg,Bram Adams;"Workshop on Mining Unstructured Data (MUD) because ""Mining Unstructured Data is Like Fishing in Muddy Waters""!";277-278;2;Workshop;
2010;Abdelwahab Hamou-Lhadj,David Rothlisberger,Andy Zaidman,Orla Greevy;Workshop on Program Comprehension through Dynamic Analysis (PCODA10).;279-280;2;Workshop;
2010;Mira Kajko-Mattsson,Alain April;International Workshop on Processes for Software Evolution and Maintenance (WoSEMP 2010).;281-282;2;Workshop;
2010;Venera Arnaoudova;Improving Source Code Quality through the Definition of Linguistic Antipatterns.;285-288;4;Doctoral Symposium;
2010;Roberto Almeida Bittencourt;Conformance Checking during Software Evolution.;289-292;4;Doctoral Symposium;
2010;Ferdaous Boughanmi;Multi-Language and Heterogeneously-licensed Software Analysis.;293-296;4;Doctoral Symposium;
2010;Laleh Mousavi Eshkevari;Linguistic Driven Refactoring of Source Code Identifiers.;297-300;4;Doctoral Symposium;
2010;Latifa Guerrouj;Automatic Derivation of Concepts Based on the Analysis of Source Code Identifiers.;301-304;4;Doctoral Symposium;
2010;Abram Hindle;Software Process Recovery: Recovering Process from Artifacts.;305-308;4;Doctoral Symposium;
2010;Aminata Sabane;Improving System Testability and Testing with Microarchitectures.;309-312;4;Doctoral Symposium;
2009;Margaret-Anne D. Storey;Beyond the Lone Reverse Engineer: Insourcing, Outsourcing and Crowdsourcing.;3;1;Keynotes;
2009;Jean-Luc Hainaut;Legacy and Future of Data Reverse Engineering.;4;1;Keynotes;
2009;Nicolas Anquetil,Timothy Lethbridge;Ten Years Later, Experiments with Clustering as a Software Remodularization Method.;7;1;WCRE 1999 Most Influential Paper;
2009;Massimiliano Di Penta,Daniel M. German;Who are Source Code Contributors and How do they Change?;11-20;10;Mining Software Repositories;
2009;Omar Alam,Bram Adams,Ahmed E. Hassan;A Study of the Time Dependence of Code Changes.;21-30;10;Mining Software Repositories;
2009;Simon Butler,Michel Wermelinger,Yijun Yu,Helen Sharp;Relating Identifier Naming Flaws and Code Quality: An Empirical Study.;31-35;5;Mining Software Repositories;
2009;Ran Tang,Ahmed E. Hassan,Ying Zou;Techniques for Identifying the Country Origin of Mailing List Participants.;36-40;5;Mining Software Repositories;
2009;Johannes Passing,Alexander Schmidt,Martin von Lowis,Andreas Polze;NTrace: Function Boundary Tracing for Windows on IA-32.;43-52;10;Dynamic Analysis;
2009;Christopher Ackermann,Mikael Lindvall,Rance Cleaveland;Recovering Views of Inter-System Interaction Behaviors.;53-61;9;Dynamic Analysis;
2009;David Lo,Ganesan Ramalingam,Venkatesh Prasad Ranganath,Kapil Vaswani;Mining Quantified Temporal Rules: Formalism, Algorithms, and Evaluation.;62-71;10;Dynamic Analysis;
2009;Foutse Khomh,Massimiliano Di Penta,Yann-Gael Gueheneuc;An Exploratory Study of the Impact of Code Smells on Software Change-proneness.;75-84;10;Empirical Software Engineering;
2009;Nicolas Bettenburg,Weiyi Shang,Walid M. Ibrahim,Bram Adams,Ying Zou,Ahmed E. Hassan;An Empirical Study on Inconsistent Changes to Code Clones at Release Level.;85-94;10;Empirical Software Engineering;
2009;Surafel Lemma Abebe,Sonia Haiduc,Paolo Tonella,Andrian Marcus;Lexicon Bad Smells in Software.;95-99;5;Empirical Software Engineering;
2009;Hani Abdeen,Stephane Ducasse,Houari A. Sahraoui,Ilham Alloui;Automatic Package Coupling and Cycle Minimization.;103-112;10;Remodularization and Reengineering;
2009;Jannik Laval,Simon Denier,Stephane Ducasse,Alexandre Bergel;Identifying Cycle Causes with Enriched Dependency Structural Matrix.;113-122;10;Remodularization and Reengineering;
2009;Daniel Ratiu,Radu Marinescu,Jan Jurjens;The Logical Modularity of Programs.;123-127;5;Remodularization and Reengineering;
2009;Ricardo Perez-Castillo,Ignacio Garcia Rodriguez de Guzman,Orlando Avila-Garcia,Mario Piattini Velthius;On the Use of ADM to Contextualize Data on Legacy Source Code for Software Modernization.;128-132;5;Remodularization and Reengineering;
2009;Marco D'Ambros,Michele Lanza,Romain Robbes;On the Relationship Between Change Coupling and Software Defects.;135-144;10;Change and Defect Proneness;
2009;Stephane Vaucher,Foutse Khomh,Naouel Moha,Yann-Gael Gueheneuc;Tracking Design Smells: Lessons from a Study of God Classes.;145-154;10;Change and Defect Proneness;
2009;Javed Ferzund,Syed Nadeem Ahsan,Franz Wotawa;Bug-Inducing Language Constructs.;155-159;5;Change and Defect Proneness;
2009;Matt Gatrell,Steve Counsell,Tracy Hall;Design Patterns and Change Proneness: A Replication Using Proprietary C# Software.;160-164;5;Change and Defect Proneness;
2009;Kevin Coogan,Saumya K. Debray,Tasneem Kaochar,Gregg M. Townsend;Automatic Static Unpacking of Malware Binaries.;167-176;10;Static Analysis and Security;
2009;Kirill Bogdanov,Neil Walkinshaw;Computing the Structural Difference between State-Based Models.;177-186;10;Static Analysis and Security;
2009;Dominic Letarte,Ettore Merlo;Extraction of Inter-procedural Simple Role Privilege Models from PHP Code.;187-191;5;Static Analysis and Security;
2009;Giovanni Capobianco,Andrea De Lucia,Rocco Oliveto,Annibale Panichella,Sebastiano Panichella;Traceability Recovery Using Numerical Analysis.;195-204;10;Traceability;
2009;Alberto Bacchelli,Marco D'Ambros,Michele Lanza,Romain Robbes;Benchmarking Lightweight Techniques to Link E-Mails and Source Code.;205-214;10;Traceability;
2009;Yiming Yang,Xin Peng,Wenyun Zhao;Domain Feature Model Recovery from Multiple Applications Using Data Access Semantics and Formal Concept Analysis.;215-224;10;Traceability;
2009;Adam Vanya,Steven Klusener,Nico van Rooijen,Johannes C. van Vliet;Characterizing Evolutionary Clusters.;227-236;10;Program Comprehension;
2009;David Rothlisberger,Oscar Nierstrasz,Stephane Ducasse;Autumn Leaves: Curing the Window Plague in IDEs.;237-246;10;Program Comprehension;
2009;Trosky Boris Callo Arias,Pierre America,Paris Avgeriou;Constructing a Resource Usage View of a Large and Complex Software-Intensive System.;247-255;9;Program Comprehension;
2009;Nithya Krishnamoorthy,Saumya K. Debray,Keith Fligg;Static Detection of Disassembly Errors.;259-268;10;Static Analysis;
2009;Alexander Serebrenik,Serguei A. Roubtsov,Ella E. Roubtsova,Mark van den Brand;Reverse Engineering Sequence Diagrams for Enterprise JavaBeans with Business Method Interceptors.;269-273;5;Static Analysis;
2009;Ettore Merlo,Thierry Lavoie;Computing Structural Types of Clone Syntactic Blocks.;274-278;5;Static Analysis;
2009;Houda El Bouhissi,Mimoun Malki;Reverse Engineering Existing Web Service Applications.;279-283;5;Static Analysis;
2009;Meghan Revelle;Supporting Feature-Level Software Maintenance.;287-290;4;PhD Forum;
2009;Fabrizio Perin;Enabling the Evolution of J2EE Applications through Reverse Engineering and Quality Assurance.;291-294;4;PhD Forum;
2009;Segla Kpodjedo;Approximate Graph Matching in Software Engineering.;295-298;4;PhD Forum;
2009;Mehdi Amoui;Evolving Software Systems Towards Adaptability.;299-302;4;PhD Forum;
2009;Foutse Khomh;SQUAD: Software Quality Understanding through the Analysis of Design.;303-306;4;PhD Forum;
2009;Ricardo Perez-Castillo,Ignacio Garcia Rodriguez de Guzman,Ismael Caballero,Macario Polo Usaola,Mario Piattini Velthius;PRECISO: A Reverse Engineering Tool to Discover Web Services from Relational Databases.;309-310;2;Tool Demonstrations;
2009;Heitor Augustus Xavier Costa,Paulo Afonso Parreira Junior,Valter Vieira de Camargo,Rosangela Aparecida Dellosso Penteado;Recovering Class Models Stereotyped with Crosscutting Concerns.;311-312;2;Tool Demonstrations;
2009;Shinji Kawaguchi,Takanobu Yamashina,Hidetake Uwano,Kyohei Fushida,Yasutaka Kamei,Masataka Nagura,Hajimu Iida;SHINOBI: A Tool for Automatic Code Clone Detection in the IDE.;313-314;2;Tool Demonstrations;
2009;Yoshiki Higo,Shinji Kusumoto;Enhancing Quality of Code Clone Detection with Program Dependency Graph.;315-316;2;Tool Demonstrations;
2009;Nicolas Anquetil,Jean-Claude Royer,Pascal Andre,Gilles Ardourel,Petr Hnetynka,Tomas Poch,Dragos Petrascu,Vladiela Petrascu;JavaCompExt: Extracting Architectural Elements from Java Source Code.;317-318;2;Tool Demonstrations;
2009;Mario Luca Bernardi,Giuseppe A. Di Lucca;ConAn: A Tool for the Identification of Crosscutting Concerns in Object Oriented Systems Based on Type Hierarchy Analysis.;319-320;2;Tool Demonstrations;
2009;Leon Moonen,Tarja Systa;REM 2009 - International Workshop on Reverse Engineering Models from Software Artifacts.;323-324;2;Workshops;
2009;Simon Denier,Tudor Girba;FAMOOSr 2009 - Workshop on FAMIX and Moose in Software Reengineering.;325-326;2;Workshops;
2008;Harald Gall;Of Changes and their History: Some Ideas for Future IDEs.;3;1;;
2008;Premkumar T. Devanbu;Reverse Engineering the Bazaar: Collaboration and Communication in Open Source Development.;4;1;;
2008;Richard C. Holt;WCRE 1998 Most Influential Paper: Grokking Software Architecture.;5-14;10;;
2008;Martin P. Robillard,Barthelemy Dagenais;Retrieving Task-Related Clusters from Change History.;17-26;10;;
2008;Yu Zhou,Michael Wursch,Emanuel Giger,Harald Gall,Jian Lu;A Bayesian Network Based Approach for Change Coupling Prediction.;27-36;10;;
2008;Stephane Vaucher,Houari A. Sahraoui,Jean G. Vaucher;Discovering New Change Patterns in Object-Oriented Systems.;37-41;5;;
2008;Romain Robbes,Damien Pollet,Michele Lanza;Logical Coupling Based on Fine-Grained Change Information.;42-46;5;;
2008;Trosky Boris Callo Arias,Paris Avgeriou,Pierre America;Analyzing the Actual Execution of a Large Software-Intensive System for Determining Dependencies.;49-58;10;;
2008;Abram Hindle,Michael W. Godfrey,Richard C. Holt;Reverse Engineering CAPTCHAs.;59-68;10;;
2008;Domenico Amalfitano,Anna Rita Fasolino,Porfirio Tramontana;Reverse Engineering Finite State Machines from Rich Internet Applications.;69-73;5;;
2008;David Rothlisberger,Orla Greevy;Representing and Integrating Dynamic Collaborations in IDEs.;74-78;5;;
2008;Chanchal Kumar Roy,James R. Cordy;An Empirical Study of Function Clones in Open Source Software.;81-90;10;;
2008;Jin Guo,Ying Zou;Detecting Clones in Business Applications.;91-100;10;;
2008;Hongyu Zhang;Exploring Regularity in Source Code: Software Science and Zipf's Law.;101-110;10;;
2008;Kim Mens,Andy Kellens,Jens Krinke;Pitfalls in Aspect Mining.;113-122;10;;
2008;Takashi Ishio,Hironori Date,Tatsuya Miyake,Katsuro Inoue;Mining Coding Patterns to Detect Crosscutting Concerns in Java Programs.;123-132;10;;
2008;Hamoun Ghanbari,Constantinos Constantinides,Venera Arnaoudova;A Hybrid Query Engine for the Structural Analysis of Java and AspectJ Programs.;133-137;5;;
2008;Scott Grant,James R. Cordy,David B. Skillicorn;Automated Concept Location Using Independent Component Analysis.;138-142;5;;
2008;Reinhard Schauer,Rudolf K. Keller;Integrative Levels of Program Comprehension.;145-154;10;;
2008;Stacy K. Lukins,Nicholas A. Kraft,Letha H. Etzkorn;Source Code Retrieval for Bug Localization Using Latent Dirichlet Allocation.;155-164;10;;
2008;Jane Huffman Hayes,Giuliano Antoniol,Yann-Gael Gueheneuc;PREREQIR: Recovering Pre-Requirements via Cluster Analysis.;165-174;10;;
2008;Mariano Ceccato,Thomas Roy Dean,Paolo Tonella,Davide Marchignoli;Data Model Reverse Engineering in Migrating a Legacy System to Java.;177-186;10;;
2008;Manar H. Alalfi,James R. Cordy,Thomas Roy Dean;SQL2XMI: Reverse Engineering of UML-ER Diagrams from Relational Database Schemas.;187-191;5;;
2008;Anthony Cleve,Jean-Luc Hainaut;Dynamic Analysis of SQL Statements for Data-Intensive Applications Reverse Engineering.;192-196;5;;
2008;Gerardo de Geest,Sander Vermolen,Arie van Deursen,Eelco Visser;Generating Version Convertors for Domain-Specific Languages.;197-201;5;;
2008;Katerina Dolgova,Alexander Chernov;Automatic Type Reconstruction in Disassembled C Programs.;202-206;5;;
2008;Adrian Kuhn,Peter Loretan,Oscar Nierstrasz;Consistent Layout for Thematic Software Maps.;209-218;10;;
2008;Richard Wettel,Michele Lanza;Visual Exploration of Large-Scale System Evolution.;219-228;10;;
2008;Slawomir Duszynski,Jens Knodel,Matthias Naab,Dirk Hein,Clemens Schitter;Variant Comparison - A Technique for Visualizing Software Variants.;229-233;5;;
2008;Holger M. Kienle,Hausi A. Muller;Towards a Process for Developing Maintenance Tools in Academia.;237-246;10;;
2008;Tao Jiang,Mark Harman,Youssef Hassoun;Analysis of Procedure Splitability.;247-256;10;;
2008;Muhammad Usman Bhatti,Stephane Ducasse,Marianne Huchard;Reconsidering Classes in Procedural Object-Oriented Code.;257-266;10;;
2008;Bart Van Rompaey,Serge Demeyer;Estimation of Test Code Changes Using Historical Release Data.;269-278;10;;
2008;Masatomo Hashimoto,Akira Mori;Diff/TS: A Tool for Fine-Grained Structural Change Analysis.;279-288;10;;
2008;Segla Kpodjedo,Filippo Ricca,Philippe Galinier,Giuliano Antoniol;Error Correcting Graph Matching Application to Software Evolution.;289-293;5;;
2008;Jose Pedro Correia,Joost Visser;Benchmarking Technical Quality of Software Products.;297-300;4;;
2008;Darius Blasband;Hard Facts vs Soft Facts.;301-304;4;;
2008;Jean Henrard,Didier Roland,Anthony Cleve,Jean-Luc Hainaut;Large-Scale Data Reengineering: Return from Experience.;305-308;4;;
2008;Joris Van Geet;Reverse Engineering in the World of Enterprise SOA.;311-314;4;;
2008;Olaf Muliawan;Extending a Model Transformation Language Using Higher Order Transformations.;315-318;4;;
2008;Peter Ebraert;First-Class Change Objects for Feature-Oriented Programming.;319-322;4;;
2008;Sander Vermolen;Software Language Evolution.;323-326;4;;
2008;Yijun Yu,Michel Wermelinger;Graph-Centric Tools for Understanding the Evolution and Relationships of Software Structures.;329-330;2;;
2008;Epameinondas Gasparis,Jonathan Nicholson,Amnon H. Eden,Rick Kazman;Navigating Through the Design of Object-Oriented Programs.;331-332;2;;
2008;Jin Guo,Ying Zou;A Business Process Explorer: Recovering Business Processes from Business Applications.;333-334;2;;
2008;Lajos Jeno Fulop,Peter Hegedus,Rudolf Ferenc,Tibor Gyimothy;Towards a Benchmark for Evaluating Reverse Engineering Tools.;335-336;2;;
2008;Victor Sobreira,Marcelo de Almeida Maia;A Visual Trace Analysis Tool for Understanding Feature Scattering.;337-338;2;;
2008;Heorhiy Byelas,Alexandru Telea;The Metric Lens: Visualizing Metrics and Structure on Software Diagrams.;339-340;2;;
2008;Stephane Ducasse,Tudor Girba,Orla Greevy,Michele Lanza,Oscar Nierstrasz;FAMOOSr 2008: Workshop on FAMIX and Moose in Software Reengineering.;343-344;2;;
2008;Andy Zaidman,Abdelwahab Hamou-Lhadj,Orla Greevy,David Rothlisberger;Workshop on Program Comprehension Through Dynamic Analysis (PCODA'08).;345-346;2;;
2007;Donald J. Reifer;The Dark Side of Software Reverse Engineering.;;0;Keynotes;
2007;Ira D. Baxter;Reengineering Tools: A Perspective from the Trenches.;;0;Keynotes;
2007;Stefan Staiger,Gunther Vogel,Steffen Keul,Eduard Wiebe;Interprocedural Static Single Assignment Form.;1-10;10;Program Analysis;
2007;Edward B. Duffy,Brian A. Malloy;An Automated Approach to Grammar Recovery for a Dialect of the C++ Language.;11-20;10;Program Analysis;
2007;Saurabh Sinha,Ganesan Ramalingam,Raghavan Komondoor;Parametric Process Model Inference.;21-30;10;Program Analysis;
2007;Marius Marin,Leon Moonen,Arie van Deursen;Documenting Typical Crosscutting Concerns.;31-40;10;Program Comprehension;
2007;Hanna Farah,Timothy Lethbridge;Temporal Exploration of Software Models: A Tool Feature to Enhance Software Understanding.;41-49;9;Program Comprehension;
2007;Felipe Cantal de Sousa,Nabor C. Mendonca,Sebastian Uchitel,Jeffrey Kramer;Detecting Implied Scenarios from Execution Traces.;50-59;10;Program Comprehension;
2007;Jason W. A. Selby,Fraser P. Ruffell,Mark Giesbrecht,Michael W. Godfrey;Examining the Effects of Global Data Usage on Software Maintainability.;60-69;10;Mining Software Repositories;
2007;Beat Fluri,Michael Wursch,Harald Gall;Do Code and Comments Co-Evolve? On the Relation between Source Code and Comment Changes.;70-79;10;Mining Software Repositories;
2007;Jacek Ratzinger,Harald Gall,Martin Pinzger;Quality Assessment Based on Attribute Series of Software Evolution.;80-89;10;Mining Software Repositories;
2007;Ignacio Garcia Rodriguez de Guzman,Macario Polo Usaola,Mario Piattini Velthius;An ADM Approach to Reengineer Relational Databases towards Web Services.;90-99;10;Data Reverse Engineering;
2007;Cristina Marinescu;Discovering the Objectual Meaning of Foreign Key Constraints in Enterprise Applications.;100-109;10;Data Reverse Engineering;
2007;Raghavan Komondoor,Ganesan Ramalingam;Recovering Data Models via Guarded Dependences.;110-119;10;Data Reverse Engineering;
2007;Mircea Lungu,Michele Lanza,Tudor Girba,Reinout Heeck;Reverse Engineering Super-Repositories.;120-129;10;Visualization & Understanding;
2007;Andrew McNair,Daniel M. German,Jens H. Weber-Jahnke;Visualizing Software Architecture Evolution Using Change-Sets.;130-139;10;Visualization & Understanding;
2007;Daniel M. German,Jesus M. Gonzalez-Barahona,Gregorio Robles;A Model to Understand the Building and Running Inter-Dependencies of Software.;140-149;10;Visualization & Understanding;
2007;William S. Evans,Christopher W. Fraser,Fei Ma;Clone Detection via Structural Abstraction.;150-159;10;Software Clones;
2007;Pierre Frenzel,Rainer Koschke,Andreas P. J. Breu,Karsten Angstmann;Extending the Reflexion Method for Consolidating Software Variants into Product Lines.;160-169;10;Software Clones;
2007;Jens Krinke;A Study of Consistent and Inconsistent Changes to Code Clones.;170-178;9;Software Clones;
2007;Hani Samir,Eleni Stroulia,Amr Kamel;Swing2Script: Migration of Java-Swing Applications to Ajax Web Applications.;179-188;10;Reengineering Interfaces;
2007;Stefan Staiger;Reverse Engineering of Graphical User Interfaces Using Static Analyses.;189-198;10;Reengineering Interfaces;
2007;Giusy Di Lorenzo,Anna Rita Fasolino,Lorenzo Melcarne,Porfirio Tramontana,Valeria Vittorini;Turning Web Applications into Web Services by Wrapping Techniques.;199-208;10;Reengineering Interfaces;
2007;Neil Walkinshaw,Kirill Bogdanov,Mike Holcombe,Sarah Salahuddin;Reverse Engineering State Machines by Interactive Grammar Inference.;209-218;10;Protocol and State Machine Recovery;
2007;Jochen Quante,Rainer Koschke;Dynamic Protocol Recovery.;219-228;10;Protocol and State Machine Recovery;
2007;Maxim Shevertalov,Spiros Mancoridis;A Reverse Engineering Tool for Extracting Protocols of Networked Applications.;229-238;10;Protocol and State Machine Recovery;
2007;Thorsten Schafer,Ivica Aracic,Matthias Merz,Mira Mezini,Klaus Ostermann;Clustering for Generating Framework Top-Level Views.;239-248;10;Clustering;
2007;Mark Shtern,Vassilios Tzerpos;Lossless Comparison of Nested Software Decompositions.;249-258;10;Clustering;
2007;Kamran Sartipi,Nima Dezhkam;An Amalgamated Dynamic and Static Architecture Reconstruction Framework to Control Component Interactions 259.;259-268;10;Clustering;
2007;Sazzadul Alam,Philippe Dugerdil;EvoSpaces Visualization Tool: Exploring Software Architecture in 3D.;269-270;2;Tool Demonstrations;
2007;Jason Raber,Eric Laspe;Emulated Breakpoint Debugger and Data Mining Using Detours.;271-272;2;Tool Demonstrations;
2007;Sandro Boccuzzo,Harald Gall;CocoViz: Supported Cognitive Software Visualization.;273-274;2;Tool Demonstrations;
2007;Jason Raber,Eric Laspe;Deobfuscator: An Automated Approach to the Identification and Removal of Code Obfuscation.;275-276;2;Tool Demonstrations;
2007;Piotr Kaminski;Reforming Software Design Documentation.;277-280;4;Ph.D. Symposium;
2007;Bas Cornelissen;Dynamic Analysis Techniques for the Reconstruction of Architectural Views.;281-284;4;Ph.D. Symposium;
2007;Ignacio Garcia Rodriguez de Guzman;PRESSWEB: A Process to Reengineer Legacy Systems towards Web Services.;285-288;4;Ph.D. Symposium;
2007;Holger M. Kienle;Building Reverse Engineering Tools with Software Components: Ten Lessons Learned.;289-292;4;Ph.D. Symposium;
2007;Qin Zhu;An Experimental Platform for Root Cause Diagnosis Research.;293-296;4;Ph.D. Symposium;
2007;Daniel M. German;Intellectual Property for Software (Re-)Engineers and Researchers: A Tutorial.;297;1;Tutorial;
2007;Abdelwahab Hamou-Lhadj,Andy Zaidman,Orla Greevy;Workshop on Program Comprehension through Dynamic Analysis (PCODA07).;298;1;Workshops;
2007;Leon Moonen,Spiros Mancoridis;International Workshop on Code Based Software Security Assessments - CoBaSSA 2007.;300;1;Workshops;
2007;Kevin Mobley;Reverse Engineering for Software Performance Engineering.;302-304;3;Workshops;
2006;Lionel C. Briand;The Experimental Paradigm in Reverse Engineering: Role, Challenges, and Limitations.;3-8;6;Keynotes;
2006;Hausi A. Muller;Bits of History, Challenges for the Future and Autonomic Computing Technology.;9-18;10;Keynotes;
2006;Cory Kapser,Michael W. Godfrey;"""Cloning Considered Harmful"" Considered Harmful.";19-28;10;Empirical Studies;
2006;Marius Marin,Leon Moonen,Arie van Deursen;A common framework for aspect mining based on crosscutting concern sorts.;29-38;10;Empirical Studies;
2006;Jens Knodel,Dirk Muthig,Matthias Naab;Understanding Software Architectures by Visualization--An Experiment with Graphical Elements.;39-50;12;Empirical Studies;
2006;David Lo,Siau-Cheng Khoo;QUARK: Empirical Assessment of Automaton-based Specification Miners.;51-60;10;Program Comprehension;
2006;Kamran Sartipi,Nima Dezhkam,Hossein Safyallah;An Orchestrated Multi-view Software Architecture Reconstruction Environment.;61-70;10;Program Comprehension;
2006;Lijie Zou,Michael W. Godfrey;An Industrial Case Study of Program Artifacts Viewed During Maintenance Tasks.;71-82;12;Program Comprehension;
2006;Daniel Ratiu,Florian Deissenboeck;How Programs Represent Reality (and how they don't).;83-92;10;Concept and Feature Location;
2006;Jay Kothari,Trip Denton,Spiros Mancoridis,Ali Shokoufandeh;On Computing the Canonical Features of Software Systems.;93-102;10;Concept and Feature Location;
2006;David Binkley,Nicolas Gold,Mark Harman,Zheng Li,Kiarash Mahdavi;An Empirical Study of Executable Concept Slice Size.;103-114;12;Concept and Feature Location;
2006;Shimin Li,Ladan Tahvildari;A Service-Oriented Componentization Framework for Java Software Systems.;115-124;10;Migration towards SOA;
2006;Harry M. Sneed,Stephan H. Sneed;Reverse Engineering of System Interfaces A Report from the Field.;125-133;9;Migration towards SOA;
2006;Markku Laitkorpi,Johannes Koskinen,Tarja Systa;A UML-based Approach for Abstracting Application Interfaces to REST-like Services.;134-146;13;Migration towards SOA;
2006;Ettore Merlo,Dominic Letarte,Giuliano Antoniol;Insider and Ousider Threat-Sensitive SQL Injection Vulnerability Analysis in PHP.;147-156;10;Data Reverse Engineering;
2006;Anthony Cleve,Jean Henrard,Jean-Luc Hainaut;Data Reverse Engineering using System Dependency Graphs.;157-166;10;Data Reverse Engineering;
2006;Junghee Lim,Thomas W. Reps,Ben Liblit;Extracting Output Formats from Executables.;167-178;12;Data Reverse Engineering;
2006;Michael Fischer,Harald Gall;EvoGraph: A Lightweight Approach to Evolutionary and Structural Analysis of Large Software Systems.;179-188;10;Visualizing Software Evolution;
2006;Marco D'Ambros,Michele Lanza;Reverse Engineering with Logical Coupling.;189-198;10;Visualizing Software Evolution;
2006;Dirk Beyer,Ahmed E. Hassan;Animated Visualization of Software History using Evolution Storyboards.;199-210;12;Visualizing Software Evolution;
2006;Dharmalingam Ganesan,Dirk Muthig,Jens Knodel,Kentaro Yoshimura;Discovering Organizational Aspects from the Source Code History Log during the Product Line Planning Phase--A Case Study.;211-220;10;Mining Software Repositories;
2006;Salah Bouktif,Yann-Gael Gueheneuc,Giuliano Antoniol;Extracting Change-patterns from CVS Repositories.;221-230;10;Mining Software Repositories;
2006;Xinrong Xie,Denys Poshyvanyk,Andrian Marcus;Visualization of CVS Repository Information.;231-242;12;Mining Software Repositories;
2006;Daniel L. Moise,Kenny Wong;Extracting Facts from Perl Code.;243-252;10;Program Analysis;
2006;Rainer Koschke,Raimar Falke,Pierre Frenzel;Clone Detection Using Abstract Syntax Suffix Trees.;253-262;10;Program Analysis;
2006;Zhenchang Xing,Eleni Stroulia;Refactoring Detection based on UMLDiff Change-Facts Queries.;263-274;12;Program Analysis;
2006;Marco Lormans,Hans-Gerhard Gross,Arie van Deursen,Rini van Solingen,Andre Stehouwer;Monitoring Requirements Coverage using Reconstructed Views: An Industrial Case Study.;275-284;10;Industrial Track;
2006;Andrea Capiluppi,Jamie Millen,Cornelia Boldyreff;How Outsourcing Affects the Quality of Mission Critical Software.;285-287;3;Industrial Track;
2006;Anthony Cox,Trevor J. Smedley;Reverse Engineering in Support of Litigation: Experiences in an Adversarial Environment.;288-292;5;Industrial Track;
2006;Massimo Colosimo,Andrea De Lucia,Giuseppe Scanniello,Genoveffa Tortora;MELIS: an Eclipse Based Environment for the Migration of Legacy Systems to the Web.;293-294;2;Tool Demonstrations;
2006;Thierry Bodhuin;PODoJA: Packaging Optimizer for Downloadable Java Applications.;295-296;2;Tool Demonstrations;
2006;E. Korshunova,Marija Petkovic,Mark van den Brand,Mohammad Reza Mousavi;CPP2XMI: Reverse Engineering of UML Class, Sequence, and Activity Diagrams from C++ Source Code.;297-298;2;Tool Demonstrations;
2006;Marius Marin,Leon Moonen,Arie van Deursen;FINT: Tool Support for Aspect Mining.;299-300;2;Tool Demonstrations;
2006;Luigi Cerulo;On the Use of Process Trails to Understand Software Development.;303-304;2;PhD Symposium;
2006;Matthias Meyer;Pattern-based Reengineering of Software Systems.;305-306;2;PhD Symposium;
2006;Samir Ribic;Concept and implementation of the programming language and translator, for embedded systems, based on machine code decompilation and equivalence between source and executable code.;307-308;2;PhD Symposium;
2006;Cristina Marinescu;Quality Assessment of Enterprise Software Systems.;309-310;2;PhD Symposium;
2006;Leon Moonen,Spiros Mancoridis;Code Based Software Security Assessments.;313;1;Workshops;
2006;Marco Torchiano;Empirical Studies in Reverse Engineering.;314;1;Workshops;
2006;Andy Zaidman,Orla Greevy,Abdelwahab Hamou-Lhadj;Program COmprehension through Dynamic Analysis.;315;1;Workshops;
2006;Francesca Arcelli Fontana,Claudia Raibulet,Yann-Gael Gueheneuc,Giuliano Antoniol,Jason McC. Smith;Design Pattern Detection for Reverse Engineering.;316;1;Workshops;
2006;Susan Elliott Sim;Case Studies for Reverse Engineers.;319;1;Tutorial;
2006;Mark Harman,Sue Black,Paolo Tonella;Workshop Introduction Astrenet Aspect Analysis.;323;1;IEEE International Astrenet Aspect Analysis (AAA) Workshop;
2006;Gunter Kniesel,Uwe Bardey;An Analysis of the Correctness and Completeness of Aspect Weaving.;324-333;10;IEEE International Astrenet Aspect Analysis (AAA) Workshop;
2006;Jens Krinke;Mining Control Flow Graphs for Crosscutting Concerns.;334-342;9;IEEE International Astrenet Aspect Analysis (AAA) Workshop;
2005;;Message from the Program Chairs.;;0;Introduction;
2005;;Message from the General Chair: On the Meeting of Software Architecture and Reverse Engineering.;;0;Introduction;
2005;;Committees.;;0;Introduction;
2005;;Keynote Speakers.;;0;Introduction;
2005;Deji Fatiregun,Mark Harman,Robert M. Hierons;Search-Based Amorphous Slicing.;3-12;10;Transformation and Symbolic Representation;
2005;Robert L. Akers,Ira D. Baxter,Michael Mehlich,Brian J. Ellis,Kenn R. Luecke;Reengineering C++ Component Models via Automatic Program Transformation.;13-22;10;Transformation and Symbolic Representation;
2005;Jacques Carette,Pulak Kumar Chowdhury;Symbolic Interpretation of Legacy Assembly Language.;23-32;10;Transformation and Symbolic Representation;
2005;Lei Wang,James R. Cordy,Thomas Roy Dean;Enhancing Security Using Legality Assertions.;35-44;10;Security;
2005;Sharath K. Udupa,Saumya K. Debray,Matias Madou;Deobfuscation: Reverse Engineering Obfuscated Code.;45-54;10;Security;
2005;Qingshan Li,Hua Chu,Shengming Hu,Ping Chen,Zhao Yun;Architecture Recovery and Abstraction from the Perspective of Processes.;57-66;10;Architecture Recovery;
2005;Ahmed E. Hassan,Zhen Ming Jiang,Richard C. Holt;Source versus Object Code Extraction for Recovering Software Architecture.;67-76;10;Architecture Recovery;
2005;Bill Andreopoulos,Aijun An,Vassilios Tzerpos,Xiaogang Wang;Multiple Layer Clustering of Large Software Systems.;79-88;10;Clustering;
2005;Andreas Christl,Rainer Koschke,Margaret-Anne D. Storey;Equipping the Reflexion Method with Automated Clustering.;89-98;10;Clustering;
2005;Mircea Trifu,Volker Kuttruff;Capturing Nontrivial Concerns in Object-Oriented Software.;99-108;10;Clustering;
2005;Harry M. Sneed;Estimating the Costs of a Reengineering Project.;111-119;9;Management and Applications;
2005;Jens Knodel,Isabel John,Dharmalingam Ganesan,Martin Pinzger,Fernando Usero,Jose L. Arciniegas,Claudio Riva;Asset Recovery and Their Incorporation into Product Lines.;120-129;10;Management and Applications;
2005;Adrian Kuhn,Stephane Ducasse,Tudor Girba;Enriching Reverse Engineering with Semantic Clustering.;133-142;10;Analysis of Source Code Identifiers;
2005;Sunghun Kim,Kai Pan,Jim Whitehead;When Functions Change Their Names: Automatic Detection of Origin Relationships.;143-152;10;Analysis of Source Code Identifiers;
2005;Adrian Trifu,Radu Marinescu;Diagnosing Design Problems in Object Oriented Systems.;155-164;10;Reverse Engineering Object-Oriented Systems;
2005;Wei Wang,Vassilios Tzerpos;Design Pattern Detection in Eiffel Systems.;165-174;10;Reverse Engineering Object-Oriented Systems;
2005;Andrew Sutton,Jonathan I. Maletic;Mappings for Accurately Reverse Engineering UML Class Models from C++.;175-184;10;Reverse Engineering Object-Oriented Systems;
2005;Andrew J. Malton,Richard C. Holt;Boxology of NBA and TA: A Basis for Understanding Software Architecture.;187-195;9;Representations and Schemas;
2005;Nicholas A. Kraft,Brian A. Malloy,James F. Power;Toward an Infrastructure to Support Interoperability in Reverse Engineering.;196-205;10;Representations and Schemas;
2005;Daniel L. Moise,Kenny Wong;Extracting and Representing Cross-Language Dependencies in Diverse Software Systems.;209-218;10;Source Code Browsing;
2005;S. Alexander Spoon,Olin Shivers;Semantic Navigation of Large Code Bases in Higher-Order, Dynamically Typed Languages.;219-228;10;Source Code Browsing;
2005;Bas Graaf,Liam O'Brien,Rafael Capilla;Reengineering towards Product Lines (R2PL 2005).;231;1;Workshops;
2005;Orla Greevy,Abdelwahab Hamou-Lhadj,Andy Zaidman;Workshop on Program Comprehension through Dynamic Analysis (PCODA '05).;232;1;Workshops;
2005;Leon Moonen,Spiros Mancoridis;Workshop on Code Based Software Security Assessments (CoBaSSA 2005).;233;1;Workshops;
2005;Yijun Yu,John Mylopoulos,Yiqiao Wang,Sotirios Liaskos,Alexei Lapouchnian,Ying Zou,Martin Littou,Julio Cesar Sampaio do Prado Leite;RETR: Reverse Engineering to Requirements.;234;1;Workshops;
2005;Philip Newcomb;Architecture-Driven Modernization (ADM).;237;1;Tutorials;
2005;Gerardo Canfora,Massimiliano Di Penta;Architecting, Analyzing and Testing Service-Oriented Systems.;237;1;Tutorials;
2004;Arun Lakhotia,Prashant Pathak;Virus Analysis: Techniques, Tools, and Research Issues.;2;1;Tutorial;
2004;Jean Bezivin;Model Engineering for Software Modernization.;4;1;Keynotes;
2004;Mary Jean Harrold;Static and Dynamic Analyses of Programs with Implicit Control Flow.;5;1;Keynotes;
2004;Ralf Kollmann;Experiences with an Industrial Long-Term Reengineering Project.;8-16;9;Industrial Experiences;
2004;Harry M. Sneed;Reengineering Reports.;17-26;10;Industrial Experiences;
2004;Mike Van Emmerik,Trent Waddington;Using a Decompiler for Real-World Source Recovery.;27-36;10;Industrial Experiences;
2004;Gerardo Canfora,Giuseppe Di Santo,Eugenio Zimeo;Toward Seamless Migration of Java AWT-Based Applications to Personal Wireless Devices.;38-47;10;Platform- and Language-Specific Re-engineering;
2004;Thomas Gschwind,Martin Pinzger,Harald Gall;TUAnalyzer -- Analyzing Templates in C++ Code.;48-57;10;Platform- and Language-Specific Re-engineering;
2004;Philippe Thiran,Geert-Jan Houben,Jean-Luc Hainaut,Djamal Benslimane;Updating Legacy Databases through Wrappers: Data Consistency Management.;58-67;10;Platform- and Language-Specific Re-engineering;
2004;Michael J. Pacione,Marc Roper,Murray Wood;A Novel Software Visualisation Model to Support Software Comprehension.;70-79;10;Visualization;
2004;Jingwei Wu,Richard C. Holt,Ahmed E. Hassan;Exploring Software Evolution Using Spectrographs.;80-89;10;Visualization;
2004;Xiaomin Wu,Adam Murray,Margaret-Anne D. Storey,Robert Lintern;A Reverse Engineering Approach to Support Software Maintenance: Version Control Knowledge Extraction.;90-99;10;Visualization;
2004;Matthias Rieger,Stephane Ducasse,Michele Lanza;Insights into System-Wide Code Duplication.;100-109;10;Visualization;
2004;Paolo Tonella,Mariano Ceccato;Aspect Mining through the Formal Concept Analysis of Execution Traces.;112-121;10;Pattern Discovery (A);
2004;Gabriela Arevalo,Frank Buchli,Oscar Nierstrasz;Detecting Implicit Collaboration Patterns.;122-131;10;Pattern Discovery (A);
2004;Marius Marin,Arie van Deursen,Leon Moonen;Identifying Aspects Using Fan-In Analysis.;132-141;10;Pattern Discovery (A);
2004;Bart Du Bois,Serge Demeyer,Jan Verelst;Refactoring -- Improving Coupling and Cohesion of Existing Code.;144-151;8;Low-Level Transformations;
2004;Lin Hu,Mark Harman,Robert M. Hierons,David Binkley;Loop Squashing Transformations for Amorphous Slicing.;152-160;9;Low-Level Transformations;
2004;Arun Lakhotia,Moinuddin Mohammed;Imposing Order on Program Statements to Assist Anti-Virus Scanners.;161-170;10;Low-Level Transformations;
2004;Yann-Gael Gueheneuc,Houari A. Sahraoui,Farouk Zaidi;Fingerprinting Design Patterns.;172-181;10;Pattern Discovery (B);
2004;Michael Eichberg,Mira Mezini,Klaus Ostermann,Thorsten Schafer;XIRC: A Kernel for Cross-Artifact Information Engineering in Software Development Environments.;182-191;10;Pattern Discovery (B);
2004;Radu Marinescu,Daniel Ratiu;Quantifying the Quality of Object-Oriented Design: The Factor-Strategy Model.;192-201;10;Pattern Discovery (B);
2004;Jean-Marie Favre;CacOphoNy: Metamodel-Driven Architecture Recovery.;204-213;10;Extracting High-Level Information;
2004;Andrian Marcus,Andrey Sergeyev,Vaclav Rajlich,Jonathan I. Maletic;An Information Retrieval Approach to Concept Location in Source Code.;214-223;10;Extracting High-Level Information;
2004;Ying Zou,Terence C. Lau,Kostas Kontogiannis,Tack Tong,Ross McKegney;Model-Driven Business Process Recovery.;224-233;10;Extracting High-Level Information;
2004;Patrick La Roche,Anthony Cox;Combined Software and Hardware Comprehension in Reverse Engineering.;234-243;10;Extracting High-Level Information;
2004;Andrew Mohan,Nicolas Gold,Paul J. Layzell;An Initial Approach to Assessing Program Comprehensibility Using Spatial Complexity, Number of Concepts and Typographical Style.;246-255;10;Metrics-Based Methods;
2004;Timothy M. Meyers,David Binkley;Slice-Based Cohesion Metrics and Software Intervention.;256-265;10;Metrics-Based Methods;
2004;Andreas Bollin;The Efficiency of Specification Fragments.;266-275;10;Metrics-Based Methods;
2004;Ahmed E. Hassan,Richard C. Holt;The Small World of Software Reverse Engineering.;278-283;6;Clustering;
2004;Mark Shtern,Vassilios Tzerpos;A Framework for the Comparison of Nested Software Decompositions.;284-292;9;Clustering;
2004;Mika Karaila,Tarja Systa;Maintenance and Analysis of Visual Programs -- An Industrial Case.;294-295;2;Posters;
2004;Naoman Abbas,Sumant Tambe,Jonathan E. Cook;Using DDL to Understand and Modify SimpleScalar.;296-297;2;Posters;
2004;Vinicius Cardoso Garcia,Daniel Lucredio,Antonio Francisco do Prado,Alexandre Alvaro,Eduardo Santana de Almeida;Towards an Effective Approach for Reverse Engineering.;298-299;2;Posters;
2004;Chanjin Park,Yoohoon Kang,Chisu Wu,Kwangkeun Yi;A Static Reference Flow Analysis to Understand Design Pattern Behavior.;300-301;2;Posters;
2004;Dirk Draheim,Christof Lutteroth,Gerald Weber;Generator Code Opaque Recovery of Form-Oriented Web Site Models.;302-303;2;Posters;
2004;Adam Murray,Timothy Lethbridge;A Brief Summary of Cognitive Patterns for Program Comprehension.;304-305;2;Posters;
2004;Magiel Bruntink,Arie van Deursen,Tom Tourwe;An Initial Experiment in Reverse Engineering Aspects.;306-307;2;Posters;
2003;Gail C. Murphy;Learning from the Past.;2-3;2;Invited Talk;
2003;Noah Snavely,Saumya K. Debray,Gregory R. Andrews;Unscheduling, Unpredication, Unspeculation: Reverse Engineering Itanium Executables.;4-13;10;Low-Level Reverse Engineering;
2003;Lori Vinciguerra,Linda M. Wills,Nidhi Kejriwal,Paul Martino,Ralph L. Vinciguerra;An Experimentation Framework for Evaluating Disassembly and Decompilation Tools for C++ and Java.;14-23;10;Low-Level Reverse Engineering;
2003;Lewis B. Baumstark Jr.,Murat Guler,Linda M. Wills;Extracting an Explicitly Data-Parallel Representation of Image-Processing Programs.;24-35;12;Low-Level Reverse Engineering;
2003;Rainer Koschke,Daniel Simon;Hierarchical Reflexion Models.;36-45;10;Software Architecture;
2003;Christoph Stoermer,Liam O'Brien,Chris Verhoef;Moving Towards Quality Attribute Driven Software Architecture Reconstruction.;46-56;11;Software Architecture;
2003;Lionel C. Briand,Yvan Labiche,Y. Miao;Towards the Reverse Engineering of UML Sequence Diagrams.;57-66;10;Software Architecture;
2003;Minmin Han,Christine Hofmeister,Robert L. Nord;Reconstructing Software Architecture for J2EE Web Applications.;67-79;13;Software Architecture;
2003;Michael J. Pacione,Marc Roper,Murray Wood;Comparative Evaluation of Dynamic Visualisation Tools.;80-89;10;Visualization;
2003;Michael Fischer,Martin Pinzger,Harald Gall;Analyzing and Relating Bug Report Data for Feature Tracking.;90-101;12;Visualization;
2003;Ying Liu,Eleni Stroulia;Reverse Engineering the Process of Small Novice Software Teams.;102-112;11;Software Process;
2003;Ulrike Kolsch,Rene Witte;Fuzzy Extensions for Reverse Engineering Repository Models.;113-122;10;Software Process;
2003;Ahmed E. Hassan,Richard C. Holt;Studying the Chaos of Code Development.;123-133;11;Software Process;
2003;Jennifer Bevan,Jim Whitehead;Identification of Software Instabilities.;134-145;12;Software Process;
2003;Lijie Zou,Michael W. Godfrey;Detecting Merging and Splitting using Origin Analysis.;146-154;9;Software Evolution;
2003;Melis Dagpinar,Jens H. Weber-Jahnke;Predicting Maintainability with Object-Oriented Metrics - An Empirical Comparison.;155-164;10;Software Evolution;
2003;Thierry Bodhuin,Enrico Guardabascio,Maria Tortorella;Migration of non-decomposable software systems to the Web using screen proxies.;165-174;10;Software Evolution;
2003;Gerald C. Gannod,Huimin Zhu,Sudhakiran V. Mudiam;On-the-fly Wrapping of Web Services to Support Dynamic Integration.;175-185;11;Software Evolution;
2003;Jens Knodel,Martin Pinzger;Improving Fact Extraction of Framework-Based Software Systems.;186-195;10;Extraction and Querying;
2003;Yuan Lin,Richard C. Holt,Andrew J. Malton;Completeness of a Fact Extractor.;196-205;10;Extraction and Querying;
2003;Mario Latendresse;RegReg: a Lightweight Generator of Robust Parsers for Irregular Languages.;206-215;10;Extraction and Querying;
2003;Dirk Beyer,Andreas Noack,Claus Lewerentz;Simple and Efficient Relational Querying of Software Structures.;216-225;10;Extraction and Querying;
2003;Abdulmalik Al-Gahmi,Ciju John,Jonathan E. Cook,Bo Du;Supporting Quick and Dirty CORBA Introspection and Manipulation.;228-237;10;Distributed Systems;
2003;Maher Salah,Spiros Mancoridis;Toward an environment for comprehending distributed systems.;238-247;10;Distributed Systems;
2003;Alexandre Alvaro,Daniel Lucredio,Vinicius Cardoso Garcia,Antonio Francisco do Prado,Luis Carlos Trevelin,Eduardo Santana de Almeida;Orion-RE: A Component-Based Software Reengineering Environment .;248-259;12;Distributed Systems;
2003;Atif M. Memon,Ishan Banerjee,Adithya Nagarajan;GUI Ripping: Reverse Engineering of Graphical User Interfaces for Testing.;260-269;10;Tools and Applications;
2003;Qin Zhu,Yu Chen,Piotr Kaminski,Anke Weber,Holger M. Kienle,Hausi A. Muller;Leveraging Visio for Adoption-Centric Reverse Engineering Tools.;270-274;5;Tools and Applications;
2003;Daniel L. Moise,Kenny Wong;An Industrial Experience in Reverse Engineering.;275-284;10;Tools and Applications;
2003;Andrew Walenstein,Nitin Jyoti,Junwei Li,Yun Yang,Arun Lakhotia;Problems Creating Task-relevant Clone Detection Reference Data.;285-295;11;Tools and Applications;
2003;Christophe Alias,Denis Barthou;Algorithm Recognition based on Demand-Driven Data-flow Analysis.;296-305;10;Program Analysis;
2003;Markus Clermont;Analyzing Large Spreadsheet Programs.;306-315;10;Program Analysis;
2003;Keith Gallagher,David Binkley;An Empirical Study of Computation Equivalence as Determined by Decomposition Slice Equivalence.;316-322;7;Program Analysis;
2003;Christopher Dahn,Spiros Mancoridis;Using Program Transformation to Secure C Programs Against Buffer Overflows.;323-333;11;Program Analysis;
2003;Periklis Andritsos,Vassilios Tzerpos;Software Clustering based on Information Loss Minimization.;334-344;11;Reconstruction;
2003;Idris Hsi,Colin Potts,Melody Moore Jackson;Ontological Excavation: Unearthing the core concepts of the application.;345-352;8;Reconstruction;
2003;Uri Dekel,Yossi Gil;Revealing Class Structure with Concept Lattices.;353-365;13;Reconstruction;
2003;Jean-Marie Favre,Michael W. Godfrey,Andreas Winter;First International Workshop on Meta-Models and Schemas for Reverse Engineering - ateM 2003.;366-367;2;Workshop Descriptions;
2003;Arun Lakhotia,Andrew Walenstein,Rainer Koschke;Second International Workshop on Detection of Software Clones.;368;1;Workshop Descriptions;
2003;Ladan Tahvildari,Kostas Kontogiannis;First International Workshop on Refactoring : Achievements, Challenges, and Effects (REFACE?03).;369-370;2;Workshop Descriptions;
2002;Ali Shokoufandeh,Spiros Mancoridis,Matthew Maycock;Applying Spectral Methods to Software Clustering.;3-10;8;Abstraction and Concept Assignment;
2002;Mark Harman,Nicolas Gold,Robert M. Hierons,David Binkley;Code Extraction Algorithms which Unify Slicing and Concept Assignment.;11-21;11;Abstraction and Concept Assignment;
2002;Ralf Kollman,Petri Selonen,Eleni Stroulia,Tarja Systa,Albert Zundorf;A Study on the Current State of the Art in Tool-Supported UML-Based Static Reverse Engineering.;22-;0;Abstraction and Concept Assignment;
2002;Mark Probst,Andreas Krall,Bernhard Scholz;Register Liveness Analysis for Optimizing Dynamic Binary Translation.;35-44;10;Binary Analysis;
2002;Benjamin Schwarz,Saumya K. Debray,Gregory R. Andrews;Disassembly of Executable Code Revisited.;45-54;10;Binary Analysis;
2002;Linda M. Wills,Tarek M. Taha,Lewis B. Baumstark Jr.,D. Scott Wills;Estimating Potential Parallelism for Platform Retargeting.;55-64;10;Binary Analysis;
2002;Jens Troger,Cristina Cifuentes;Analysis of Virtual Method Invocation for Binary Translation.;65-;0;Binary Analysis;
2002;Ladan Tahvildari,Kostas Kontogiannis;A Methodology for Developing Transformations Using the Maintainability Soft-Goal Graph.;77-;0;Software Quality;
2002;Angel Asencio,Sam Cardman,David Harris,Ellen Laderman;Relating Expectations to Automatically Recovered Design Patterns.;87-96;10;Software Quality;
2002;Eva Van Emden,Leon Moonen;Java Quality Assurance by Detecting Code Smells .;97-;0;Software Quality;
2002;Mohammed Daoudi,Lahcen Ouarbya,John Howroyd,Sebastian Danicic,Mark Harman,Chris Fox,Martin P. Ward;ConSUS: A Scalable Approach to Conditioned Slicing.;109-118;10;Program Analysis;
2002;Yunbo Deng,Suraj C. Kothari;Using Conceptual Roles of Data for Enhanced Program Comprehension.;119-127;9;Program Analysis;
2002;Thomas Eisenbarth,Rainer Koschke,Gunther Vogel;Static Trace Extraction.;128-;0;Program Analysis;
2002;Galal Hassan Galal;Reverse Architecting: Seeking the Architectonic.;141-150;10;Software Architecture (Invited Contribution);
2002;Christoph Stoermer,Liam O'Brien,Chris Verhoef;Practice Patterns for Architecture Reconstruction.;151-160;10;Software Architecture (Invited Contribution);
2002;Claudio Riva,Yaojin Yang;Generation of Architectural Documentation Using XML.;161-;0;Software Architecture (Invited Contribution);
2002;Martin Pinzger,Michael Fischer,Harald Gall,Mehdi Jazayeri;Revealer: A Lexical Pattern Matcher for Architecture Recovery.;170-;0;Software Architecture (Invited Contribution);
2002;Lahcen Ouarbya,Sebastian Danicic,Mohammed Daoudi,Mark Harman,Chris Fox;A Denotational Interprocedural Program Slicer.;181-;0;Program Representation and Manipulation;
2002;James F. Power,Brian A. Malloy;Program Annotation in XML: A Parse-Tree Based Approach.;190-;0;Program Representation and Manipulation;
2002;Gregory McArthur,John Mylopoulos,Siu Kee Keith Ng;An Extensible Tool for Source Code Representation Using XML.;199-;0;Program Representation and Manipulation;
2002;Jean Henrard,Jean-Marc Hick,Philippe Thiran,Jean-Luc Hainaut;Strategies for Data Reengineering.;211-220;10;Data Reengineering;
2002;Roland T. Mittermeir,Markus Clermont;Finding High-Level Structures in Spreadsheet Programs.;221-232;12;Data Reengineering;
2002;Hee Beng Kuan Tan,Nilar Thein;Verifying Provisions for Post-Transaction User Input Error Correction through Static Program Analysis.;233-;0;Data Reengineering;
2002;Lewis B. Baumstark Jr.,Linda M. Wills;Exposing Data-Level Parallelism in Sequential Image Processing Algorithms.;245-254;10;Concurrency;
2002;Jonathan E. Cook,Zhidian Du;Discovering Thread Interactions in a Concurrent System.;255-;0;Concurrency;
2002;R. Ian Bull,Andrew Trevors,Andrew J. Malton,Michael W. Godfrey;Semantic Grep: Regular Expressions + Relational Abstraction.;267-276;10;Software Exploration;
2002;Maria Fernanda N. Ramal,Ricardo de Moura Meneses,Nicolas Anquetil;A Disturbing Result on the Knowledge Used during Software Maintenance.;277-;0;Software Exploration;
2002;Ludger Martin,Anke Giesl,Johannes Martin;Dynamic Component Program Visualization.;289-298;10;Visualization;
2002;Juergen Rilling,Sudhir P. Mudur;On the Use of Metaballs to Visually Map Source Code Structures and Analysis Results onto 3D Space.;299-308;10;Visualization;
2002;Larry A. Barowski,James H. Cross II;Extraction and Use of Class Dependency Information for Java.;309-;0;Visualization;
2002;Massimiliano Di Penta,Markus Neteler,Giuliano Antoniol,Ettore Merlo;Knowledge-Based Library Re-Factoring for an Open Source Project.;319-328;10;Web Services;
2002;Thierry Bodhuin,Enrico Guardabascio,Maria Tortorella;Migrating COBOL Systems to the WEB by Using the MVC Design Pattern.;329-338;10;Web Services;
2002;Laurent Bouillon,Jean Vanderdonckt;Retargeting of Web Pages to Other Computing Platforms with VAQUITA.;339-;0;Web Services;
2001;Bernt Kullbach,Volker Riediger;Folding: An Approach to Enable Program Understanding of Preprocessed Languages.;3-12;10;Pre-Processing and Parsing;
2001;Leon Moonen;Generating Robust Parsers Using Island Grammars.;13-;0;Pre-Processing and Parsing;
2001;Mark Harman,Robert M. Hierons,Sebastian Danicic,John Howroyd,Michael R. Laurence,Chris Fox;Node Coarsening Calculi for Program Slicing.;25-34;10;Program Slicing;
2001;Gustavo Villavicencio,Jose Nuno Oliveira;Reverse Program Calculation Supported by Code Slicing.;35-;0;Program Slicing;
2001;Rudolf Ferenc,Susan Elliott Sim,Richard C. Holt,Rainer Koschke,Tibor Gyimothy;Towards a Standard Schema for C/C++.;49-58;10;Standard Schemas and Schema Conversions;
2001;Thomas Roy Dean,Andrew J. Malton,Richard C. Holt;Union Schemas as a Basis for a C++ Extractor.;59-;0;Standard Schemas and Schema Conversions;
2001;Ladan Tahvildari,Kostas Kontogiannis,John Mylopoulos;Requirements-Driven Software Re-engineering Framework.;71-80;10;Requirement and Design Level;
2001;Ralf Kollmann,Martin Gogolla;Application of UML Associations and Their Adornments in Design Recovery.;81-;0;Requirement and Design Level;
2001;Brian S. Mitchell,Spiros Mancoridis;CRAFT: A Framework for Evaluating Software Clustering Results in the Absence of Benchmark Decompositions.;93-102;10;Clustering for Remodularization;
2001;Kamran Sartipi,Kostas Kontogiannis;Component Clustering Based on Maximal Association.;103-114;12;Clustering for Remodularization;
2001;Gerald C. Gannod,Barbara D. Gannod;An Investigation into the Connectivity Properties of Source-Header Dependency Graphs.;115-126;12;Clustering for Remodularization;
2001;Gerard P. Huet;From an Informal Textual Lexicon to a Well-Structured Lexical Database: An Experiment in Data Reverse Engineering.;127-135;9;Data Reverse Engineering;
2001;Michael R. Blaha;A Retrospective on Industrial Database Reverse Engineering Projects. Part 1.;136-146;11;Data Reverse Engineering;
2001;Michael R. Blaha;A Retrospective on Industrial Database Reverse Engineering Projects. Part 2.;147-;0;Data Reverse Engineering;
2001;Juergen Rilling;Maximizing Functional Cohesion of Comprehension Environments by Integrating User and Task Knowledge.;157-165;9;Program Comprehension;
2001;Nicolas Anquetil;Characterizing the Informal Knowledge Contained in Systems.;166-175;10;Program Comprehension;
2001;Arie van Deursen;Program Comprehension Risks and Opportunities in Extreme Programming.;176-;0;Program Comprehension;
2001;Harry M. Sneed;Wrapping Legacy COBOL Programs behind an XML-Interface.;189-;0;Wrapping;
2001;Philippe Thiran,Jean-Luc Hainaut;Wrapper Development for Legacy Data Reuse.;198-207;10;Wrapping;
2001;Mohammad El-Ramly,Paul Iglinski,Eleni Stroulia,Paul G. Sorenson,Bruce Matichuk;Modeling the System-User Dialog Using Interaction Traces.;208-;0;Wrapping;
2001;Spiros Mancoridis,Timothy S. Souder,Yih-Farn Robin Chen,Emden R. Gansner,Jeffrey L. Korn;REportal: A Web-Based Portal Site for Reverse Engineering.;221-230;10;Reengineering for the Web;
2001;Giuseppe A. Di Lucca,Massimiliano Di Penta,Giuliano Antoniol,Gerardo Casazza;An Approach for Reverse Engineering of Web-Based Application.;231-240;10;Reengineering for the Web;
2001;Jean Vanderdonckt,Laurent Bouillon,Nathalie Souchon;Flexible Reverse Engineering of Web Pages with VAQUISTA.;241-248;8;Reengineering for the Web;
2001;Cornelia Boldyreff,Richard Kewish;Reverse Engineering to Achieve Maintainable WWW Sites.;249-;0;Reengineering for the Web;
2001;Francoise Balmas;Displaying Dependence Graphs: A Hierarchical Approach.;261-270;10;Workshop on Analysis, Slicing, and Transformation;
2001;Mark Harman,Lin Hu,Malcolm Munro,Xingyuan Zhang;GUSTT: An Amorphous Slicing System which Combines Slicing and Transformation.;271-280;10;Workshop on Analysis, Slicing, and Transformation;
2001;Ira D. Baxter,Michael Mehlich;Preprocessor Conditional Removal by Simple Partial Evaluation.;281-290;10;Workshop on Analysis, Slicing, and Transformation;
2001;Darius Blasband;Parsing in a Hostile World.;291-300;10;Workshop on Analysis, Slicing, and Transformation;
2001;Jens Krinke;Identifying Similar Code with Program Dependence Graphs.;301-309;9;Workshop on Analysis, Slicing, and Transformation;
2001;Antoine Mine;The Octagon Abstract Domain.;310-;0;Workshop on Analysis, Slicing, and Transformation;
2001;Kathi Hogshead Davis;Lessons Learned in Data Reverse Engineering.;323-327;5;Workshop on Data Reverse Engineering;
2001;Yury Bychkov,Jens H. Weber-Jahnke;Interactive Migration of Legacy Databases to Net-Centric Technologies.;328-334;7;Workshop on Data Reverse Engineering;
2001;Reda Alhajj,Faruk Polat;Reengineering Relational Databases to Object-Oriented: Constructing the Class Hierarchy and Migrating the Data.;335-344;10;Workshop on Data Reverse Engineering;
2001;Suzanne M. Embury,Jianhua Shao;Assisting the Comprehension of Legacy Transactions.;345-;0;Workshop on Data Reverse Engineering;
2001;I. Guilfanov;A Simple Type System for Program Reengineering.;357-361;5;Workshop on Decompilation Techniques;
2001;Alan Mycroft,Atsushi Ohori,Shin-ya Katsumata;Comparing Type-Based and Proof-Directed Decompilation.;362-367;6;Workshop on Decompilation Techniques;
2001;Jerome Miecznikowski,Laurie J. Hendren;Decompiling Java Using Staged Encapsulation.;368-374;7;Workshop on Decompilation Techniques;
2001;Cristina Cifuentes,Trent Waddington,Mike Van Emmerik;Computer Security Analysis through Decompilation and High-Level Debugging.;375-380;6;Workshop on Decompilation Techniques;
2000;David Ung,Cristina Cifuentes;Dynamic Re-engineering of Binary Code with Run-time Feedbacks.;2-10;9;Binary Reengineering;
2000;Martin P. Ward;Reverse Engineering from Assembler to Formal Specifications via Program Transformations.;11-;0;Binary Reengineering;
2000;Jens H. Weber-Jahnke,Andrew Walenstein;Reverse Engineering Tools as Media for Imperfect Knowledge.;22-31;10;Reverse Engineering;
2000;Arie van Deursen,Leon Moonen;Exploring Legacy Systems using Types.;32-41;10;Reverse Engineering;
2000;Claudio Riva;Reverse Architecting: An Industrial Experience Report.;42-;0;Reverse Engineering;
2000;Melody Moore Jackson,Lilia V. Moshkina;Migrating Legacy User Interfaces to the Internet: Shifting Dialogue Initiative.;52-58;7;Internet;
2000;Eleni Stroulia,Judi R. Thomson,Gina Situ;Constructing XML-Speaking Wrappers for WEB Applications: Towards an Interoperating WEB.;59-;0;Internet;
2000;Kathi Hogshead Davis,Peter H. Aiken;Data Reverse Engineering: A Historical Survey.;70-78;9;Data Reverse Engineering;
2000;Michael R. Blaha,Ian Benson;Teaching Database Reverse Engineering.;79-85;7;Data Reverse Engineering;
2000;Alessandro Bianchi,Danilo Caivano,Giuseppe Visaggio;Method and Process for Iterative Reengineering of Data in a Legacy System.;86-;0;Data Reverse Engineering;
2000;Magdalena Balazinska,Ettore Merlo,Michel R. Dagenais,Bruno Lague,Kostas Kontogiannis;Advanced Clone-Analysis to Support Object-Oriented System Refactoring.;98-107;10;Refactoring and Object-Orientation;
2000;Giuseppe A. Di Lucca,Anna Rita Fasolino,Ugo de Carlini;Recovering Use Case Models from Object-Oriented Code: A Thread-based Approach.;108-117;10;Refactoring and Object-Orientation;
2000;Maria Istela Cagnin,Rosangela Penteado,Rosana T. V. Braga,Paulo Cesar Masiero;Reengineering Using Design Patterns.;118-127;10;Refactoring and Object-Orientation;
2000;Gerald C. Gannod,Sudhakiran V. Mudiam,Timothy E. Lindquist;An Architectural-based Approach for Synthesizing and Integrating Adapters for Legacy Software.;128-;0;Refactoring and Object-Orientation;
2000;Gerardo Canfora,Jorg Czeranski,Rainer Koschke;Revisiting the Delta IC Approach to Component Recovery.;140-149;10;Recovery;
2000;Ahmed E. Hassan,Richard C. Holt;A Reference Architecture for Web Servers.;150-;0;Recovery;
2000;Richard C. Holt,Andreas Winter,Andy Schurr;GXL: Toward a Standard Exchange Format.;162-171;10;Exchange Representations;
2000;Evan Mamas,Kostas Kontogiannis;Towards Portable Source Code Representations using XML.;172-;0;Exchange Representations;
2000;Susan Elliott Sim,Margaret-Anne D. Storey;A Structured Demonstration of Program Comprehension Tools.;184-193;10;Tools Comparison Workshop;
2000;Volker Riediger;Analyzing XFIG with GUPRO.;194-196;3;Tools Comparison Workshop;
2000;Jorg Czeranski,Thomas Eisenbarth,Holger M. Kienle,Rainer Koschke,Daniel Simon;Analyzing xfig Using the Bauhaus Tools.;197-199;3;Tools Comparison Workshop;
2000;T. Parry III,E. Lee,J. Tran;PBS Tool Demonstration Report on Xfig.;200-202;3;Tools Comparison Workshop;
2000;Arthur Tateishi,Andrew Walenstein;Applying Traditional Unix Tools during Maintenance: An Experience Report.;203-206;4;Tools Comparison Workshop;
2000;Johannes Martin,Kenny Wong,Bruce Winter,Hausi A. Muller;Analyzing xfig Using the Rigi Tool Suite.;207-209;3;Tools Comparison Workshop;
2000;Susan Elliott Sim,Margaret-Anne D. Storey,Andreas Winter;A Structured Demonstration of Five Program Comprehension Tools: Lessons Learnt.;210-;0;Tools Comparison Workshop;
2000;Tarja Systa;Understanding the Behavior of Java Programs.;214-223;10;Program Comprehension;
2000;T. Dean Hendrix,James H. Cross II,Saeed Maghsoodloo;An Experimental Validation of Control Structure Diagrams.;224-;0;Program Comprehension;
2000;Liz Burd,Steven Bradley,John Davey;Studying the Process of Software Change: An Analysis of Software Evolution.;232-239;8;Process;
2000;Giuliano Antoniol,Gerardo Casazza,Aniello Cimitile;Traceability Recovery by Modeling Programmer Behavior.;240-247;8;Process;
2000;S. Muthanna,Kostas Kontogiannis,Kumaraswamy Ponnambalam,B. Stacey;A Maintainability Model for Industrial Software Systems using Design Level Metrics.;248-;0;Process;
2000;Vassilios Tzerpos,Richard C. Holt;ACDC: An Algorithm for Comprehension-Driven Clustering.;258-267;10;Recovery and Clustering;
2000;John Davey,Liz Burd;Evaluating the Suitability of Data Clustering for Software Remodularization.;268-;0;Recovery and Clustering;
2000;Susan Elliott Sim;Next Generation Data Interchange: Tool-to-Tool Application Program Interfaces.;278-280;3;Exchange Formats Workshop;
2000;Stephen G. Perelgut;The Case for a Single Data Exchange Format.;281-283;3;Exchange Formats Workshop;
2000;Richard C. Holt,Ahmed E. Hassan,Bruno Lague,Sebastien Lapierre,Charles Leduc;E/R Schema for the Datrix C/C++/Java Exchange Format.;284-286;3;Exchange Formats Workshop;
2000;Marat Boshernitsan,Susan L. Graham;Designing an XML-based Exchange Format for Harmonia.;287-289;3;Exchange Formats Workshop;
2000;Michael W. Godfrey;Defining, Transforming, and Exchanging High-Level Schemas.;290-292;3;Exchange Formats Workshop;
2000;Jorg Czeranski,Thomas Eisenbarth,Holger M. Kienle,Rainer Koschke,Erhard Ploedereder,Daniel Simon,Yan Zhang V,Jean-Francois Girard,Martin Wurthner;Data Exchange in Bauhaus.;293-295;3;Exchange Formats Workshop;
2000;Sander Tichelaar,Stephane Ducasse,Serge Demeyer;FAMIX and XMI.;296-298;3;Exchange Formats Workshop;
2000;Richard C. Holt,Andreas Winter;A Short Introduction to the GXL Software Exchange Format.;299-;0;Exchange Formats Workshop;
1999;Robert Waters,Gregory D. Abowd;Architectural Synthesis: Integrating Multiple Architectural Perspectives.;2-12;11;Architecture;
1999;S. Jeromy Carriere,Steven G. Woods,Rick Kazman;Software Architectural Transformation.;13-23;11;Architecture;
1999;Felipe Gouveia de Freitas,Julio Cesar Sampaio do Prado Leite;Reusing Domains for the Construction of Reverse Engineering Tools.;24-;0;Architecture;
1999;Arun Lakhotia,Jean-Christophe Deprez;Restructuring Functions with Low Cohesion.;36-46;11;Reengineering;
1999;Timothy S. Souder,Spiros Mancoridis;A Tool for Securely Integrating Legacy Systems into a Distributed Environment.;47-55;9;Reengineering;
1999;K. Tucker,R. E. Kurt Stirewalt;Model Based User-Interface Reengineering.;56-;0;Reengineering;
1999;Cristina Cifuentes;The Impact of Copyright on the Development of Cutting Edge Binary Reverse Engineering Technology.;66-76;11;The Meta Level;
1999;Gerald C. Gannod,Betty H. C. Cheng;A Framework for Classifying and Comparing Software Reverse Engineering and Design Recovery Techniques.;77-88;12;The Meta Level;
1999;Jurgen Ebert,Bernt Kullbach,Andreas Winter;GraX - An Interchange Format for Reengineering Tools.;89-;0;The Meta Level;
1999;Gerald C. Gannod,Betty H. C. Cheng;A Formal Approach for Reverse Engineering: A Case Study.;100-111;12;Techniques;
1999;Bruno Caprile,Paolo Tonella;Nomen Est Omen: Analyzing the Language of Function Identifiers.;112-122;11;Techniques;
1999;Judith D. Schlesinger,Alyson A. Reeves;Educating JACKAL: Clich Library Development and Use.;123-;0;Techniques;
1999;Giuliano Antoniol,Gerardo Canfora,Andrea De Lucia,Ettore Merlo;Recovering Code to Documentation Links in OO Systems.;136-144;9;Documentation;
1999;Ali Erdem,W. Lewis Johnson;Task Orientation and Tailoring of Interactive Software Explanations.;145-156;12;Documentation;
1999;Stephane Ducasse,Tamar Richner,Robb Nebbe;Type-Check Elimination: Two Object-Oriented Reengineering Patterns.;157-;0;Documentation;
1999;Liz Burd,Malcolm Munro;An Initial Approach towards Measuring and Characterizing Software Evolution.;168-174;7;Metrics;
1999;Serge Demeyer,Stephane Ducasse,Michele Lanza;A Hybrid Reverse Engineering Approach Combining Metrics and Program Visualization.;175-186;12;Metrics;
1999;Vassilios Tzerpos,Richard C. Holt;MoJo: A Distance Metric for Software Clusterings.;187-;0;Metrics;
1999;Michael R. Blaha;An Industrial Example of Database Reverse Engineering.;196-203;8;Case Studies;
1999;Harry M. Sneed;Risks Involved in Reengineering Projects.;204-211;8;Case Studies;
1999;Aniello Cimitile,Anna Rita Fasolino,Giuseppe Visaggio;A Software Model for Impact Analysis: A Validation Experiment.;212-;0;Case Studies;
1999;Christopher M. Jermaine;Computing Program Modularizations Using the k-Cut Method.;224-234;11;Modularization;
1999;Nicolas Anquetil,Timothy Lethbridge;Experiments with Clustering as a Software Remodularization Method.;235-255;21;Modularization;
1999;Rainer Koschke;An Incremental Semi-Automatic Method for Component Recovery.;256-;0;Modularization;
1999;Francoise Balmas;QBO: A Query Tool Specially Developed to Explore Programs.;270-279;10;Tools;
1999;Cristina Cifuentes,Mike Van Emmerik,Norman Ramsey;The Design of a Resourceable and Retargetable Binary Translator.;280-291;12;Tools;
1999;Eleni Stroulia,Mohammad El-Ramly,Lanyan Kong,Paul G. Sorenson,Bruce Matichuk;Reverse Engineering Legacy Interfaces: An Interaction-Driven Approach.;292-;0;Tools;
1999;Tarja Systa;On the Relationships between Static and Dynamic Models in Reverse Engineering Java Software.;304-313;10;Java;
1999;Jeffrey L. Korn,Yih-Farn Robin Chen,Eleftherios Koutsofios;Chava: Reverse Engineering and Tracking of Java Applets.;314-325;12;Java;
1999;Magdalena Balazinska,Ettore Merlo,Michel R. Dagenais,Bruno Lague,Kostas Kontogiannis;Partial Redesign of Java Software Systems Based on Clone Analysis.;326-336;11;Java;
1998;Liz Burd,Malcolm Munro;Assisting Human Understanding to Aid the Targeting of Necessary Reengineering Work.;2-9;8;;
1998;Derek Rayside,Scott Kerr,Kostas Kontogiannis;Change And Adaptive Maintenance in Java Software Systems.;10-19;10;;
1998;Pierfrancesco Fusaro,Maria Tortorella,Giuseppe Visaggio;REP - chaRacterising and Exploiting Process component: Results of Experimentation.;20-29;10;;
1998;M. N. Armstrong,C. Trudeau;Evaluating Architectural Extraction Tools.;30-39;10;;
1998;Tao Lin,Liam O'Brien;FEPSS: A Flexible and Extensible Program Comprehension Support System.;40-49;10;;
1998;Ramachenga R. Valasareddi,Doris L. Carver;A Graph-Based Object Identification Process for Procedural Programs.;50-58;9;;
1998;Aniello Cimitile,Ugo de Carlini,Andrea De Lucia;Incremental Migration Strategies: Data Flow Analysis For Wrapping.;59-68;10;;
1998;Richard Clayton,Spencer Rugaber,Linda M. Wills;On the Knowledge Required to Understand a Program.;69-78;10;;
1998;Melissa P. Chase,Steven M. Christey,David R. Harris,Alexander S. Yeh;Managing Recovered Function and Structure of Legacy Software Components.;79-88;10;;
1998;M. P. A. Sellink,Chris Verhoef;Native Patterns.;89-103;15;;
1998;Ulrike Kolsch;Object-Oriented Reengineering of Information Systems in a Heterogeneous Distributed Environment.;104-114;11;;
1998;Francoise Balmas;Outlining C Loops: Preliminary Results and Trends.;115-124;10;;
1998;Gerald C. Gannod,Gora Sudindranath,Mark Fagnani,Betty H. C. Cheng;PACKRAT: A Software Reengineering Case Study.;125-134;10;;
1998;Bernt Kullbach,Andreas Winter,Peter Dahm,Jurgen Ebert;Program Comprehension in Multi-Language Systems.;135-143;9;;
1998;Rosangela Penteado,Paulo Cesar Masiero,Antonio Francisco do Prado;Reengineering of Legacy Systems Based on Transformation Using the Object-Oriented Paradigm.;144-153;10;;
1998;Rick Kazman,Steven S. Woods,S. Jeromy Carriere;Requirements for Integrating Software Architecture and Reengineering Models: CORUM II.;154-163;10;;
1998;Michael R. Blaha,David LaPlant,Erica Marvak;Requirements for Repository Software.;164-173;10;;
1998;Homayoun Dayani-Fard,Igor Jurisica;Reverse Engineering by Mining Dynamic Repositories.;174-182;9;;
1998;Michael R. Blaha;On Reverse Engineering of Vendor Databases.;183-190;8;;
1998;Theodoros Lantzos,Helen M. Edwards,Anthony Bryant,Neil Willis;ROMEO: Reverse Engineering from OO Source Code to OMT Design.;191-200;10;;
1998;James H. Cross II,T. Dean Hendrix,Larry A. Barowski,Karl S. Mathias;Scalable Visualizations to Support Reverse Engineering: A Framework for Evaluation.;201-209;9;;
1998;Richard C. Holt;Structural Manipulations of Software Architecture using Tarski Relational Algebra.;210-219;10;;
1998;Arie van Deursen,Leon Moonen;Type Inference for COBOL Systems.;220-230;11;;
1998;Carlos Montes de Oca,Doris L. Carver;A Visual Representation Model for Software Subsystem Decomposition.;231-240;10;;
1998;Rainer Koschke,Jean-Francois Girard;An Intermediate Representation for Reverse Engineering Analyses.;241-250;10;;
1997;Berndt Bellay,Harald Gall;A Comparison of Four Reverse Engineering Tools.;2-11;10;Invited Lecture;
1997;Margaret-Anne D. Storey,Kenny Wong,Hausi A. Muller;How Do Program Understanding Tools Affect How Programmers Understand Programs?;12-;0;Invited Lecture;
1997;Theo Wiggerts,Hans Bosma,Erwin Fielt;Scenarios for the Identification of Objects in Legacy Systems.;24-32;9;Object and Module Identification;
1997;T. A. Wiggerts;Using Clustering Algorithms in Legacy Systems Remodularization.;33-43;11;Object and Module Identification;
1997;Kostas Kontogiannis;Evaluation Experiments on the Detection of Programming Patterns Using Software Metrics.;44-;0;Object and Module Identification;
1997;Dean F. Jerding,Spencer Rugaber;Using Visualization for Architectural Localization and Extraction.;56-65;10;Architectural Understanding;
1997;Jean-Francois Girard,Rainer Koschke,Georg Schied;Comparison of Abstract Data Type and Abstract State Encapsulation Detection Techniques for Architectural Understanding.;66-75;10;Architectural Understanding;
1997;Vassilios Tzerpos,Richard C. Holt;The Orphan Adoption Problem in Architecture Maintenance.;76-;0;Architectural Understanding;
1997;Alyson A. Reeves,Judith D. Schlesinger;JACKAL: A Hierarchical Approach to Program Understanding.;84-93;10;Program Understanding and Scalability;
1997;Srinivas Palthepu,Jim E. Greer,Gordon I. McCalla;Clich Recognition in Legacy Software: A Scalable, Knowledge-Based Approach.;94-103;10;Program Understanding and Scalability;
1997;Ira D. Baxter,Michael Mehlich;Reverse Engineering is Reverse Forward Engineering.;104-113;10;Program Understanding and Scalability;
1997;Alex Quilici,Steven Woods,Yongjun Zhang;New Experiments with a Constraint-Based Approach to Program Plan Matching.;114-123;10;Program Understanding and Scalability;
1997;Arie van Deursen,Steven Woods,Alex Quilici;Program Plan Recognition for Year 2000 Tools.;124-;0;Program Understanding and Scalability;
1997;T. Dean Hendrix,James H. Cross II,Larry A. Barowski,Karl S. Mathias;Tool Support for Reverse Engineering Multi-Lingual Software.;136-143;8;Tool Support;
1997;Mark van den Brand,M. P. A. Sellink,Chris Verhoef;Generation of Components for Software Renovation Factories from Context-Free Grammars.;144-;0;Tool Support;
1997;Melody Moore Jackson,Spencer Rugaber;Domain Analysis for Transformational Reuse.;156-163;8;Domain-Oriented Reengineering;
1997;Jean-Marc DeBaud;DARE: Domain-Augmented ReEngineering.;164-;0;Domain-Oriented Reengineering;
1997;Michael R. Blaha;Dimensions of Database Reverse Engineering.;176-183;8;Database Reverse Engineering;
1997;N. Mfourga;Extracting Entity-Relationship Schemas from Relational Databases: A Form-Driven Approach.;184-193;10;Database Reverse Engineering;
1997;Jean-Luc Hainaut,Jean-Marc Hick,Jean Henrard,Didier Roland,Vincent Englebert;Knowledge Transfer in Database Reverse Engineering: A Supporting Case Study.;194-;0;Database Reverse Engineering;
1997;Harry M. Sneed;Program Interface Reengineering for Wrapping.;206-214;9;Re-engineering;
1997;Liz Burd,Malcolm Munro;The Implications of Non-Functional Requirements for the Reengineering of Legacy Code.;215-;0;Re-engineering;
1997;Francoise Balmas;Toward a Framework for Conceptual and Formal Outlines of Programs.;226-235;10;Enabling Technologies;
1997;Alain April,Ettore Merlo,Alain Abran;A Reverse Engineering Approach to Evaluate Function Point Rules.;236-246;11;Enabling Technologies;
1996;James M. Neighbors;Finding Reusable Software Components in Large Systems.;2-10;9;Experiments with Large Systems;
1996;Bruce Lewis,David J. McConnell;Reengineering Real-Time Embedded Software onto a Parallel Processing Platform.;11-;0;Experiments with Large Systems;
1996;Steven Woods,Alex Quilici;Some Experiments Toward Understanding How Program Plan Recognition Algorithms Scale.;21-30;10;Experiments for Evaluation;
1996;Margaret-Anne D. Storey,Kenny Wong,P. Fong,D. Hooper,K. Hopkins,Hausi A. Muller;On Designing an Experiment to Evaluate a Reverse Engineering Tool.;31-;0;Experiments for Evaluation;
1996;Melody Moore Jackson;Rule-Based Detection for Reverse Engineering User Interfaces.;42-;0;User Interface Migration;
1996;Cristina Cifuentes;Partial Automation of an Integrated Reverse Engineering Environment of Binary Code.;50-56;7;Reverse Engineering Binary and Assembler Code;
1996;Paul H. Morris,Robert E. Filman;Mandrake: A Tool for Reverse-Engineering IBM Assembly Code.;57-66;10;Reverse Engineering Binary and Assembler Code;
1996;Tom Lake,Tim Blanchard;Reverse Engineering of Assembler Programs: A Model-Based Approach and its Logical Basis.;67-75;9;Reverse Engineering Binary and Assembler Code;
1996;Susan N. Roberts,Richard L. Piazza,D. G. Katz;A Portable Assembler Reverse Engineering Environment (PARE).;76-;0;Reverse Engineering Binary and Assembler Code;
1996;Michael R. Blaha,William J. Premerlani;A Catalog of Object Model Transformations.;87-;0;Object Model Transformation;
1996;Spencer Rugaber,Linda M. Wills;Creating a Research Infrastructure for Reengineering.;98-;0;Reengineering Infrastructure;
1996;Harry M. Sneed;Encapsulating Legacy Software for Use in Client/Server Systems.;104-;0;Wrapping;
1996;Andrew J. McAllister;Reverse Engineering a Medical Database.;121-130;10;Data Reverse Engineering;
1996;Jean-Luc Hainaut,Jean Henrard,Didier Roland,Vincent Englebert,Jean-Marc Hick;Structure Elicitation in Database Reverse Engineering.;131-140;10;Data Reverse Engineering;
1996;Kathi Hogshead Davis;Combining a Flexible Data Model and Phase Schema Translation in Data Model Reverse Engineering.;141-;0;Data Reverse Engineering;
1996;Melissa P. Chase,David R. Harris,Susan N. Roberts,Alexander S. Yeh;Analysis and Presentation of Recovered Software Architectures.;153-162;10;Visualizing Recovered Architectures;
1996;Richard C. Holt,J. Y. Pak;GASE: visualizing Software Evolution-in-the-Large.;163-;0;Visualizing Recovered Architectures;
1996;Harry M. Sneed;Object-Oriented Cobol Recycling.;169-178;10;Recovering Objects;
1996;Rosangela Penteado,Fernao Stella R. Germano,Paulo Cesar Masiero;An Overall Process Based on Fusion to Reverse Engineer Legacy Code.;179-188;10;Recovering Objects;
1996;Liz Burd,Malcolm Munro,Clazien D. Wezeman;Extracting Reusable Modules from Legacy Code: Considering the Issues of Module Granularity.;189-;0;Recovering Objects;
1996;Paolo Tonella,Roberto Fiutem,Giuliano Antoniol,Ettore Merlo;Augmenting Pattern-Based Architectural Recovery with Flow Analysis: Mosaic -A Case Study.;198-207;10;Recognition;
1996;Christian Kramer,Lutz Prechelt;Design Recovery by Automated Search for Structural Design Patterns in Object-Oriented Softwar.;208-;0;Recognition;
1996;Jean-Marc DeBaud;Lessons from a Domain-Based Reengineering Effort.;217-226;10;Domain-Oriented Recovery;
1996;John M. Gravley,Arun Lakhotia;Identifying Enumeration Types Modeled with Symbolic Constants.;227-;0;Domain-Oriented Recovery;
1996;E. J. Younger,Z. Luo,Keith H. Bennett,T. M. Bull;Reverse Engineering Concurrent Programs Using Formal Modelling and Analysis.;239-248;10;Reverse Engineering I;
1996;Gerald C. Gannod,Betty H. C. Cheng;Using Informal and Formal Techniques for the Reverse Engineering of C Programs.;249-258;10;Reverse Engineering I;
1996;Salwa K. Abd-El-Hafiz;Evaluation of a Knowledge-Based Approach to Program Understanding.;259-;0;Reverse Engineering I;
1996;Norman Wilde,Christopher Casey;Early Field Experience with the Software Recounaissance Technique for Program Comprehension.;270-276;7;Reverse Engineering II;
1996;Roberto Fiutem,Paolo Tonella,Giuliano Antoniol,Ettore Merlo;A Cliche-Based Environment to Support Architectural Reverse Engineering.;277-286;10;Reverse Engineering II;
1996;Jean-Marie Favre;Preprocessors from an Abstract Point of View.;287-296;10;Reverse Engineering II;
1995;Patricia Lutsky;Automating Testing by Reverse Engineering of Software Documentation.;0-;0;Analysis of Non-Code Sources;
1995;Julio Cesar Sampaio do Prado Leite,Paulo Monteiro Cerqueira;Recovering Business Rules from Structured Analysis Specifications.;13-21;9;Analysis of Non-Code Sources;
1995;Gregory Butler,Peter Grogono,Rajjan Shinghal,Indra A. Tjandra;Retrieving Information from Data Flow Diagrams.;22-29;8;Analysis of Non-Code Sources;
1995;Philip Newcomb,Paul Martens;Reengineering Procedural into Data Flow Programs.;0-;0;Transformation & Translation;
1995;Federico Zoufaly,Carlos Araya,Ivan Sanabria,Fawsy Bendeck;RESCUE: Legacy Systems Translator.;0-;0;Transformation & Translation;
1995;Philip Newcomb;Legacy System Cataloging Facility.;0-;0;Tools & Environments;
1995;Stanislaw Jarzabek,Tan Poh Keam;Design of a Generic Reverse Engineering Assistant Tool.;61-70;10;Tools & Environments;
1995;Charles H. Wells,Russell Brand,Lawrence Markosian;Customized Tools for Software Quality Assurance and Reengineering.;0-;0;Tools & Environments;
1995;Franklin J. Zigman,Mark L. Wilson;Integrating Reengineering, Reuse and Specification Tool Environments to Enable Reverse Engineering.;0-;0;Tools & Environments;
1995;Brenda S. Baker;On Finding Duplication and Near-Duplication in Large Software Systems.;86-95;10;Detecting Duplication;
1995;Kostas Kontogiannis,Renato de Mori,Morris Bernstein,M. Galler,Ettore Merlo;Pattern Matching for Design Concept Localization.;0-;0;Detecting Duplication;
1995;Piernicola Fiore,Filippo Lanubile,Giuseppe Visaggio;Analyzing Empirical Data from a Reverse Engineering Project.;0-;0;Learning from the Reverse Engineering Process;
1995;Michael R. Blaha,William J. Premerlani;Observed Idiosyncracies of Relational Database Designs.;0-;0;Data Reverse Engineering;
1995;Helen M. Edwards,Malcolm Munro;Deriving a Logical Data Model for a System Using the RECAST Method.;0-;0;Data Reverse Engineering;
1995;Jean-Luc Hainaut,Vincent Englebert,Jean Henrard,Jean-Marc Hick,Didier Roland;Requirements for Information System Reverse Engineering Support.;134-145;12;Data Reverse Engineering;
1995;Kathi Hogshead Davis;August-II: A Tool for Step-by-Step Data Model Reverse Engineering.;0-;0;Data Reverse Engineering;
1995;Alex Quilici,David N. Chin;DECODE: A Cooperative Environment for Reverse-Engineering Legacy Software.;0-;0;Program Understanding;
1995;Spencer Rugaber,R. E. Kurt Stirewalt,Linda M. Wills;The Interleaving Problem in Program Understanding.;0-;0;Program Understanding;
1995;Aniello Cimitile,Andrea De Lucia,Malcolm Munro;Qualifying Reusable Functions Using Symbolic Execution.;0-;0;Formal Methods;
1995;Gerald C. Gannod,Betty H. C. Cheng;Strongest Postcondition Semantics as the Formal Basis for Reverse Engineering.;0-;0;Formal Methods;
1995;Indra A. Tjandra,Gregory Butler;Formal Representation of Reusable Software Modules.;198-202;5;Formal Methods;
1995;Harald Gall,Rene Klosch;Finding Objects in Procedural Programs: An Alternative Approach.;208-216;9;Finding Objects in Procedural Programs;
1995;Harry M. Sneed,Erika Nyary;Extracting Object-Oriented Specification from Procedurally Oriented Programs.;0-;0;Finding Objects in Procedural Programs;
1995;Alexander S. Yeh,David R. Harris,Howard B. Reubenstein;Recovering Abstract Data Types and Object Instances from a Conventional Procedural Language.;227-236;10;Finding Objects in Procedural Programs;
1995;Philip Newcomb,Gordon Kotik;Reengineering Procedural into Object-Oriented Systems.;0-;0;Finding Objects in Procedural Programs;
1995;David R. Harris,Alexander S. Yeh,Howard B. Reubenstein;Recognizers for Extracting Architectural Features from Source Code.;0-;0;Architectural Discovery & Evaluation;
1995;Arun Lakhotia,John M. Gravley;Toward Experimental Evaluation of Subsystem Classification Recovery Techniques.;262-269;8;Architectural Discovery & Evaluation;
1993;Koen Bertels,Philip Vanneste,Carlos De Backer;A Cognitive Approach to Program Understanding.;1-7;7;;
1993;Kevin Lano,Howard P. Haughton;Integrating Formal and Structured Methods in Reverse Engineering.;17-26;10;;
1993;Helen M. Edwards,Malcolm Munro;RECAST: Reverse Engineering from COBOL to SSADM Specifications.;44-53;10;;
1993;Jim Q. Ning,Andre Engberts,Wojtek Kozaczynski;Recovering Reusable Components from Legacy Systems.;64-72;9;;
1993;Gerardo Canfora,Aniello Cimitile,Malcolm Munro;A Reverse Engineering Method for Identifying Reusable Abstract Data Types.;73-82;10;;
1993;F. Cutillo,Piernicola Fiore,Giuseppe Visaggio;"Identification and Extraction of ""Domain Independent"" Components in Large Programs.";83-92;10;;
1993;D. Olshefski,A. Cole;A Prototype System for static and Dynamic Program Understanding.;93-106;14;;
1993;James H. Cross II;GRASP/Ada: Reverse Engineering of Control Structure Diagrams.;107-116;10;;
1993;Howard B. Reubenstein,Richard L. Piazza,Susan N. Roberts;Separating Parsing and Analysis in Reverse Engineering Tools.;117-125;9;;
1993;Alex Quilici;A Hybrid Approach to Recognizing Programming Plans.;126-133;8;;
1993;Linda M. Wills;Flexible Control for Program Recognition.;134-143;10;;
1993;Peter G. Selfridge,Richard C. Waters,Elliot J. Chikofsky;Challenges for the Field of Reverse Engineering.;144-150;7;;
1993;William J. Premerlani,Michael R. Blaha;An Approach for Reverse Engineering of Relational Databases.;151-160;10;;
1993;Jean-Luc Hainaut,M. Chandelon,C. Tonneau,M. Joris;Contribution to a Theory of Database Reverse Engineering.;161-170;10;;
1993;Ettore Merlo,Jean-Francois Girard,Kostas Kontogiannis,Prakash Panangaden,Renato de Mori;Reverse Engineering of User Interfaces.;171-179;9;;
1993;Peter H. Aiken,Alice H. Muntz,Russ Richards;A Framework for Reverse Engineering DoD Legacy Information Systems.;180-191;12;;
1993;H. Ritsch,Harry M. Sneed;Reverse Engineering Programs via Dynamic Analysis.;192-201;10;;
1993;David Chenho Kung,Jerry Zeyu Gao,Pei Hsia,Jeremy Lin,Yasufumi Toyoshima;Design Recovery for Software Testing of Object-Oriented Programs.;202-211;10;;
1993;M. Ward,K. Bennett;A Practical Program Transformation System for Reverse Engineering.;212-221;10;;
1993;Philip Newcomb,Lawrence Markosian;Automating the Modularization of Large COBOL Programs: Application of an Enabling Technology for Reengineering.;222-230;9;;
