2013;main;Ewen Denney;SGT / NASA Ames Research Center;Moffett Field;USA
2013;main;Tevfik Bultan;University of California;Santa Barbara;USA;
2013;main;Andreas Zeller;Saarland University;Saarbrücken;Germany
2013;main;Andrew Begel;Microsoft Research
2013;main;Myra Cohen;University of Nebraska - Lincoln
2013;main;Danny Dig;University of Illinois at Urbana-Champaign
2013;main;Bernd Fischer;Stellenbosch University / University of Southampton
2013;main;Gordon Fraser;University of Sheffield
2013;main;Harald Gall;University of Zurich
2013;main;Dimitra Giannakopoulou;NASA Ames Research Ctr
2013;main;Alex Groce;Oregon State University
2013;main;Paul Grünbacher;Johannes Kepler University Linz
2013;main;Arie Gurfinkel;Software Engineering Institute / Carnegie Mellon University
2013;main;William G.J. Halfond;University of Southern California
2013;main;Mark Harman;University College London
2013;main;Sunghun Kim;The Hong Kong University of Science and Technology
2013;main;David Lo;Singapore Management University
2013;main;Shahar Maoz;Tel Aviv University
2013;main;Darko Marinov;University of Illinois at Urbana-Champaign
2013;main;Tim Menzies;West Virginia University
2013;main;Mira Mezini;Technische Universität Darmstadt
2013;main;Tien Nguyen;Iowa State University
2013;main;Corina Pasareanu;CMU, NASA Ames
2013;main;Lori Pollock;University of Delaware
2013;main;Martin Robillard;McGill University
2013;main;Grigore Rosu;University of Illinois at Urbana-Champaign
2013;main;Abhik Roychoudhury;National University of Singapore
2013;main;Gabriele Taentzer;Philipps-Universitaet Marburg
2013;main;Nikolai Tillmann;Microsoft Research
2013;main;Sebastian Uchitel;Universidad de Buenos Aires and Imperial College London
2013;main;Willem Visser;Stellenbosch University
2013;main;Lu Zhang;Peking University
2013;main;Charles Zhang;Hongkong University of Science and Technology
2012;main;Michael Goedicke;University of Duisburg-Essen;Germany;
2012;main;Tim Menzies;West Virginia University;United States;
2012;main;Motoshi Saeki;Tokyo Institute of Technology;Japan;
2012;main;Marcelo d’Amorim;Federal University of Pernambuco;Brazil;
2012;main;Jamie Andrews;University of Western Ontario;Canada;
2012;main;Nikolaj Bjoerner;Microsoft Research;United States;
2012;main;Yuanfang Cai;Drexel University;United States;
2012;main;Myra Cohen;University of Nebraska Lincoln;United States;
2012;main;Vittorio Cortellessa;Università dell’Aquila;Italy;
2012;main;Ivica Crnkovic;Mardalen University;Sweden;Sweden
2012;main;Bojan Cukic;West Virginia University;United States;
2012;main;Giovanni Denaro;University of Milano-Bicocca;Italy;
2012;main;Elisabetta Di Nitto;Politecnico di Milano;Italy;
2012;main;Alexander Egyed;Johannes Kepler University Linz;Austria;
2012;main;Bernd Fischer;University of Southampton;United Kingdom;
2012;main;Jaco Geldenhuys;University of Stellenbosch;South Africa;
2012;main;Lars Grunske;University of Kaiserslautern;Germany;
2012;main;Arie Gurfinkel;Software Engineering Institute/Carnegie Mellon University;United States;
2012;main;Robert J. Hall;AT&T Labs Research;United States;
2012;main;Reiko Heckel;Department of Computer Science;University of Leicester;United Kingdom
2012;main;Maritta Heisel;Universitaet Duisburg Essen;Germany;
2012;main;John Hosking;Australian National University;Australia;
2012;main;Kyo-Chul Kang;Pohang University of Science and Technology;South Korea;
2012;main;David Lo;School of Information Systems;Singapore Management University;Singapore
2012;main;Jonathan Maletic;Kent State University;United States;
2012;main;Andrian Marcus;Wayne State University;United States;
2012;main;Katsuhisa Maruyama;Ritsumeikan University;Japan;
2012;main;Tim Menzies;West Virginia University;United States;
2012;main;Charles Pecheur;Universite catholique de Louvain;Belgium;
2012;main;John Penix;Google;United States;
2012;main;David F. Redmiles;University of California;Irvine;United States
2012;main;Grigore Rosu;University of Illinois at Urbana-Champaign;United States;
2012;main;Motoshi Saeki;Tokyo Institute of Technology;Japan;
2012;main;Houari Sahraoui;Université de Montréal;Canada;
2012;main;Beverly Sanders;University of Florida;United States;
2012;main;Anita Sarma;University of Nebraska Lincoln;United States;
2012;main;Gabriele Taentzer;Philipps-Universitaet Marburg;Germany;
2012;main;Tetsuo Tamai;The University of Tokyo;Japan;
2012;main;Nikolai Tillmann;Microsoft Research;United States;
2012;main;Richard Torkar;Blekinge institute of technology Sweden Simula research laboratory;Sweden;
2012;main;Daniel Varro;Budapest University of Technology and Economics;Hungary;
2012;main;Michael Whalen;University of Minnesota;United States;
2012;main;Tao Xie;North Carolina State University;United States;
2012;main;Ye Yang;Chinese Academy of Science;China;
2012;main;Andreas Zeller;Saarland University;Germany;
2012;main;Albert Zuendorf;University of Kassel;Germany;
2012;tools;Ewen Denney;SGT / NASA Ames;United States;
2012;tools;Bernd Fischer;University of Southampton;United Kingdom;
2012;tools;David Aspinall;University of Edinburgh;Scotland;
2012;tools;Gilles Barthe;IMDEA;Spain;
2012;tools;Anthony Cleve;FUNDP Namur;Belgium;
2012;tools;Rohit Gheyi;Federal University of Campina Grande;Brazil;
2012;tools;Christoph Gladisch;Karlsruhe Institute of Technology;Germany;
2012;tools;Paul Gruenbacher;University of Linz;Austria;
2012;tools;Robert J. Hall;AT&T Labs Research;USA;
2012;tools;Reiko Heckel;University of Leicester;England;
2012;tools;John Hosking;ANU;Australia;
2012;tools;Andrew Ireland;Heriot-Watt University;Scotland;
2012;tools;Anjali Joshi;MathWorks;USA;
2012;tools;Jens Krinke;UCL;England;
2012;tools;Julia Lawall;INRIA Paris-Rocquencourt;France;
2012;tools;Michael R. Lowry;NASA Ames;USA;
2012;tools;John Penix;Google;USA;
2012;tools;Suresh Thummalapenta;IBM Research;India;
2012;tools;Daniel Varro;Budapest University of Technology and Economic;Hungary;
2012;tools;Michael Whalen;University of Minnesota;USA;
2012;tools;Andrea Zisman;City University;England;
2012;ds;Tevfik Bultan;University of California;Santa Barbara;United States
2012;ds;Andreas Zeller;Universitaet des Saarlandes;Germany;
2012;tutorials;Darko Marinov;University of Illinois at Urbana-Champaign;United States;
2012;tutorials;Gabriele Taentzer;Philipps-Universitaet Marburg;Germany;
2012;experts;Doo-Hwan Bae;Computer Science Department;KAIST;South Korea
2012;experts;Sjaak Brinkkemper;Utrecht University;Netherlands;
2012;experts;Marsha Chechik;University of Toronto;Canada;
2012;experts;Krzysztof Czarnecki;University of Waterloo;Canada;
2012;experts;Ewen Denney;SGT / NASA Ames;United States;
2012;experts;Ian Gorton;Pacific Northwest National Laboratory;United States;
2012;experts;Paul Gruenbacher;Johannes Kepler University Linz;Austria;
2012;experts;John Grundy;Swinburne University of Technology;Australia;
2012;experts;Mark Harman;University College London;United Kingdom;
2012;experts;Shinichi Honiden;National Institute of Informatics;Japan;
2012;experts;Andrew Ireland;Heriot-Watt University;United Kingdom;
2012;experts;Sarfraz Khurshid;University of Texas at Austin;United States;
2012;experts;Yves Ledru;Universite Grenoble-1;France;
2012;experts;Anna Liu;NICTA;Australia;
2012;experts;Michael R. Lowry;NASA Ames;United States;
2012;experts;Darko Marinov;University of Illinois at Urbana-Champaign;United States;
2012;experts;Hong Mei;Peking University;China;
2012;experts;Alessandro Orso;Georgia Institute of Technology;United States;
2012;experts;Corina Pasareanu;NASA Ames/Carnegie Mellon Silicon Valley;United States;
2012;experts;Douglas R. Smith;Kestrel Institute;United States;
2012;experts;Virginie Wiels;ONERA;France;
2012;experts;Andrea Zisman;City University London;United Kingdom;
2011;main;Perry Alexander;University of Kansas;USA;
2011;main;Corina Pasareanu;Nasa AMES;USA;
2011;main;John Hosking;University of Auckland;New Zealand;
2011;tools;Reiko Heckel;University of Leicester;UK;
2011;ds;Tim Menzies;West Virginia University;USA;
2011;ds;Motoshi Saeki;Tokyo Institute of Technology;Japan;
2011;tutorials;Yuanfang Cai;Drexel University;USA;
2011;tutorials;Arvin Agah;University of Kansas;USA;
2011;main;Jamie Andrews;University of Western Ontario;Canada;
2011;main;Nikolaj Bjoerner;Microsoft Research;USA;
2011;main;Tevfik Bultan;University of California;Santa Barbara;USA
2011;main;Margaret Burnett;Oregon State University;USA;
2011;main;Yuanfang Cai;Drexel University;USA;
2011;main;Marsha Chechik;University of Toronto;Canada;
2011;main;Myra Cohen;University of Nebraska–Lincoln;USA;
2011;main;Vittorio Cortellessa;Universit š dell'Aquila;Italy;
2011;main;Ivica Crnkovic;Mälardalen University;Sweden;
2011;main;Marcelo d’Amorim;Federal University of Pernambuco;Brazil;
2011;main;Giovanni Denaro;University of Milano-Bicocca;Italy;
2011;main;Ewen Denney;SGT / NASA Ames;USA;
2011;main;Bernd Fischer;University of Southampton;UK;
2011;main;Michael Goedicke;University of Duisburg-Essen;Germany;
2011;main;Paul Gruenbacher;Johannes Kepler University Linz;Austria;
2011;main;Lars Grunske;University of Kaiserslautern;Germany;
2011;main;Arie Gurfinkel;SEI / Carnegie Mellon University;USA;
2011;main;Robert J. Hall;AT&T Labs Research;USA;
2011;main;Mats Heimdahl;University of Minnesota Software Engineering Center;USA;
2011;main;Sarfraz Khurshid;University of Texas at Austin;USA;
2011;main;Anna Liu;NICTA;Australia;
2011;main;David Lo;Singapore Management University;Singapore;
2011;main;Michael R. Lowry;NASA Ames;USA;
2011;main;Jonathan Maletic;Kent State University;USA;
2011;main;Darko Marinov;University of Illinois at Urbana-Champaign;USA;
2011;main;Hong Mei;Peking University;China;
2011;main;Tim Menzies;West Virginia University;USA;
2011;main;Charles Pecheur;Université catholique de Louvain;Belgium;
2011;main;John Penix;Google;USA;
2011;main;David F. Redmiles;University of California;Irvine;USA
2011;main;Grigore Rosu;University of Illinois at Urbana-Champaign;USA;
2011;main;Motoshi Saeki;Tokyo Institute of Technology;Japan;
2011;main;Beverly Sanders;University of Florida;USA;
2011;main;Anita Sarma;University of Nebraska–Lincoln;USA;
2011;main;Nikolai Tillmann;Microsoft Research;USA;
2011;main;Richard Torkar;Blekinge Institute of Technology;Sweden;
2011;main;Willem Visser;Stellenbosch University;South Africa;
2011;main;Michael Whalen;University of Minnesota;USA;
2011;main;Tao Xie;North Carolina State University;USA;
2011;main;Albert Zuendorf;University of Kassel;Germany;
2011;experts;Sven Apel;University of Passau;Germany;
2011;experts;Krzysztof Czarnecki;University of Waterloo;Canada;
2011;experts;Elisabetta Di Nitto;Politecnico di Milano;Italy;
2011;experts;Claudia Ermel;Technische Universität Berlin;Germany;
2011;experts;Ian Gorton;Pacific Northwest National Laboratory;USA;
2011;experts;John Grundy;Swinburne University of Technology;Australia;
2011;experts;Mary Jean Harrold;Georgia Institute of Technology;USA;
2011;experts;Reiko Heckel;University of Leicester;UK;
2011;experts;Shinichi Honiden;National Institute of Informatics;Japan;
2011;experts;Andrew Ireland;Heriot-Watt University;UK;
2011;experts;Yves Ledru;Université de Grenoble-1;France;
2011;experts;Nenad Medvidovic;University of Southern California;USA;
2011;experts;Alex Orso;Georgia Institute of Technology;USA;
2011;experts;Houari Sahraoui;Université de Montréal;Canada;
2011;experts;Yannis Smaragdakis;University of Massachusetts;Amherst;USA
2011;experts;Gabriele Taentzer;Philipps-Universität Marburg;Germany;
2011;experts;Tetsuo Tamai;University of Tokyo;Japan;
2011;experts;Alex Telea;University of Groningen;The Netherlands;
2011;experts;Daniel Varro;Budapest University of Technology and Economics;Hungary;
2011;experts;Virginie Wiels;ONERA;France;
2011;experts;Andrea Zisman;City University London;UK;
2010;main;Jamie Andrews;University of Western Ontario;Canada ;
2010;main;Elisabetta Di Nitto;Politecnico di Milano;Italy;
2010;main;Sven Apel;University of Passau;Germany;
2010;main;Alessandro Armando;DIST;University of Genova;Italy
2010;main;Tevfik Bultan;University of California;Santa Barbara;USA
2010;main;Yuanfang Cai;Drexel University;USA;
2010;main;Marsha Chechik;University of Toronto;Canada;
2010;main;Vittorio Cortellessa;Università dell'Aquila;Italy;
2010;main;Ivica Crnkovic;Mälardalen University;Sweden;
2010;main;Krzysztof Czarnecki;University of Waterloo;Canada;
2010;main;Ewen Denney;SGT / NASA Ames;USA;
2010;main;Massimiliano Di Penta;Università del Sannio;Italy;
2010;main;Wolfgang Emmerich;University College London;UK;
2010;main;Claudia Ermel;Technische Universität Berlin;Germany;
2010;main;Bernd Fischer;University of Southampton;UK;
2010;main;Michael Goedicke;University of Duisburg-Essen;Germany;
2010;main;Paul Gruenbacher;Johannes Kepler University Linz;Austria;
2010;main;John Grundy;Swinburne University of Technology;Australia;
2010;main;Lars Grunske;Swinburne University of Technology;Australia;
2010;main;Robert J. Hall;AT&T Labs Research;USA;
2010;main;Mary Jean Harrold;Georgia Institute of Technology;USA;
2010;main;Mats Heimdahl;University of Minnesota Software Engineering Center;USA;
2010;main;Reiko Heckel; University of Leicester;UK;
2010;main;John Hosking;University of Auckland;New Zealand;
2010;main;Michael R. Lowry;NASA Ames;USA;
2010;main;Darko Marinov;University of Illinois at Urbana-Champaign;USA;
2010;main;Tim Menzies;West Virginia University;USA;
2010;main;Alex Orso;Georgia Institute of Technology;USA;
2010;main;Corina Pasareanu;Carnegie Mellon University/NASA Ames Research Center;USA;
2010;main;Charles Pecheur;Université catholique de Louvain;Belgium;
2010;main;Mauro Pezze;University of Lugano;Switzerland;
2010;main;Ajitha Rajan;Laboratoire d'Informatique de Grenoble;France;
2010;main;David F. Redmiles;University of California;Irvine;USA
2010;main;Debra Richardson;University of California;Irvine;USA
2010;main;Beverly Sanders;University of Florida;USA;
2010;main;Yannis Smaragdakis;University of Massachusetts;Amherst;USA
2010;main;Gabriele Taentzer;Philipps-Universität Marburg;Germany;
2010;main;Shingo Takada;Keio University;Japan;
2010;main;Tetsuo Tamai;The University of Tokyo;Japan;
2010;main;Daniel Varro; Budapest University of Technology and Economics;Hungary;
2010;main;Albert Zuendorf;University of Kassel;Germany ;
2010;main;Charles Pecheur;Université catholique de Louvain;Belgium;
2010;experts;Perry Alexander;University of Kansas;USA;
2010;experts;Luciano Baresi;Politecnico di Milano;Italy;
2010;experts;Wing-Kwong Chan;City University of Hong Kong;China;
2010;experts;Phyllis Frankl;Polytechnic Institute of New York University;USA;
2010;experts;Andrew Ireland;Heriot-Watt University;UK;
2010;experts;Jochen M. Kuester;IBM;Switzerland;
2010;experts;Yves Ledru;Université de Grenoble-1;France;
2010;experts;Jonathan Maletic;Kent State University;USA;
2010;experts;Sandro Morasca;Università dell'Insubria;Italy;
2010;experts;John Penix;Google;USA;
2010;experts;Peri Tarr;IBM;USA;
2010;experts;Willem Visser;Stellenbosch University;South Africa;
2010;experts;Tao Xie;North Carolina State University;USA;
2010;experts;Andrea Zisman;City University London;UK;
2010;ds;Corina Pasareanu;NASA Ames Research Center;USA;
2010;ds;John Hosking;University of Auckland;New Zealand;
2010;tutorials;Thierry Massart;Université Libre de Bruxelles;Belgium;
2010;tutorials;John Penix;Google;Inc.;USA
2010;tools;Anthony Cleve;INRIA Lille;France;
2010;tools;Bernd Fischer;University of Southampton;UK;
2009;main;John Grundy;University of Auckland;New Zealand;
2009;main;Gabriele Taentzer;Philipps-Universität Marburg;Germany;
2009;main;Mats Heimdahl;University of Minnesota;USA;
2009;main;Perry Alexander;;;
2009;main;Jamie Andrews;;;
2009;main;Sven Apel;;;
2009;main;Alessandro Armando;;;
2009;main;Vittorio Cortellessa;;;
2009;main;Ivica Crnkovic;;;
2009;main;Krzysztof Czarnecki;;;
2009;main;Ewen Denney;;;
2009;main;Elisabetta Di Nitto;;;
2009;main;Wolfgang Emmerich;;;
2009;main;Claudia Ermel;;;
2009;main;Bernd Fischer;;;
2009;main;Michael Goedicke;;;
2009;main;Paul Gruenbacher;;;
2009;main;Robert J. Hall;;;
2009;main;Reiko Heckel;;;
2009;main;John Hosking;;;
2009;main;Jochen M. Kuester;;;
2009;main;Michael R. Lowry;;;
2009;main;Jonathan Maletic;;;
2009;main;Darko Marinov;;;
2009;main;Tim Menzies;;;
2009;main;Henry Muccini;;;
2009;main;Alessandro Orso;;;
2009;main;Charles Pecheur;;;
2009;main;John Penix;;;
2009;main;Mauro Pezze;;;
2009;main;Alfonso Pierantonio;;;
2009;main;Ajitha Rajan;;;
2009;main;David F. Redmiles;;;
2009;main;Yannis Smaragdakis;;;
2009;main;Tetsuo Tamai;;;
2009;main;Daniel Varro;;;
2009;main;Andrea Zisman;;;
2009;main;Albert Zuendorf;;;
2009;ds;Jamie Andrews;University of Western Ontario;Canada;
2009;ds;Elisabetta Di Nitto;Politecnico di Milano;Italy;
2009;tools;Andre van der Hoek;University of California at Irvine;USA;
2009;tools;Tim Menzies;West Virginia University;USA;
2009;tutorials;Steve MacDonell;Auckland University of Technology;New Zealand;
2009;tutorials;Tao Xie;North Carolina State University;USA;
2009;experts;Andrew Ireland;;;
2009;experts;Tevfik Bultan;;;
2009;experts;Marsha Chechik;;;
2009;experts;Steffen Helke;;;
2009;experts;Sarfraz Khurshid;;;
2009;experts;Juan de Lara;;;
2009;experts;Michele Lanza;;;
2009;experts;Katharina Mehner;;;
2009;experts;Marija Mikic-Rakic;;;
2009;experts;Nenad Medvidovic;;;
2009;experts;Corina Pasareanu;;;
2009;experts;Kurt Stirewalt;;;
2009;experts;Tao Xie;;;
2009;experts;Willem Visser;;;
2009;experts;Michael Whalen;;;
2009;experts;Jon Whittle;;;
2009;experts;Virginie Wiels;;;
2009;experts;Dave Wile;;;
2009;experts;Yves Ledru;;;
2008;main;Paola Inverardi;Italy ;;
2008;main;Andrew Ireland;Heriot-Watt University;UK;
2008;main;Willem Visser;SEVEN Networks;USA;
2008;tutorials;Paul Jackson;University of Edinburgh;UK;
2008;tutorials;Alfonso Pierantonio;Università degli Studi dell'Aquila;Italy;
2008;ds;Mats Heimdahl;University of Minnesota;USA;
2008;ds;Gabriele Taentzer;Philipps-Universität Marburg;Germany;
2008;tools;Ewen Denney;NASA Ames Research Center;USA;
2008;tools;Patricia Lago;VU University Amsterdam;The Netherlands;
2008;main;Perry Alexander;;;
2008;main;Jamie Andrews;;;
2008;main;Alessandro Armando;;;
2008;main;George Avrunin;;;
2008;main;Tevfik Bultan;;;
2008;main;Ivica Crnkovic;;;
2008;main;Krzysztof Czarnecki;;;
2008;main;Ewen Denney;;;
2008;main;Thomas Ellman;;;
2008;main;Wolfgang Emmerich;;;
2008;main;Bernd Fischer;;;
2008;main;Harald Gall;;;
2008;main;Dimitra Giannakopoulou;;;
2008;main;Patrice Godefroid;;;
2008;main;Michael Goedicke;;;
2008;main;Paul Gruenbacher;;;
2008;main;Robert J. Hall;;;
2008;main;Mats Heimdahl;;;
2008;main;John Hosking;;;
2008;main;Paul Jackson;;;
2008;main;Michele Lanza;;;
2008;main;Michael R. Lowry;;;
2008;main;Jonathan Maletic;;;
2008;main;Darko Marinov;;;
2008;main;Nenad Medvidovic;;;
2008;main;Tim Menzies;;;
2008;main;Marija Mikic-Rakic;;;
2008;main;Henry Muccini;;;
2008;main;Colin O'Halloran;;;
2008;main;Alessandro Orso;;;
2008;main;Corina Pasareanu;;;
2008;main;Charles Pecheur;;;
2008;main;John Penix;;;
2008;main;Mauro Pezze;;;
2008;main;David F. Redmiles;;;
2008;main;Houari Sahraoui;;;
2008;main;Koushik Sen;;;
2008;main;Graham Steel;;;
2008;main;Kurt Stirewalt;;;
2008;main;Tetsuo Tamai;;;
2008;main;Jon Whittle;;;
2008;main;Dave Wile;;;
2008;main;Tao Xie;;;
2008;main;Albert Zuendorf;;;
2008;experts;Marsha Chechik;;;
2008;experts;Shing-Chi Cheung;;;
2008;experts;Alexander Egyed;;;
2008;experts;Kathi Fisler;;;
2008;experts;John Grundy;;;
2008;experts;Shinichi Honiden;;;
2008;experts;Sarfraz Khurshid;;;
2008;experts;Yves Ledru;;;
2008;experts;Robby;;;
2008;experts;Gabriele Taentzer;;;
2008;experts;Sebastian Uchitel;;;
2008;experts;Virginie Wiels;;;
2008;experts;Andrea Zisman;;;
2007;main;Kurt Stirewalt;;;
2007;main;Alexander Egyed;;;
2007;main;Bernd Fischer;;;
2007;main;Perry Alexander;;;
2007;main;Jamie Andrews;;;
2007;main;Tevfik Bultan;;;
2007;main;Marsha Chechik;;;
2007;main;Krzysztof Czarnecki;;;
2007;main;Ewen Denney;;;
2007;main;Thomas Ellman;;;
2007;main;Wolfgang Emmerich;;;
2007;main;Harald Gall;;;
2007;main;Gerald Gannod;;;
2007;main;Michael Goedicke;;;
2007;main;Paul Gruenbacher;;;
2007;main;Robert J. Hall;;;
2007;main;Mats Heimdahl;;;
2007;main;Scott Henninger;;;
2007;main;Andre van der Hoek;;;
2007;main;John Hosking;;;
2007;main;Paola Inverardi;;;
2007;main;Andrew Ireland;;;
2007;main;Jonathan Maletic;;;
2007;main;Nenad Medvidovic;;;
2007;main;Tim Menzies;;;
2007;main;Alessandro Orso;;;
2007;main;Charles Pecheur;;;
2007;main;John Penix;;;
2007;main;David F. Redmiles;;;
2007;main;Houari Sahraoui;;;
2007;main;Gabriele Taentzer;;;
2007;main;Tetsuo Tamai;;;
2007;main;Willem Visser;;;
2007;main;Andrea Zisman;;;
2007;main;Albert Zuendorf;;;
2007;tools;Michele Lanza;;;
2007;tools;Andrian Marcus;;;
2007;tutorials;Marsha Chechik;;;
2007;tutorials;Virginie Wiels;;;
2007;ds;Andrew Ireland;;;
2007;ds;Willem Visser;;;
2007;experts;Gabriela Arevalo;;;
2007;experts;Thomas Baar;;;
2007;experts;Don Batory;;;
2007;experts;Stefan Biffl;;;
2007;experts;Shing-Chi Cheung;;;
2007;experts;Ivica Crnkovic;;;
2007;experts;Nancy Day;;;
2007;experts;Elisabetta Di Nitto;;;
2007;experts;Juergen Dingel;;;
2007;experts;Steven Easterbrook;;;
2007;experts;Kathi Fisler;;;
2007;experts;Xavier Franch;;;
2007;experts;Dimitra Giannakopoulou;;;
2007;experts;John Grundy;;;
2007;experts;Neelam Gupta;;;
2007;experts;Connie Heitmeyer;;;
2007;experts;Daniel Hoffman;;;
2007;experts;Shinichi Honiden;;;
2007;experts;Paul H. J. Kelly;;;
2007;experts;Sarfraz Khurshid;;;
2007;experts;Rainer Koschke;;;
2007;experts;Shriram Krishnamurthi;;;
2007;experts;Michele Lanza;;;
2007;experts;Yves Ledru;;;
2007;experts;Emmanuel Letier;;;
2007;experts;Marin Litoiu;;;
2007;experts;Shaoying Liu;;;
2007;experts;Michael R. Lowry;;;
2007;experts;Darko Marinov;;;
2007;experts;Katsuhisa Maruyama;;;
2007;experts;Marija Mikic-Rakic;;;
2007;experts;Ana Milanova;;;
2007;experts;Raffaela Mirandola;;;
2007;experts;Henry Muccini;;;
2007;experts;Gail Murphy;;;
2007;experts;Corina Pasareanu;;;
2007;experts;Mauro Pezze;;;
2007;experts;Franco Raimondi;;;
2007;experts;Julian Richardson;;;
2007;experts;Frank Shipman;;;
2007;experts;George Spanoudakis;;;
2007;experts;Tarja Systa;;;
2007;experts;Sebastian Uchitel;;;
2007;experts;Eelco Visser;;;
2007;experts;Jon Whittle;;;
2007;experts;Virginie Wiels;;;
2007;experts;Dave Wile;;;
2007;experts;Tao Xie;;;
2007;experts;Zhenchang Xing;;;
2007;experts;Andreas Zeller;;;
2006;main;Shinichi Honiden;;;
2006;main;Sebastian Uchitel;Imperial College London;UK;
2006;main;Steven Easterbrook;University of Toronto;Canada;
2006;main;Perry Alexander;University of Kansas;USA;
2006;main;Victor Braberman;University of Buenos Aires;Argentina;
2006;main;Tevfik Bultan;University of California, Santa Barbara;USA;
2006;main;Marsha Chechik;University of Toronto;Canada;
2006;main;Vittorio Cortellessa;Universita' dell'Aquila;Italy;
2006;main;Krzysztof Czarnecki;University of Waterloo;Canada;
2006;main;Thomas Ellman;Vassar College;USA;
2006;main;Bernd Fischer;University of Southampton;UK;
2006;main;Harald Gall;University of Zurich;Switzerland;
2006;main;Artur Garcez;City University London;UK;
2006;main;Dimitra Giannakopoulou;NASA Ames Research Center;USA;
2006;main;Michael Godfrey;University of Waterloo;Canada;
2006;main;Michael Goedicke;University of Essen;Germany;
2006;main;Paul Gruenbacher;Johannes Kepler University Linz;Austria;
2006;main;Neelam Gupta;The University of Arizona;USA;
2006;main;Robert J. Hall;AT&T Labs Research;USA;
2006;main;Scott Henninger;University of Nebraska-Lincoln;USA;
2006;main;Paola Inverardi;Universita' dell'Aquila;Italy;
2006;main;Sarfraz Khurshid;University of Texas at Austin;USA;
2006;main;Jeff Kramer;Imperial College London;UK;
2006;main;Michele Lanza;University of Lugano;Switzerland;
2006;main;Emmanuel Letier;Catholic University of Louvain;Belgium;
2006;main;Michael R. Lowry;NASA Ames Research Center;USA;
2006;main;Jonathan Maletic;Kent State University;USA;
2006;main;Katsuhisa Maruyama;Ritsumeikan University;Japan;
2006;main;Roland Mittermeir;Universitat Klagenfurt;Austria;
2006;main;Amy Murphy;University of Lugano;Switzerland;
2006;main;Alessandro Orso;Georgia Institute of Technology;USA;
2006;main;Charles Pecheur;Catholic University of Louvain;Belgium;
2006;main;John Penix;Google;USA;
2006;main;Gregg Rothermel;University of Nebraska, Lincoln;USA;
2006;main;Kurt Stirewalt;Michigan State University;USA;
2006;main;Gabriele Taentzer;Technical University of Berlin;Germany;
2006;main;Tetsuo Tamai;The University of Tokyo;Japan;
2006;main;Willem Visser;RIACS/NASA Ames Research Center;USA;
2006;main;Hironori Washizaki;National Institute of Informatics;Japan;
2006;main;Virginie Wiels;ONERA, CERT;France;
2006;main;Tao Xie;North Carolina State University;USA;
2006;main;Yunwen Ye;University of Colorado, Boulder;USA;
2006;main;Andrea Zisman;City University London;UK;
2006;experts;Andrew Ireland;Heriot-Watt University;UK;
2006;experts;Bashar Nuseibeh;The Open University;UK;
2006;experts;Don Batory; University of Texas at Austin;USA;
2006;experts;Elisabetta Di Nitto;Politecnico di Milano;Italy;
2006;experts;Frank Shipman;Texas A&M University;USA;
2006;experts;Gerald Gannod;Arizona State University;USA;
2006;experts;John Grundy;University of Auckland;New Zealand;
2006;experts;Kamiya Toshihiro;National Institute of Advanced Industrial Science and Technology;Japan;
2006;experts;Mats Heimdahl;University of Minnesota;USA;
2006;experts;Nenad Medvidovic;University of Southern California;USA;
2006;experts;Shing-Chi Cheung;Hong Kong University of Science and Technology;China;
2006;experts;Wolfgang Emmerich;UCL;UK;
2006;experts;Yves Ledru;LSR/IMAG;France;
2006;tutorials;Andrew Ireland;;;
2006;tutorials;Katsuhisa Maruyama;;;
2006;ds;Alexander Egyed;;;
2006;ds;Bernd Fischer;;;
2006;tools;Nicolas Kicillof;;;
2006;tools;Katsuhiko Gondow;;;
2005;main;David F. Redmiles;;;
2005;main;Thomas Ellman;Vassar College;USA;
2005;main;Andrea Zisman;City University;UK;
2005;main;Bernhard Aichernig;United Nations University;China;
2005;main;Perry Alexander;University of Kansas;USA;
2005;main;Jamie Andrews;University of Western Ontario;Canada;
2005;main;Mikio Aoyama;Nanzan University;Japan;
2005;main;Tevfik Bultan;University of California, Santa Barbara;USA;
2005;main;Shing-Chi Cheung;Hong Kong University of Science and Technology;China;
2005;main;Elisabetta Di Nitto;Politecnico de Milano;Italy;
2005;main;Steven Easterbrook;University of Toronto;Canada;
2005;main;Alexander Egyed;Teknowledge Corporation;USA;
2005;main;Wolfgang Emmerich;University College London;UK;
2005;main;Martin S. Feather;Jet Propulsion Laboratory;USA;
2005;main;Steve Fickas;University of Oregon;USA;
2005;main;Bernd Fischer;NASA Ames Research Center;USA;
2005;main;Gerald Gannod;Arizona State University;USA;
2005;main;Dimitra Giannakopoulou;NASA Ames Research Center;USA;
2005;main;Michael Goedicke;University of Essen;Germany;
2005;main;Paul Gruenbacher;Johannes Kepler University Linz;Austria;
2005;main;John Grundy;University of Auckland;New Zealand;
2005;main;Bob Hall;AT&T Research;USA;
2005;main;Mats Heimdahl;University of Minnesota;USA;
2005;main;Shinichi Honiden;National Institue of Informatics;Japan;
2005;main;Paola Inverardi;Universita' dell'Aquila;Italy;
2005;main;Andrew Ireland;Heriot-Watt University;UK;
2005;main;Jeff Kramer;Imperial College London;UK;
2005;main;Kung-Kiu Lau;University of Manchester;UK;
2005;main;Yves Ledru;LSR/IMAG;France;
2005;main;Julio Cesar Leite;Pontificia Universidade Catolica;Brazil;
2005;main;Michael R. Lowry;NASA Ames Research Center;USA;
2005;main;Neil Maiden;City University;UK;
2005;main;Jonathan Maletic;Kent State University;USA;
2005;main;Cecilia Mascolo;University College London;UK;
2005;main;Nenad Medvidovic;University of Southern California;USA;
2005;main;Tim Menzies;NASA/WVU IV&V Facility;USA;
2005;main;Alessandro Orso;Georgia Institute of Technology;USA;
2005;main;Charles Pecheur;University Catholique de Louvain;Belgium;
2005;main;John Penix;NASA Ames Research Center;USA;
2005;main;Debra Richardson;University of California, Irvine;USA;
2005;main;Julian Richardson;NASA Ames Research Center;USA;
2005;main;Gregg Rothermel;University of Nebraska, Lincoln;USA;
2005;main;Motoshi Saeki;Tokyo Institute of Technology;Japan;
2005;main;Houari Sahraoui;Universite de Montreal;Canada;
2005;main;Douglas R. Smith;Kestrel Institute;USA;
2005;main;George Spanoudakis;City University;UK;
2005;main;Kurt Stirewalt;Michigan State University;USA;
2005;main;Sebastian Uchitel;Imperial College London;UK;
2005;main;Willem Visser;NASA Ames Research Center;USA;
2005;main;Virginie Wiels;ONERA, CERT;France;
2005;main;Dave Wile;Teknowledge;USA;
2005;main;Yunwen Ye;University of Colorado, Boulder;USA;
2005;tutorials;Henry Muccini;;;
2005;tutorials;Willem Visser;;;
2005;ds;Steven Easterbrook;;;
2005;ds;Sebastian Uchitel;;;
2005;tools;Thomas Alspaugh;;;
2005;tools;Alexander Egyed;;;
2004;main;Paul Gruenbacher;Johannes Kepler University Linz;Austria;
2004;main;Virginie Wiels;ONERA;France;
2004;main;Kurt Stirewalt;Michigan State University;USA;
2004;tutorials;Paola Inverardi;University of L'Aquila;Italy;
2004;tutorials;Schahram Dustdar;Vienna University of Technology;Austria;
2004;demo;Herbert Pr�hofer;Johannes Kepler University Linz;Austria;
2004;demo;Sebastian Uchitel;Imperial College London;UK;
2004;ds;Andrea Zisman;City University, London;UK;
2004;ds;Thomas Ellman;Vassar College, Poughkeepsie, New York;USA;
2004;main;Bernhard Aichernig;United Nations University;USA;
2004;main;Perry Alexander;University of Kansas;USA;
2004;main;Jamie Andrews;Univ. of Western Ontario;Canada;
2004;main;Mikio Aoyama;Nanzan University;Japan;
2004;main;Shing-Chi Cheung;Hong Kong University of Science and Technology;Hong Kong;
2004;main;Alexander Egyed;Teknowledge Corporation;USA;
2004;main;Thomas Ellman;Vassar College;USA;
2004;main;Wolfgang Emmerich;University College London;UK;
2004;main;Martin S. Feather;Jet Propulsion Laboratory;USA;
2004;main;Pierre Flener;Uppsala University;Sweden;
2004;main;Steve Fickas;University of Oregon;USA;
2004;main;Kathi Fisler;Worcester Polytechnic Inst.;USA;
2004;main;Harald Gall;University of Zurich;Switzerland;
2004;main;Gerald Gannod;Arizona State University;USA;
2004;main;Michael Goedicke;University of Essen;Germany;
2004;main;John Grundy;University of Auckland;New Zealand;
2004;main;Bob Hall;AT&T Research;USA;
2004;main;John Hall;Open University;UK;
2004;main;Mats Heimdahl;University of Minnesota;USA;
2004;main;Shinichi Honiden;National Institute of Informatics;Japan;
2004;main;Andrew Ireland;Heriot-Watt University;UK;
2004;main;Jean-Marc Jezequel;IRISA;France;
2004;main;Kamiya Toshihiro;PRESTO;Japan Science and Technology Agency;
2004;main;Bernd Kraemer;FernUniversitaet Hagen;Germany;
2004;main;Kung-Kiu Lau;University of Manchester;UK;
2004;main;Yves Ledru;LSR/IMAG;France;
2004;main;Julio Cesar Leite;PUC Brazil);;
2004;main;Michael R. Lowry;NASA Ames Research Center;USA;
2004;main;Jonathan Maletic;Kent State University;USA;
2004;main;Bruno Marre;CEA LIST LSL;France;
2004;main;Cecilia Mascolo;University College London;UK;
2004;main;Nenad Medvidovic;University of Southern California;USA;
2004;main;Tim Menzies;NASA/WVU IV&V Facility;USA;
2004;main;Roland Mittermeir;University Klagenfurt;Austria;
2004;main;Hanspeter Mössenböck;Johannes Kepler University Linz;Austria;
2004;main;Charles Pecheur;NASA Ames Research Center;USA;
2004;main;John Penix;NASA Ames Research Center;USA;
2004;main;David F. Redmiles;University of California Irvine;USA;
2004;main;Debra Richardson;University of California Irvine;USA;
2004;main;Julian Richardson;NASA Ames Research Center;USA;
2004;main;Motoshi Saeki;Tokyo Institute of Technology;Japan;
2004;main;Houari Sahraoui;Universite de Montreal;Canada;
2004;main;Douglas R. Smith;Kestrel Institute;USA;
2004;main;Sebastian Uchitel;Imperial College London;UK;
2004;main;Dave Wile;Teknowledge;USA;
2004;main;Yunwen Ye;University of Colorado Boulder;USA;
2004;main;Andrea Zisman;City University London;UK;
2003;main;Houari Sahraoui;Université de Montréal;Canada;
2003;main;John Grundy;University of Auckland;New Zealand ;
2003;main;John Penix;NASA Ames Research Center;USA;
2003;tutorials;Hafedh Mili;Université du Québec à Montréal, Canada;;
2003;tutorials;Charles Pecheur;NASA Ames Research Center;USA;
2003;ds;Kurt Stirewalt;Michigan State University;USA;
2003;ds;Virginie Wiels;ONERA;France;
2003;tools;Arnaud Dury;CRIM;Canada;
2003;tools;Jean-François Girard;Fraunhofer IESE;Germany;
2003;main;Alexander Egyed;USA;;
2003;main;Andrea Zisman;UK;;
2003;main;Andrew Ireland;UK;;
2003;main;Bashar Nuseibeh;UK;;
2003;main;Bernd Fischer;USA;;
2003;main;Bernd Kraemer;Germany;;
2003;main;Bernhard Aichernig;UN;;
2003;main;Bob Hall;USA;;
2003;main;Brad Martin;USA;;
2003;main;Cecilia Mascolo;UK;;
2003;main;Charles Pecheur;USA;;
2003;main;Daniel M. Berry;Canada;;
2003;main;Dave Wile;USA;;
2003;main;David F. Redmiles;USA;;
2003;main;Debra Richardson;USA;;
2003;main;Don Batory;USA;;
2003;main;Douglas R. Smith;USA;;
2003;main;Elisabetta Di Nitto;Italy;;
2003;main;Frank Shipman;USA;;
2003;main;Gerald Gannod;USA;;
2003;main;Issy Ben Shaul;Israel;;
2003;main;Jamie Andrews;Canada;;
2003;main;Jeffery Van Baalen;USA;;
2003;main;Julian Richardson;USA;;
2003;main;Julio Cesar Leite;Brazil;;
2003;main;Kung-Kiu Lau;UK;;
2003;main;Kurt Stirewalt;USA;;
2003;main;Mark Utting;New Zealand;;
2003;main;Marsha Chechik;Canada;;
2003;main;Martin S. Feather;USA;;
2003;main;Mats Heimdahl;USA;;
2003;main;Mehdi T. Harandi;USA;;
2003;main;Michael Goedicke;Germany;;
2003;main;Michael R. Lowry;USA;;
2003;main;Motoshi Saeki;Japan;;
2003;main;Neelam Gupta;USA;;
2003;main;Paola Inverardi;Italy;;
2003;main;Perry Alexander;USA;;
2003;main;Pierre Flener;Sweden;;
2003;main;S. Arun-Kumar;India;;
2003;main;Scott Henninger;USA;;
2003;main;Shing-Chi Cheung;Hong Kong;;
2003;main;Shriram Krishnamurthi;USA;;
2003;main;Steven Easterbrook;Canada;;
2003;main;Steve Fickas;USA;;
2003;main;Tim Menzies;USA;;
2003;main;Thomas Ellman;USA;;
2003;main;Virginie Wiels;France;;
2003;main;Walcélio Melo;USA;;
2003;main;Willem Visser;USA;;
2003;main;Wolfgang Emmerich;UK;;
2003;main;Yves Ledru;France;;
2002;main;Julian Richardson;Heriot-Watt University;UK;
2002;main;Wolfgang Emmerich;University College London;;
2002;main;Dave Wile;Teknowledge Corp.;USA ;
2002;main;Perry Alexander;USA;;
2002;main;Daniel M. Berry;Canada;;
2002;main;Issy Ben Shaul;Israel;;
2002;main;Yves Deville;Belgium;;
2002;main;Alexander Egyed;USA;;
2002;main;Thomas Ellman;USA;;
2002;main;Martin S. Feather;USA;;
2002;main;Steve Fickas;USA;;
2002;main;Bernd Fischer;USA;;
2002;main;Pierre Flener;Sweden;;
2002;main;Gerald Gannod;USA;;
2002;main;Cordell Green;USA;;
2002;main;Ian Green;UK;;
2002;main;John Grundy;New Zealand;;
2002;main;Robert J. Hall;USA;;
2002;main;Mehdi T. Harandi;USA;;
2002;main;Mats Heimdahl;USA;;
2002;main;Scott Henninger;USA;;
2002;main;Andrew Ireland;UK;;
2002;main;Paola Inverardi;Italy;;
2002;main;Bernd Kraemer;Germany;;
2002;main;Kung-Kiu Lau;UK;;
2002;main;Baudouin Le Charlier;Belgium;;
2002;main;Yves Ledru;France;;
2002;main;Michael R. Lowry;USA;;
2002;main;Tom Maibaum;UK;;
2002;main;Brad Martin;USA;;
2002;main;Cecilia Mascolo;UK;;
2002;main;Tim Menzies;Canada;;
2002;main;Bashar Nuseibeh;UK;;
2002;main;Colin O'Halloran;UK;;
2002;main;Charles Pecheur;USA;;
2002;main;John Penix;USA;;
2002;main;Gian Pietro Picco;Italy;;
2002;main;Klaus Pohl;Germany;;
2002;main;David F. Redmiles;USA;;
2002;main;Arthur Reyes;USA;;
2002;main;Debra Richardson;USA;;
2002;main;Houari Sahraoui;Canada;;
2002;main;Motoshi Saeki;Japan;;
2002;main;Wilhelm Schaefer;Germany;;
2002;main;Frank Shipman;USA;;
2002;main;Douglas R. Smith;USA;;
2002;main;Kurt Stirewalt;USA;;
2002;main;Jeffery Van Baalen;USA;;
2002;main;Willem Visser;USA;;
2002;main;Virginie Wiels;France;;
2002;main;Albert Zuendorf;Germany;;
2001;main;Debra Richardson;University of California Irvine;USA;
2001;main;Martin S. Feather;Jet Propulsion Laboratory;USA;
2001;main;Michael Goedicke;Univ of Essen;Germany;
2001;main;Perry Alexander;USA;;
2001;main;Daniel M. Berry;Canada;;
2001;main;Yves Deville;Belgium;;
2001;main;Thomas Ellman;USA;;
2001;main;Wolfgang Emmerich;UK;;
2001;main;Steve Fickas;USA;;
2001;main;Bernd Fischer;USA;;
2001;main;Pierre Flener;Sweden;;
2001;main;Alfonso Fuggetta;Italy;;
2001;main;Gerald Gannod;USA;;
2001;main;Joseph Goguen;USA;;
2001;main;Cordell Green;USA;;
2001;main;Ian Green;UK;;
2001;main;John Grundy;New Zealand;;
2001;main;Robert J. Hall;USA;;
2001;main;Mehdi T. Harandi;USA;;
2001;main;Mats Heimdahl;USA;;
2001;main;Scott Henninger;USA;;
2001;main;Andrew Ireland;UK;;
2001;main;Bernd Kraemer;Germany;;
2001;main;Jeff Kramer;UK;;
2001;main;Kung-Kiu Lau;UK;;
2001;main;Baudouin Le Charlier;Belgium;;
2001;main;Yves Ledru;France;;
2001;main;Michael R. Lowry;USA;;
2001;main;Tom Maibaum;UK;;
2001;main;Brad Martin;USA;;
2001;main;Ali Mili;USA;;
2001;main;Bashar Nuseibeh;UK;;
2001;main;Colin O'Halloran;UK;;
2001;main;Charles Pecheur;USA;;
2001;main;John Penix;USA;;
2001;main;Klaus Pohl;Germany;;
2001;main;David F. Redmiles;USA;;
2001;main;Arthur Reyes;USA;;
2001;main;Julian Richardson;UK;;
2001;main;Spencer Rugaber;USA;;
2001;main;Houari Sahraoui;Canada;;
2001;main;Akiyoshi Sato;Japan;;
2001;main;Andy Schuerr;Germany;;
2001;main;Frank Shipman;USA;;
2001;main;Douglas R. Smith;USA;;
2001;main;Kurt Stirewalt;USA;;
2001;main;Gabriele Taentzer;Germany;;
2001;main;Enn Tyugu;Sweden;;
2001;main;Jeffery Van Baalen;USA;;
2001;main;Willem Visser;USA;;
2001;main;Richard Waldinger;USA;;
2001;main;Virginie Wiels;France;;
2001;main;Chris Welty;USA;;
2001;main;Dave Wile;USA;;
2001;ds;Wolfgang Emmerich;University College London;UK;
2000;main;Yves Ledru;LSR/IMAG;France;
2000;main;Perry Alexander;IITC/ The University of Kansas;USA;
2000;main;Pierre Flener;Uppsala University;Sweden;
2000;main;Perry Alexander;USA;;
2000;main;Daniel M. Berry;Israel;;
2000;main;Yves Deville;Belgium;;
2000;main;Steven Easterbrook;Canada;;
2000;main;Wolfgang Emmerich;UK;;
2000;main;Martin S. Feather;USA;;
2000;main;Steve Fickas;USA;;
2000;main;Bernd Fischer;USA;;
2000;main;Pierre Flener;Sweden;;
2000;main;Alfonso Fuggetta;Italy;;
2000;main;Gerald Gannod;USA;;
2000;main;Michael Goedicke;Germany;;
2000;main;Joseph Goguen;USA;;
2000;main;Cordell Green;USA;;
2000;main;Ian Green;UK;;
2000;main;John Grundy;New Zealand;;
2000;main;Robert J. Hall;USA;;
2000;main;Mehdi T. Harandi;USA;;
2000;main;Mats Heimdahl;USA;;
2000;main;Scott Henninger;USA;;
2000;main;Bernd Kraemer;Germany;;
2000;main;Kung-Kiu Lau;UK;;
2000;main;Baudouin Le Charlier;Belgium;;
2000;main;Yves Ledru;France;;
2000;main;Julio Cesar Leite;Brazil;;
2000;main;Michael R. Lowry;USA;;
2000;main;Tom Maibaum;UK;;
2000;main;Neil Maiden;UK;;
2000;main;Renaud Marlet;France;;
2000;main;Mihhail Matskin;Norway;;
2000;main;Ali Mili;USA;;
2000;main;Bashar Nuseibeh;UK;;
2000;main;Colin O'Halloran;UK;;
2000;main;Charles Pecheur;USA;;
2000;main;John Penix;USA;;
2000;main;Alex Quilici;USA;;
2000;main;David F. Redmiles;USA;;
2000;main;Arthur Reyes;USA;;
2000;main;Debra Richardson;USA;;
2000;main;Julian Richardson;UK;;
2000;main;Spencer Rugaber;USA;;
2000;main;Conor Ryan;Ireland;;
2000;main;Houari Sahraoui;Canada;;
2000;main;Akiyoshi Sato;Japan;;
2000;main;Dorothy Setliff;Australia;;
2000;main;Frank Shipman;USA;;
2000;main;Douglas R. Smith;USA;;
2000;main;Kurt Stirewalt;USA;;
2000;main;Enn Tyugu;Sweden;;
2000;main;Jeffery Van Baalen;USA;;
2000;main;Richard Waldinger;USA;;
2000;main;Virginie Wiels;France;;
2000;main;Chris Welty;USA;;
2000;main;Dave Wile;USA;;
2000;tutorials;Steven Easterbrook;University of Toronto;Canada;
2000;ds;Renaud Marlet;INRIA/Trusted Logic;France;
2000;ds;John Penix;NASA Ames Research Center;USA;
2000;tools;Virginie Wiels;ONERA-CERT/DTIM;France;
1999;main;Dorothy Setliff;IBM Global Services;Australia;
1999;main;Robert J. Hall;AT&T Labs Research;USA;
1999;main;Enn Tyugu;Kungliga Tekniska Hoegskolan;Sweden;
1999;tutorials;Scott Henninger;University of Nebraska-Lincoln;USA;
1999;ds;Perry Alexander;University of Kansas;USA;
1999;tools;Jeffery Van Baalen;University of Wyoming and NASA Ames Research Center;USA;
1999;main;Perry Alexander;U. Kansas;USA;
1999;main;Daniel M. Berry;Technion;Israel;
1999;main;Leopoldo Bertossi;Univ. Catolica;Chile;
1999;main;Ted Biggerstaff;Microsoft Research;USA;
1999;main;Alex Borgida;Rutgers University;USA;
1999;main;Shing-Chi Cheung;Hong Kong University of Science and Technology;Hong Kong;
1999;main;Steven Easterbrook;NASA IV&V;USA;
1999;main;Wolfgang Emmerich;University College London;UK;
1999;main;Martin S. Feather;NASA JPL;USA;
1999;main;Steve Fickas;U. Oregon;USA;
1999;main;Bernd Fischer;NASA,USA;;
1999;main;Pierre Flener;Uppsala University;Sweden;
1999;main;Alfonso Fuggetta;Politecnico di Milano and CEFRIEL;Italy;
1999;main;Gerald Gannod;Arizona State;USA;
1999;main;Michael Goedicke;University of Essen,Germany;;
1999;main;Joseph Goguen;UC San Diego;USA;
1999;main;Cordell Green;Kestrel Institute;USA;
1999;main;Ian Green;Edinburgh;UK;
1999;main;John Grundy;University of Waikato;New Zealand;
1999;main;Yuri Gurevich;U. Michigan;USA;
1999;main;Robert J. Hall;AT&T Labs Research;USA;
1999;main;Mehdi T. Harandi;Univ. Illinois;USA;
1999;main;Scott Henninger;U. Nebraska Lincoln;USA;
1999;main;Stan Jarzabek;National University of Singapore,Singapore;;
1999;main;Lewis Johnson;USC-ISI;USA;
1999;main;Bernd Kraemer;FernUniversitaet Hagen;Germany;
1999;main;Yves Ledru;IMAG;France;
1999;main;Julio Cesar Leite;PUC-Rio;Brasil;
1999;main;Michael R. Lowry;NASA Ames Research Center;USA;
1999;main;Neil Maiden;City University;UK;
1999;main;Renaud Marlet;IRISA;France;
1999;main;Mihhail Matskin;NTNU;Norway;
1999;main;Ali Mili;Institute for Software Research;USA;
1999;main;John Mylopoulos;Toronto;Canada;
1999;main;Bashar Nuseibeh;Imperial College;UK;
1999;main;John Penix;NASA Ames Research Center;USA;
1999;main;Klaus Pohl;RWTH-Aachen;Germany;
1999;main;Alex Quilici;University of Hawaii;USA;
1999;main;David F. Redmiles;University of California Irvine;USA;
1999;main;Debra Richardson;USA University of California Irvine;USA;
1999;main;David S. Rosenblum;University of California Irvine;USA;
1999;main;Akiyoshi Sato;NEC;Japan;
1999;main;Dorothy Setliff;Univ. Pittsburgh;USA;
1999;main;Frank Shipman;Texas A&M;USA;
1999;main;Douglas R. Smith;Kestrel Institute;USA;
1999;main;Tanel Tammet;U. Göteborg and Chalmers University of Technology;Sweden;
1999;main;Loren Terveen;AT&T Labs Research;USA;
1999;main;Enn Tyugu;KTH;Sweden;
1999;main;Jeffery Van Baalen;U. Wyoming and NASA Ames Research Center;USA;
1999;main;Richard Waldinger;SRI International;USA;
1999;main;Chris Welty;Vassar College;USA;
1999;main;Douglas White;Air Force Research Lab;USA;
1999;main;Dave Wile;USC ISI;USA;
1998;main;Alex Quilici;University of Hawaii at Manoa;USA;
1998;main;David F. Redmiles;University of Califorina, Irvine;USA;
1998;main;Bashar Nuseibeh;Imperial College of Science, Technology & Medicine;UK;
1998;tutorials;Scott Henninger;University of Nebraska-Lincoln;USA;
1998;ds;Steven Easterbrook;NASA/WVU;USA;
1998;tools;Jeffery Van Baalen;NASA Ames Research Center;USA;
1998;main;Tsuneo Ajisaka;Wakayama University;Japan;
1998;main;Perry Alexander;U. Cincinnati;USA;
1998;main;Daniel M. Berry;Technion;Israel;
1998;main;Leopoldo Bertossi;Univ. Catolica;Chile;
1998;main;Ted Biggerstaff;Microsoft Research;USA;
1998;main;Alex Borgida;Rutgers University;USA;
1998;main;Alan Bundy;U. Edinburgh;UK;
1998;main;Shing-Chi Cheung;Hong Kong University of Science and Technology;Hong Kong;
1998;main;Paul Clements;CMU SEI;USA;
1998;main;Steven Easterbrook;NASA IV&V;USA;
1998;main;Wolfgang Emmerich;University College London;UK;
1998;main;Martin S. Feather;NASA JPL;USA;
1998;main;Pierre Flener;Uppsala University;Sweden;
1998;main;Steve Fickas;U. Oregon;USA;
1998;main;Alfonso Fuggetta;Politecnico di Milano and CEFRIEL;Italy;
1998;main;Carlo Ghezzi;Milano;Italy;
1998;main;Michael Goedicke;University of Essen;Germany;
1998;main;Joseph Goguen;UC San Diego;USA;
1998;main;John Grundy;University of Waikato;New Zealand;
1998;main;Robert J. Hall;AT&T Labs Research;USA;
1998;main;Mehdi T. Harandi;Univ. Illinois;USA;
1998;main;Scott Henninger;U. Nebraska Lincoln;USA;
1998;main;Stan Jarzabek;National University of Singapore;Singapore;
1998;main;Mehdi Jazayeri;Technical University of Vienna;Austria;
1998;main;Lewis Johnson;USC-ISI;USA;
1998;main;Simon Kaplan;The University of Queensland;Australia;
1998;main;Rene R. Kloesch;Ernst & Young Austria;Austria;
1998;main;Jeff Kramer;Imperial College of Science Technology and Medicine;UK;
1998;main;Bernd Kraemer;FernUniversitaet Hagen;Germany;
1998;main;Yves Ledru;IMAG;France;
1998;main;Julio Cesar Leite;PUC-Rio;Brasil;
1998;main;Michael R. Lowry;NASA Ames Research Center;USA;
1998;main;Neil Maiden;City University;UK;
1998;main;Renaud Marlet;IRISA;France;
1998;main;Ali Mili;Institute for Software Research;USA;
1998;main;John Mylopoulos;Toronto;Canada;
1998;main;Klaus Pohl;RWTH-Aachen;Germany;
1998;main;Rob Rist;University of Technology Sydney;Australia;
1998;main;Christian Rathke;Fraunhofer IAO;Germany;
1998;main;David S. Rosenblum;University of California Irvine;USA;
1998;main;Kevin Ryan;Univ. Limerick;Ireland;
1998;main;Motoshi Saeki;Tokyo Institute of Technology;Japan;
1998;main;Akiyoshi Sato;NEC;Japan;
1998;main;Dorothy Setliff;Univ. Pittsburgh;USA;
1998;main;Frank Shipman;Texas A&M;USA;
1998;main;Douglas R. Smith;Kestrel Institute;USA;
1998;main;Alistair Sutcliffe;City University;UK;
1998;main;Loren Terveen;AT&T Labs Research;USA;
1998;main;Enn Tyugu;KTH;Sweden;
1998;main;Jeffery Van Baalen;NASA Ames Research Center;USA;
1998;main;Axel van Lamsweerde;Universite Catholique de Louvain;Belgium;
1998;main;Richard Waldinger;SRI International;USA;
1998;main;Jim Welsh;University of Queensland;Australia;
1998;main;Chris Welty;Vassar College;USA;
1998;main;Douglas White;Air Force Research Lab;USA;
1998;main;Dave Wile;USC ISI;USA ;
1997;main;Chris Welty;Vassar College;USA;
1997;main;Michael R. Lowry;NASA Ames Research Center;USA;
1997;main;Yves Ledru;Laboratoire Logiciels, Systemes et Reseaux - IMAG;France;
1997;main;Perry Alexander;U. Cincinnati;USA;
1997;main;Kevin Benner;United HealthCare;USA;
1997;main;Leopoldo Bertossi;Univ. Catolica;Chile;
1997;main;Wolfgang Bibel;Darmstadt;Germany;
1997;main;Ted Biggerstaff;Microsoft Research;USA;
1997;main;Dines Bj�rner;United Nations Univ.;;
1997;main;Barry Boehm;USC;USA;
1997;main;Alan Bundy;U. Edinburgh;UK;
1997;main;Paul Clements;CMU SEI;USA;
1997;main;Steven Easterbrook;NASA IV&V;USA;
1997;main;Thomas Ellman;Rutgers Univ.;USA;
1997;main;Martin S. Feather;NASA JPL;USA;
1997;main;Pierre Flener;Bilkent University;Turkey;
1997;main;Carlo Ghezzi;Milano;Italy;
1997;main;Joseph Goguen;UC San Diego;USA;
1997;main;Cordell Green;Kestrel Institute;USA;
1997;main;Armando Haeberer;Univ. Catolica;Brasil;
1997;main;Robert J. Hall;AT&T Labs Research;USA;
1997;main;Mehdi T. Harandi;Univ. Illinois;USA;
1997;main;Klaus Havelund;NASA Ames;USA;
1997;main;Scott Henninger;U. Nebraska Lincoln;USA;
1997;main;Lewis Johnson;USC-ISI;USA;
1997;main;Richard Jullig;Kestrel Institute;USA;
1997;main;Jan Komorowski;NTNU Trondheim;Norway;
1997;main;Michel Lemoine;CERT;France;
1997;main;Carlos Lucena;Univ. Catolica;Brasil;
1997;main;Chris Marlin;Flinders Univ.;Australia ;
1997;main;John Mylopoulos;Toronto;Canada;
1997;main;Bashar Nuseibeh;Imperial College;UK;
1997;main;Farid Ouabdesselam;IMAG.;France ;
1997;main;Catherine Parent;IMAG.;France ;
1997;main;Peter Pepper;TU Berlin;Germany;
1997;main;Alex Quilici;U. Hawaii;USA;
1997;main;David F. Redmiles;UC Irvine;USA;
1997;main;Kevin Ryan;Univ. Limerick;Ireland;
1997;main;Akiyoshi Sato;NEC;Japan;
1997;main;Peter G. Selfridge;AT&T Labs;USA;
1997;main;Dorothy Setliff;Univ. Pittsburgh, USA/Univ. Sydney, Australia;;
1997;main;Howard Shrobe;ARPA/MIT;USA;
1997;main;Douglas R. Smith;Kestrel Institute;USA;
1997;main;George Spanoudakis;City University;UK;
1997;main;Enn Tyugu;KTH;Sweden;
1997;main;Jeffery Van Baalen;NASA Ames Research Center;USA;
1997;main;Richard Waldinger;SRI International;USA;
1997;main;Douglas White;Rome Labs;USA;
1997;main;Alan Whitehurst;BYU;USA;
1997;tools;Alan Whitehurst;Brigham Young University;USA;
1997;tutorials;Perry Alexander;University of Cincinnati;USA;
1996;main;Douglas White;Rome Lab;;
1996;main;Chris Welty;Vassar College;USA;
1996;main;Paul Bailor;AFIT;;
1996;main;Israel Ben-Shaul;Technion;;
1996;main;Kevin Benner;Andersen;;
1996;main;Alan Bundy;U. Edinburgh;;
1996;main;Paul Clements;CMU SEI;;
1996;main;Prem Devanbu;AT&T;;
1996;main;Martin S. Feather;USC ISI;;
1996;main;Steve Fickas;U. Oregon;;
1996;main;Gerhard Fischer;CU Boulder;;
1996;main;Jim Gish;GTE;;
1996;main;Cordell Green;Kestrel;;
1996;main;Mehdi T. Harandi;UIUC;;
1996;main;Louis Hoebel;Rome Lab;;
1996;main;Karen Huff;GTE;;
1996;main;Lewis Johnson;USC ISI;;
1996;main;Gail Kaiser;Columbia U.;;
1996;main;Yves Ledru;IMAG;;
1996;main;Michael R. Lowry;NASA Ames;;
1996;main;Alex Quilici;U. Hawaii;;
1996;main;David F. Redmiles;UC Irvine;;
1996;main;Howard B. Reubenstein;GTE;;
1996;main;Daniela Rosca;ODU;;
1996;main;Akiyoshi Sato;NEC;;
1996;main;Peter G. Selfridge;AT&T;;
1996;main;Dorothy Setliff;U. Pittsburgh;;
1996;main;Douglas R. Smith;Kestrel;;
1996;main;Loren Terveen;AT&T;;
1996;main;Chris Welty;Vassar College;;
1996;main;Douglas White;Rome Lab;;
1996;main;Alan Whitehurst;BYU;;
1995;main;Howard B. Reubenstein;GTE Laboratories;USA;
1995;main;Dorothy Setliff;University of Pittsburgh;USA;
1995;tools;Richard Piazza;The MITRE Corporation;USA;
1995;tutorials;Chris Welty;Vassar College;USA;
1995;main;Paul Bailes;University of Queensland;;
1995;main;Paul Bailor;AFIT;;
1995;main;Kevin Benner;Andersen Consulting;;
1995;main;Wolfgang Bibel;Technische Hochschule Darmstadt;;
1995;main;Alan Bundy;University of Edinburgh;;
1995;main;Joseph A. Carozzoni;Rome Labs;;
1995;main;Paul Clements;SEI;;
1995;main;Martin S. Feather;USC ISI;;
1995;main;Steve Fickas;University of Oregon;;
1995;main;Mehdi T. Harandi;University of Illinois;;
1995;main;Karen Huff;GTE Labs;;
1995;main;Richard Jullig;Kestrel;;
1995;main;Lewis Johnson;USC ISI;;
1995;main;Gail Kaiser;Columbia University;;
1995;main;Axel van Lamsweerde;Universite Catholique de Louvain;;
1995;main;Michael R. Lowry;NASA Ames;;
1995;main;Gordon Novak;University of Texas;;
1995;main;Walter Scacchi;USC;;
1995;main;Peter G. Selfridge;ATT;;
1995;main;Douglas R. Smith;Kestrel;;
1995;main;Loren Terveen;ATT;;
1995;main;Richard Waldinger;SRI;;
1995;main;Chris Welty;Vassar;;
1995;main;Douglas White;Rome Labs;;
1995;main;Alan Whitehurst;US Army CERL;;
1994;main;Douglas R. Smith;Kestrel Institute;USA;
1994;main;Richard Jullig;Kestrel Institute;USA;
1994;main;David Barstow;Schlumberger;;
1994;main;Kevin Benner;Andersen Consult.;;
1994;main;Wolfgang Bibel;Darmstadt;;
1994;main;Alan Bundy;Univ. Edinburgh;;
1994;main;Joseph A. Carozzoni;Rome Lab;;
1994;main;Martin S. Feather;USC ISI;;
1994;main;Terry Ginn;SRI;;
1994;main;Henson Graves;Lockheed;;
1994;main;Mehdi T. Harandi;Univ Ill;;
1994;main;Lewis Johnson;USC ISI;;
1994;main;Richard Jullig;Kestrel;;
1994;main;Michael Karr;Software Options;;
1994;main;Axel van Lamsweerde;Louvain;;
1994;main;Michael R. Lowry;NASA ARC;;
1994;main;Howard B. Reubenstein;MITRE;;
1994;main;Walter Scacchi;USC;;
1994;main;Peter G. Selfridge;Bell Lab;;
1994;main;Dorothy Setliff;Univ Pittsburgh;;
1994;main;Douglas R. Smith;Kestrel;;
1994;main;Richard Waldinger;SRI;;
1994;main;Douglas White;Rome Lab;;
