2014;main;Bram Adams;École Polytechnique de Montréal;Canada
2014;main;Gabriele Bavota;University of Sannio;Italy
2014;main;Roman Bednarik;University of Eastern Finland;Finland
2014;main;Dirk Beyer;University of Passau;Germany
2014;main;David Binkley;Loyola University, Maryland;USA
2014;main;Chris Bird;Microsoft Research;USA
2014;main;Gul Calikli;Ryerson University;Canada
2014;main;James R. Cordy;Queen's University;Canada
2014;main;Rudolf Ferenc;University of Szeged;Hungary
2014;main;Alessandro Garcia;Pontifical Catholic University of Rio de Janeiro;Brazil
2014;main;Malcom Gethers;University of Maryland;USA
2014;main;Mark Grechanik;University of Illinois, Chicago;USA
2014;main;Sonia Haiduc;Florida;State;University;USA
2014;main;Stefan Hanenberg;University of Duisburg-Essen;Germany
2014;main;Emily Hill;Montclair State University;USA
2014;main;Daqing Hou;Clarkson University, New York;USA
2014;main;Hiroshi Igaki;Osaka University;Japan
2014;main;Takashi Ishio;Osaka University;Japan
2014;main;Elmar Juergens;Technische Universitaet Muenchen;Germany
2014;main;Huzefa H. Kagdi;Wichita State University, Kansas;USA
2014;main;Takashi Kobayashi;Tokyo Institute of Technology;Japan
2014;main;Nicholas A. Kraft;University of Alabama;USA
2014;main;Jens Krinke;University College London;United Kingdom
2014;main;Ralf Lammel;University of Koblenz;Germany
2014;main;David Lo;Singapore Management University;Singapore
2014;main;Andrea De Lucia;University of Salerno;Italy
2014;main;Mircea Lungu;University of Berne;Switzerland
2014;main;Lutz Prechelt;Free University Berlin;Germany
2014;main;Collin McMillan;University of Notre Dame;USA
2014;main;Rocco Oliveto;University of Molise;Italy
2014;main;Chris Parnin;College of Computing, Georgia Tech;USA
2014;main;Denys Poshyvanyk;The College of William and Mary, Williamsburg;USA
2014;main;Jochen Quante;Robert Bosch GmbH, Stuttgart;Germany
2014;main;Vaclav Rajlich;Wayne State University;USA
2014;main;Filippo Ricca;University of Genoa;Italy
2014;main;Romain Robbes;University in Chile;Chile
2014;main;Coen De Roover;Vrije Universiteit Brussel;Belgium
2014;main;Chanchal Kumar Roy;University of Saskatchewan;Canada
2014;main;Chandan Raj Rupakheti;Rose-Hulman Institute of Technology;USA
2014;main;Bonita Sharif;Youngstown State University;USA
2014;main;Emad Shihab;Rochester Institute of Technology;USA
2014;main;Janet Siegmund;University of Passau;Germany
2014;main;Leif Singer;University of Victoria;Canada
2014;main;Giriprasad Sridhara;India Research Laboratory, Bangalore;India
2014;main;Andreas Stefik;Southern Illinois University Edwardsville;USA
2014;main;Zhenchang Xing;Nankai University;China
2013;main;Huzefa Kagdi;Wichita State University;USA
2013;main;Denys Poshyvanyk;The College of William and Mary;USA
2013;main;Massimiliano Di Penta;University of Sannio;Italy
2013;main;Bram Adams;Ecole Polytechnique de Montreal;Canada
2013;main;Giuliano Antoniol;Ecole Polytechnique de Montreal;Canada
2013;main;Gabriele Bavota;University of Sannio;Italy
2013;main;Andrew Begel;Microsoft Research;USA
2013;main;Dirk Beyer;University of Passau;Germany
2013;main;Dave Binkley;Loyola University Maryland;USA
2013;main;Mariano Ceccato;Fondazione Bruno Kessler;Italy
2013;main;Anthony Cleve;University of Namur;Belgium
2013;main;Michael Collard;The University of Akron;USA
2013;main;James R. Cordy;Queen's University;Kingston;Canada
2013;main;Andrea De Lucia; University of Salerno;Italy
2013;main;Serge Demeyer;Universiteit Antwerpen;Belgium
2013;main;Rudolf Ferenc;University of Szeged;Hungary
2013;main;Thomas Fritz; University of Zurich;Switzerland
2013;main;Daniel German; University of Victoria;Canada
2013;main;Malcom Gethers;University of Maryland;USA
2013;main;Mark Grechanik; University of Illinois at Chicago;USA
2013;main;Abdelwahab Hamou-Lhadj;Concordia Unversity;Canada
2013;main;Emily Hill;Montclair State University;USA
2013;main;Abram Hindle;University of Alberta;Canada
2013;main;Daqing Hou;Clarkson University;USA
2013;main;Foutse Khomh;Ecole Polytechnique de Montreal;Canada
2013;main;Rainer Koschke;University of Bremen;Germany
2013;main;Nicholas A. Kraft;The University of Alabama;USA
2013;main;Jens Krinke;University College London;UK
2013;main;Ralf Laemmel;Universitat Koblenz-Landau;Germany
2013;main;Michele Lanza;University of Lugano;Switzerland
2013;main;David Lo;Singapore Management University;Singapore
2013;main;Jonathan I. Maletic;Kent State University;USA
2013;main;Andrian Marcus;Wayne State University;USA
2013;main;Collin McMillan;University of Notre Dame;USA
2013;main;Leon Moonen;Simula Research Laboratory;Norway
2013;main;Rocco Oliveto;University of Molise;Italy
2013;main;Martin Pinzger;Delft University of Technology;Netherlands
2013;main;Lori Pollock;University of Delaware;USA
2013;main;Vaclav Rajlich;Wayne State University;USA
2013;main;Filippo Ricca;University of Genova;Italy
2013;main;Romain Robbes;University of Lugano;Switzerland
2013;main;Chanchal K. Roy;University of Saskatchewan;Canada
2013;main;Giuseppe Scanniello;University of Basilicata;Italy
2013;main;Emad Shihab;Rochester Institute of Technology;USA
2013;main;Andreas Stefik;Southern Illinois University Edwardsville;USA
2013;main;Paolo Tonella;Fondazione Bruno Kessler;Italy
2013;main;Arie Van Deursen;Delft University of Technology;Netherlands
2013;main;Zhengchang Xing;National University of Singapore;Singapore
2013;main;Andy Zaidman;Delft University of Technology;Netherlands
2013;main;Thomas Zimmermann;Microsoft Research;USA
2012;main;Bram Adams;;;;
2012;main;Andrew Begel;;;;
2012;main;Christian Bird;;;;
2012;main;Marco D'Ambros;;;;
2012;main;Arie van Deursen;;;;
2012;main;Prem Devanbu;;;;
2012;main;Stephan Diehl;;;;
2012;main;Rudolf Ferenc;;;;
2012;main;Scott Fleming;;;;
2012;main;Tudor Girba;;;;
2012;main;Michael W. Godfrey;;;;
2012;main;Jesus M. Gonzalez-Barahona;;;;
2012;main;Abdelwahab Hamou-Lhadj;;;;
2012;main;Emily Hill;;;;
2012;main;Abram Hindle;;;;
2012;main;Reid Holmes;;;;
2012;main;Elmar Juergens;;;;
2012;main;Andy Kellens;;;;
2012;main;Sunghun Kim;;;;
2012;main;Jens Krinke;;;;
2012;main;Irwin Kwan;;;;
2012;main;Dawn Lawrie;;;;
2012;main;Alessandro Marchetto;;;;
2012;main;Leon Moonen;;;;
2012;main;Oscar Nierstrasz;;;;
2012;main;Chris Parnin;;;;
2012;main;Martin Pinzger;;;;
2012;main;Denys Poshyvanyk;;;;
2012;main;Romain Robbes;;;;
2012;main;Kevin Schneider;;;;
2012;main;Alexander Serebrenik;;;;
2012;main;Andreas Stefik;;;;
2012;main;Eleni Stroulia;;;;
2012;main;Lin Tan;;;;
2012;main;Alexandru Telea;;;;
2012;main;Marco Torchiano;;;;
2012;main;Christoph Treude;;;;
2012;main;Zhenchang Xing;;;;
2011;main;Giuliano Antoniol;Ecole Polytechnique de Montreal;Canada;;
2011;main;Lerina Aversano;University of Sannio;Italy;;
2011;main;Árpád Beszédes;University of Szeged;Hungary;;
2011;main;Dirk Beyer;University of Passau;Germany;;
2011;main;Sue Black;University College London;UK;;
2011;main;Jim Buckley;University of Limerick;Ireland;;
2011;main;Michael L. Collard;The University of Akron;USA;;
2011;main;James R. Cordy;Queen's University;Canada;;
2011;main;Marco D'Ambros;University of Lugano;Switzerland;;
2011;main;Andrea De Lucia;Universita di Salerno;Italy;;
2011;main;Scott Fleming;Oregon State University;USA;;
2011;main;Keith Gallagher;Florida Institute of Technology;USA;;
2011;main;Gerald C. Gannod;Miami University;USA;;
2011;main;Scanniello Giuseppe;University of Basilicata;Italy;;
2011;main;Nicolas Gold;King's College;UK;;
2011;main;Yann-Gaël Guéhéneuc;Ecole Polytechnique de Montreal;Canada;;
2011;main;Abdelwahab Hamou-Lhadj;Concordia Unversity;Canada;;
2011;main;Mark Harman;King's College;UK;;
2011;main;Abram Hindle;University of California;Davis;USA;
2011;main;Reid Holmes;University of Waterloo;Canada;;
2011;main;Daqing Hou;Clarkson University;USA;;
2011;main;Jan Jurjens;TU Dortmund & Fraunhofer ISST;Germany;;
2011;main;Holger Kienle;University of Victoria;Canada;;
2011;main;Charles Knutson;Brigham Young University;USA;;
2011;main;Rainer Koschke;University of Bremen;Germany;;
2011;main;Nicholas A. Kraft;The University of Alabama;USA;;
2011;main;Michele Lanza;University of Lugano;Switzerland;;
2011;main;Dawn Lawrie;Loyola College in Maryland;USA;;
2011;main;Timothy Lethbridge;University of Ottawa;Canada;;
2011;main;Jonathan Maletic;Kent State University;USA;;
2011;main;Spiros Mancoridis;Drexel University;USA;;
2011;main;Alessandro Marchetto;FBK-IRST;Italy;;
2011;main;Andrian Marcus;Wayne State University;USA;;
2011;main;Radu Marinescu;University of Timisoara;Romania;;
2011;main;Naouel Moha;University of Quebec a Montreal;Canada;;
2011;main;Rocco Oliveto;University of Molise;Italy;;
2011;main;Martin Pinzger;TU Delft Netherlands;The Netherlands;;
2011;main;Vaclav Rajlich;Wayne State University;USA;;
2011;main;Pedro Rangel Henriques;Universidade do Minho;Portugal;;
2011;main;Marc Roper;University of Strathclyde;UK;;
2011;main;Kamran Sartipi;McMaster University;Canada;;
2011;main;Kevin Schneider;University of Saskatchewan;Canada;;
2011;main;Ladan Tahvildari;University of Waterloo;USA;;
2011;main;Paolo Tonella;FBK-IRST;Italy;;
2011;main;Marco Torchiano;Politecnico di Torino;Italy;;
2011;main;Vassilios Tzerpos;York University;Canada;;
2011;main;Arie van Deursen;TU Delft;The Netherlands;;
2011;main;Neil Walkinshaw;University of Leicester;UK;;
2011;main;Andreas Winter;Carl von Ossietzky University;Germany;;
2011;main;Andy Zaidman;TU Delft;The Netherlands;;
2011;main;Ying Zou;Queen's University;Canada;;
2011;main;Susan Elliott Sim;University of California;Irvine;USA;
2011;main;Filippo Ricca;Università di Genoa;Italy;;
2011;main;Thomas R. Dean;Queen’s University;Canada;;
2010;main;Pedro Rangel Henriques;Universidade do Minho;Portugal;;
2010;main;Giuliano Antoniol;Ecole Polytechnique de Montreal;Canada;;
2010;main;Keith Gallagher;University of Durham;UK;;
2010;main;Alberto Sillitti;Free University of Bolzano-Bozen;Italy;;
2010;main;Andrea De Lucia;Universita di Salerno;Italy;;
2010;main;Andrian Marcus;Wayne State University;USA;;
2010;main;Andy Zaidman;Delft University of Technology;Netherlands;;
2010;main;Árpád Beszédes;University of Szeged;Hungary;;
2010;main;Daqing Hou;Clarkson University;USA;;
2010;main;David Binkley;Loyola College in Maryland;USA;;
2010;main;Denys Poshyvanyk;The College of William and Mary;USA;;
2010;main;Dirk Beyer;Simon Fraser University;Canada;;
2010;main;Gerald C. Gannod;Miami University;USA;;
2010;main;Hausi Muller;University of Victoria;Canada;;
2010;main;James R. Cordy;Queen's University;Canada;;
2010;main;Jan Jurjens;The open university (gb) and Microsoft research (cambridge);UK;;
2010;main;Jim Buckley;University of Limerick;Ireland;;
2010;main;Jochen Quante;Robert Bosch GmbH;Germany;;
2010;main;Jonathan Maletic;Kent State University;USA;;
2010;main;Kamran Sartipi;McMaster University;Canada;;
2010;main;Ladan Tahvildari;Univetsity of Waterloo;Canada;;
2010;main;Lewis Berman;University of Durham;UK;;
2010;main;Marc Roper;University of Strathclyde;UK;;
2010;main;Mark Harman;King's College London;UK;;
2010;main;Martin P. Robillard;McGill University;Canada;;
2010;main;Martin Pinzger;University of Zurich;Switzerland;;
2010;main;Massimiliano Di Penta;University of Sannio;Italy;;
2010;main;Michael L. Collard;Kent State University;USA;;
2010;main;Michael W. Godfrey;University of Waterloo;Canada;;
2010;main;Neil Walkinshaw;The University of Sheffield;UK;;
2010;main;Nicholas A. Kraft;The University of Alabama;USA;;
2010;main;Nicolas Gold;King's College London;UK;;
2010;main;Paolo Tonella;FBK-IRST;Italy;;
2010;main;Radu Marinescu;Politehnica University from Timisoara;Romania;;
2010;main;Rainer Koschke;University of Bremen;Germany;;
2010;main;Ralf Lämmel;Universität Koblenz-Landau;Germany;;
2010;main;Rocco Oliveto;Universita di Salerno;Italy;;
2010;main;Spiros Mancoridis;Drexel University;USA;;
2010;main;Sue Black;University of Westminster;UK;;
2010;main;Timothy Lethbridge;University of Ottawa;Canada;;
2010;main;Vaclav Rajlich;Wayne State University;USA;;
2010;main;Vassilios Tzerpos;York University;Canada;;
2010;main;Yann-Gaël Guéhéneuc;Ptidej Team;DGIGL;École Polytechnique de Montréal;Canada
2010;main;Ying Zou;Queen’s University;Canada;;
2009;main;Gerald C. Gannod;Miami University;USA;;
2009;main;Rainer Koschke;Universitat Bremen;Germany;;
2009;main;Andrian Marcus;Wayne State University;USA;;
2009;main;Giuliano Antoniol;École Polytechnique de Montréal;Canada;;
2009;main;Árpád Beszédes;University of Szeged;Hungary;;
2009;main;Dirk Beyer;Simon Fraser University;Canada;;
2009;main;David Binkley;Loyola College in Maryland;USA;;
2009;main;Jim Buckley;University of Limerick;Ireland;;
2009;main;Gerardo Canfora;RCOST;University of Sannio;Italy;
2009;main;Michael L. Collard;Kent State University;USA;;
2009;main;James R. Cordy;Queen's University;Canada;;
2009;main;Andrea De Lucia;University of Salerno;Italy;;
2009;main;Massimiliano Di Penta;University of Sannio;Italy;;
2009;main;Thomas R. Dean;Queen’s University;Canada;;
2009;main;Keith Gallagher;University of Durham;UK;;
2009;main;Michael W. Godfrey;University of Waterloo;Canada;;
2009;main;Nicolas Gold;King's College London;UK;;
2009;main;Yann-Gaël Guéhéneuc;École Polytechnique de Montréal;Canada;;
2009;main;Mark Harman;King's College London;UK;;
2009;main;Daqing Hou;Clarkson University;USA;;
2009;main;Jan Jurjens;The Open U. and Microsoft Research;UK;;
2009;main;Huzefa Kagdi;Missouri U. of Science and Technology;USA;;
2009;main;Andrew Ko;University of Washington;USA;;
2009;main;Nicholas A. Kraft;The University of Alabama;USA;;
2009;main;Ralf Lämmel;Universität Koblenz-Landau;Germany;;
2009;main;Michele Lanza;University of Lugano;Switzerland;;
2009;main;Timothy Lethbridge;University of Ottawa;Canada;;
2009;main;Jonathan Maletic;Kent State University;USA;;
2009;main;Spiros Mancoridis;Drexel University;USA;;
2009;main;Radu Marinescu;Politehnica University from Timisoara;Romania;;
2009;main;Leon Moonen;Simula Research Laboratory;Norway;;
2009;main;Hausi Muller;University of Victoria;Canada;;
2009;main;Alessandro Orso;Georgia Institute of Technology;USA;;
2009;main;Martin Pinzger;University of Zurich;Switzerland;;
2009;main;Denys Poshyvanyk;The College of William and Mary;USA;;
2009;main;Jochen Quante;Robert Bosch GmbH;Germany;;
2009;main;Vaclav Rajlich;Wayne State University;USA;;
2009;main;Martin P. Robillard;McGill University;Canada;;
2009;main;Kamran Sartipi;McMaster University;Canada;;
2009;main;Alberto Sillitti;Free University of Bolzano-Bozen;Italy;;
2009;main;Kurt Stirewalt;Michigan State University;USA;;
2009;main;Eleni Stroulia;University of Alberta;Canada;;
2009;main;Scott Tilley;Florida Institute of Technology;USA;;
2009;main;Paolo Tonella;FBK-IRST;Italy;;
2009;main;Vassilios Tzerpos;York University;Canada;;
2009;main;Andreas Winter;Universität Koblenz-Landau;Germany;;
2009;main;Andy Zaidman;Delft University of Technology;The Netherlands;;
2009;main;Ying Zou;Queen's University;Canada;;
2008;main;Chris Verhoef;VU University Amsterdam;the Netherlands;;
2008;main;René Krikhaar;ICT NoviQ / VU University Amsterdam;the Netherlands;;
2008;main;Ralf Lämmel;Universität Koblenz-Landau;Germany;;
2008;main;Giuliano Antoniol;École Polytechnique de Montréal;Canada;;
2008;main;Árpád Beszédes;University of Szeged;Hungary;;
2008;main;Dirk Beyer;Simon Fraser University;Canada;;
2008;main;David Binkley;Loyola College in Maryland;USA;;
2008;main;Bart Du Bois;University of Antwerp;Belgium;;
2008;main;Gerardo Canfora;RCOST;University of Sannio;Italy;
2008;main;Michael L. Collard;The University of Akron;USA;;
2008;main;James R. Cordy;Queen's University;Canada;;
2008;main;Thomas R. Dean;Queen's University;Canada;;
2008;main;Arie van Deursen;Delft University of Technology;Netherlands;;
2008;main;Massimiliano Di Penta;University of Sannio;Italy;;
2008;main;Stéphane Ducasse;INRIA Lille;France;;
2008;main;Jürgen Ebert;University of Koblenz-Landau;Germany;;
2008;main;Letha Hughes Etzkorn;University of Alabama in Huntsville;USA;;
2008;main;Chris Exton;University of Limerick;Ireland;;
2008;main;Keith Gallagher;University of Durham;UK;;
2008;main;Gerald C. Gannod;Miami University;USA;;
2008;main;Dragan Gašević;Athabasca University;Canada;;
2008;main;Tudor Girba;University of Bern;Switzerland;;
2008;main;Michael W. Godfrey;University of Waterloo;Canada;;
2008;main;Nicolas Gold;King's College London;UK;;
2008;main;Carsten Görg;Georgia Institute of Technology;USA;;
2008;main;Yann-Gaël Guéhéneuc;Université de Montréal;Canada;;
2008;main;Mark Harman;King's College London;UK;;
2008;main;Daqing Hou;ECE;Clarkson University;USA;
2008;main;S. Purushothaman Iyer;NC State University;USA;;
2008;main;Jan Jurjens;The Open University;GB;;
2008;main;Rainer Koschke;University of Bremen;Germany;;
2008;main;Kai Koskimies;Tampere University of Technology;Finland;;
2008;main;Filippo Lanubile;University of Bari;Italy;;
2008;main;Michele Lanza;University of Lugano;Switzerland;;
2008;main;Timothy Lethbridge;University of Ottawa;Canada;;
2008;main;Panagiotis K. Linos;Butler University;USA;;
2008;main;Marin Litoiu;IBM Toronto;Canada;;
2008;main;Jonathan Maletic;Kent State University;USA;;
2008;main;Spiros Mancoridis;Drexel University;USA;;
2008;main;Andrian Marcus;Wayne State University;USA;;
2008;main;Radu Marinescu;Politehnica University from Timisoara;Romania;;
2008;main;Leon Moonen;Delft University of Technology;Netherlands;;
2008;main;Hausi Muller;University of Victoria;Canada;;
2008;main;Oscar Nierstrasz;University of Berne;Switzerland;;
2008;main;Vaclav Rajlich;Wayne State University;USA;;
2008;main;Martin P. Robillard;McGill University;Canada;;
2008;main;Ali Shokoufandeh;Drexel University;USA;;
2008;main;Alberto Sillitti;Free University of Bolzano-Bozen;Italy;;
2008;main;Susan Elliott Sim;University of California at Irvine;USA;;
2008;main;Eleni Stroulia;University of Alberta;Canada;;
2008;main;Tarja Systä;Tampere University of Technology;Finland;;
2008;main;Ladan Tahvildari;University of Waterloo;Canada;;
2008;main;Scott Tilley;Florida Institute of Technology;USA;;
2008;main;Paolo Tonella;FBK - Fondazione Bruno Kessler;Trento;Italy;
2008;main;Andreas Winter;Johannes-Gutenberg-Universität;Mainz;Germany;
2008;main;Ying Zou;Queen's University;Canada;;
2007;main;Giuliano Antoniol;École Polytechnique de Montréal;Canada;;
2007;main;Dirk Beyer;Simon Fraser University;Canada;;
2007;main;David Binkley;Loyola College in Maryland;USA;;
2007;main;Gerardo Canfora;RCOST;University of Sannio;Italy;
2007;main;Michael L. Collard;Ashland University;USA;;
2007;main;James R. Cordy;Queen’s University;Canada;;
2007;main;Thomas R. Dean;Queen’s University;Canada;;
2007;main;Massimiliano Di Penta;University of Sannio;Italy;;
2007;main;Stéphane Ducasse;University of Savoie;France;;
2007;main;Jürgen Ebert;University of Koblenz- Landau;Germany;;
2007;main;Chris Exton;University of Limerick;Ireland;;
2007;main;Jean-Marie Favre;University of Grenoble 1;France;;
2007;main;Harald Gall;University of Zurich;Switzerland;;
2007;main;Keith Gallagher;University of Durham;UK;;
2007;main;Michael W. Godfrey;University of Waterloo;Canada;;
2007;main;Nicolas Gold;King’s College London;UK;;
2007;main;Yann-Gaël Guéhéneuc;Université de Montréal;Canada;;
2007;main;Tibor Gyimóthy;University of Szeged;Hungary;;
2007;main;Mark Harman;King’s College London;UK;;
2007;main;Kostas Kontogiannis;National Technical University of Athens;Greece;;
2007;main;Rainer Koschke;University of Bremen;Germany;;
2007;main;René Krikhaar;ICT NoviQ and Vrije Universiteit Amsterdam;Netherlands;;
2007;main;Ralf Lämmel;Microsoft Corporation;USA;;
2007;main;Filippo Lanubile;Politecnico di Bari;Italy;;
2007;main;Michele Lanza;University of Lugano;Switzerland;;
2007;main;Timothy Lethbridge;University of Ottawa;Canada;;
2007;main;Panagiotis K. Linos;Butler University;USA;;
2007;main;Marin Litoiu;IBM Toronto;Canada;;
2007;main;Jonathan Maletic;Kent State University;USA;;
2007;main;Spiros Mancoridis;Drexel University;USA;;
2007;main;Andrian Marcus;Wayne State University;USA;;
2007;main;Radu Marinescu;Politehnica University from Timisoara;Romania;;
2007;main;Leon Moonen;Delft University of Technology and CWI;Netherlands;;
2007;main;Hausi Muller;University of Victoria;Canada;;
2007;main;Vaclav Rajlich;Wayne State University;USA;;
2007;main;Martin P. Robillard;McGill University;Canada;;
2007;main;Kamran Sartipi;McMaster University;Canada xiii;;
2007;main;Susan Elliott Sim;University of California at Irvine;USA;;
2007;main;Dennis B. Smith;Carnegie-Mellon Software Engineering Institute;USA;;
2007;main;Tarja Systä;Tampere University of Technology;Finland;;
2007;main;Ladan Tahvildari;University of Waterloo;Canada;;
2007;main;Scott Tilley;Florida Institute of Technology;USA;;
2007;main;Arie van Deursen;Delft University of Technology and CWI;Netherlands;;
2007;main;Chris Verhoef;Vrije Universiteit Amsterdam;Netherlands;;
2007;main;Ying Zou;Queen’s University;Canada;;
2007;main;Kenny Wong;University of Alberta;Canada;;
2007;main;Eleni Stroulia;University of Alberta;Canada;;
2007;main;Paolo Tonella;ITC-irst;Italy;;
2006;main;Gerardo Canfora;RCOST;University of Sannio;Italy;
2006;main;Michael L. Collard;Kent State University;USA;;
2006;main;James R. Cordy;Queen’s University;Canada;;
2006;main;Andrea De Lucia;Universita degli Studi di Salerno;Italy;;
2006;main;Thomas R. Dean;Queen’s University;Canada;;
2006;main;Serge Demeyer;University of Antwerp;Belgium;;
2006;main;Stéphane Ducasse;University of Bern;Switzerland;;
2006;main;Jürgen Ebert;University of Koblenz-Landau;Germany;;
2006;main;Chris Exton;University of Limerick;Ireland;;
2006;main;Jean-Marie Favre;University of Grenoble 1;France;;
2006;main;Keith Gallagher;University of Durham;UK;;
2006;main;Gerald C. Gannod;Arizona State University;USA;;
2006;main;Michael W. Godfrey;University of Waterloo;Canada;;
2006;main;Nicolas Gold;King’s College London;UK;;
2006;main;Tibor Gyimóthy;University of Szeged;Hungary;;
2006;main;Mark Harman;King’s College London;UK;;
2006;main;Rainer Koschke;University of Bremen;Germany;;
2006;main;René Krikhaar;Philips Medical Systems;The Netherlands;;
2006;main;Ralf Lämmel;Microsoft Corporation;USA;;
2006;main;Michele Lanza;University of Lugano;Switzerland;;
2006;main;Panagiotis K. Linos;Butler University;USA;;
2006;main;Jonathan Maletic;Kent State University;USA;;
2006;main;Andrian Marcus;Wayne State University;USA;;
2006;main;Leon Moonen;CWI Amsterdam;The Netherlands;;
2006;main;Hausi Muller;University of Victoria;Canada;;
2006;main;Vaclav Rajlich;Wayne State University;USA;;
2006;main;Kamran Sartipi;McMaster University;Canada;;
2006;main;Susan Elliott Sim;University of California at Irvine;USA;;
2006;main;Dennis B. Smith;SEI;Carnegie-Mellon University;USA;
2006;main;Eleni Stroulia;University of Alberta;Canada;;
2006;main;Tarja Systä;Tampere University of Technology;Finland;;
2006;main;Paolo Tonella;ITC-IRT;Italy;;
2006;main;Vassilios Tzerpos;York University;Canada;;
2006;main;Arie van Deursen;CWI and Delft University;The Netherlands;;
2006;main;Chris Verhoef;CWI;The Netherlands;;
2006;main;Kenny Wong;University of Alberta;Canada;;
2006;main;Kostas Kontogiannis;University of Waterloo;Canada;;
2006;main;Jürgen Ebert;Koblenz University;Germany;;
2006;main;Panagiotis K. Linos;Butler University;USA;;
2005;main;Jonathan Maletic;Kent State University;USA;;
2005;main;James R. Cordy;Queen’s University;Canada;;
2005;main;Harald Gall;University of Zürich;Switzerland;;
2005;main;Tsuneo Ajisaka;Wakayama University;Japan;;
2005;main;Giuliano Antoniol;University of Sannio;Italy;;
2005;main;Keith Bennett;University of Durham;UK;;
2005;main;David Binkley;Loyola College in Maryland;USA;;
2005;main;Gerardo Canfora;RCOST;University of Sannio;Italy;
2005;main;Andrea De Lucia;Universita degli Studi di Salerno;Italy;;
2005;main;Thomas R. Dean;Queen’s University;Canada;;
2005;main;Serge Demeyer;University of Antwerp;Belgium;;
2005;main;Stephan Diehl;Catholic University Eichstatt;Germany;;
2005;main;Chris Exton;University of Limerick;Ireland;;
2005;main;Keith Gallagher;Loyola College in Maryland;USA;;
2005;main;Gerald C. Gannod;Arizona State University;USA;;
2005;main;Michael W. Godfrey;University of Waterloo;Canada;;
2005;main;Mark Harman;King’s College London;UK;;
2005;main;Ric Holt;University of Waterloo;Canada;;
2005;main;Rainer Koschke;University of Bremen;Germany;;
2005;main;Michele Lanza;University of Lugano;Switzerland;;
2005;main;Panagiotis K. Linos;Butler University;USA;;
2005;main;Andrian Marcus;Wayne State University;USA;;
2005;main;Leon Moonen;Delft University;Netherlands;;
2005;main;Hausi Muller;University of Victoria;Canada;;
2005;main;Malcolm Munro;University of Durham;UK;;
2005;main;Vaclav Rajlich;Wayne State University;USA;;
2005;main;Motoshi Saeki;Tokyo Institute of Technology;Japan;;
2005;main;Susan Elliott Sim;University of California;Irvine;USA;
2005;main;Eleni Stroulia;University of Alberta;Canada;;
2005;main;Paolo Tonella;ITC-irst;Italy;;
2005;main;Vassilios Tzerpos;York University;Canada;;
2005;main;Arie van Deursen;CWI and Delft University;Netherlands;;
2005;main;Kenny Wong;University of Alberta;Canada;;
2004;main;Giuseppe Visaggio;University of Bari;Italy;;
2004;main;Anneliese Amschler Andrews;Washington State University;USA;;
2004;main;Filippo Lanubile;University of Bari;Italy;;
2004;main;Francoise Balmas;Université Paris 8;France;;
2004;main;Alessandro Bianchi;Università degli Studi di Bari;Italy;;
2004;main;James M. Bieman;Colorado State University;USA;;
2004;main;David Binkley;Loyola College in Maryland;USA;;
2004;main;Jim Buckley;University of Limerick;Ireland;;
2004;main;Elizabeth Burd;University of Durham;UK;;
2004;main;Gerardo Canfora;Università degli Studi del Sannio;Italy;;
2004;main;James R. Cordy;Queen's University;Canada;;
2004;main;Thomas R. Dean;Queen's University;Canada;;
2004;main;Andrea De Lucia;Università degli Studi di Salerno;Italy;;
2004;main;Arie van Deursen;CWI;The Netherlands;;
2004;main;Giuseppe Di Lucca;Università degli Studi del Sannio;Italy;;
2004;main;Massimiliano Di Penta;Università degli Studi del Sannio;Italy;;
2004;main;Chris Exton;University of Limerick;IrelandHarald Gall;Technische Universität Wien;Austria
2004;main;Keith Gallagher;Loyola College in Maryland;USA;;
2004;main;Michael W. Godfrey;University of Waterloo;Canada;;
2004;main;Mark Harman;Brunel University;UK;;
2004;main;Dirk Heuzeroth;University of Karlsruhe;Germany;;
2004;main;Susan Horwitz;University of Wisconsin-Madison;USA;;
2004;main;Kostas Kontogiannis;University of Waterloo;Canada;;
2004;main;Rainer Koschke;University of Stuttgart;Germany;;
2004;main;Panagiotis K. Linos;Butler University;USA;;
2004;main;Welf Löwe;University of Växjö;Sweden;;
2004;main;Jonathan Maletic;Kent State University;USA;;
2004;main;Brian Malloy;Clemson University;USA;;
2004;main;Leon Moonen;CWI;The Netherlands;;
2004;main;Hausi Muller;University of Victoria;Canada;;
2004;main;Malcolm Munro;University of Durham;UK;;
2004;main;Vaclav Rajlich;Wayne State University;USA;;
2004;main;Steven Reiss;Brown University;USA;;
2004;main;Claudio Riva;Nokia;Finland;;
2004;main;Dennis B. Smith;Carnegie Mellon University;USA;;
2004;main;Margaret-Anne Storey;University of Victoria;Canada;;
2004;main;Eleni Stroulia;University of Alberta;Canada;;
2004;main;Scott Tilley;Florida Institute of Technology;USA;;
2004;main;Christos Tjortjis;UMIST;UK;;
2004;main;Paolo Tonella;ITC-irst;Italy;;
2004;main;Vassilios Tzerpos;York University;Canada;;
2004;main;Andrew Walenstein;University of Louisiana at Lafayette;USA;;
2004;main;Kenny Wong;University of Alberta;Canada;;
2003;main;Anneliese Amschler Andrews;Washington State University;USA;;
2003;main;Giuliano Antoniol;Universite degli Studi del Sannio;Italy;;
2003;main;Francoise Balmas;Université Paris 8;France;;
2003;main;David Binkley;Loyola College in Maryland;USA;;
2003;main;Liz Burd;University of Durham;UK;;
2003;main;Gerardo Canfora;Universite degli Studi del Sannio;Italy;;
2003;main;Aniello Cimitile;Universite degli Studi del Sannio;Italy;;
2003;main;Andrea De Lucia;Universite degli Studi del Sannio;Italy;;
2003;main;Giuseppe Di Lucca;University of Naples;Italy;;
2003;main;Chris Exton;University of Limerick;Ireland;;
2003;main;Harald Gall;Technische Universität Wien;Austria;;
2003;main;Keith Gallagher;Loyola College in Maryland;USA;;
2003;main;Michael W. Godfrey;University of Waterloo;Canada;;
2003;main;Mark Harman;Brunel University;UK;;
2003;main;Kostas Kontogiannis;University of Waterloo;Canada;;
2003;main;Arun Lakhotia;University of Louisiana at Lafayette;USA;;
2003;main;Panagiotis K. Linos;Butler University;USA;;
2003;main;Jonathan Maletic;Kent State University;USA;;
2003;main;Ettore Merlo;Ecole Polytechnique de Montreal;Canada;;
2003;main;Leon Moonen;CWI;The Netherlands;;
2003;main;Malcolm Munro;University of Durham;UK;;
2003;main;Marian Petre;The Open University;UK;;
2003;main;Vaclav Rajlich;Wayne State University;USA;;
2003;main;Claudio Riva;Nokia;Finland;;
2003;main;Janice Singer;National Research Council;Canada;;
2003;main;Dennis B. Smith;Carnegie Mellon University;USA;;
2003;main;Harry M. Sneed;Case Consult;Germany;;
2003;main;Margaret-Anne Storey;University of Victoria;Canada;;
2003;main;Eleni Stroulia;University of Alberta;Candada;;
2003;main;Scott Tilley;Florida Institute of Technology;USA;;
2003;main;Giuseppe Visaggio;Universite degli Studi di Bari;Italy;;
2003;main;Susan Wiedenbeck;Drexel University;USA;;
2003;main;Mark Wilson;DoD;USA;;
2003;main;Hongji Yang;DeMontfort University;UK;;
2003;main;Hausi Muller;University of Victoria;Canada;;
2003;main;Kenny Wong;University of Alberta;Canada;;
2003;main;Rainer Koschke;University of Stuttgart;Germany;;
2002;main;Francoise Balmas;University Paris 8;France;;
2002;main;Mark Harman;Brunel University;UK;;
2002;main;Ettore Merlo;Ecole Polytechnique de Montreal;Canada;;
2002;main;Anneliese Amschler Andrews;Computer Science Department;Colorado State University;USA;
2002;main;Giuliano Antoniol;Facoltá di Ingegneria;Università degli Studi del Sannio;Italy;
2002;main;Keith Bennett;Department of Computer Science;University of Durham;UK;
2002;main;David Binkley;Computer Science Department;Loyola College in Maryland;USA;
2002;main;Liz Burd;Department of Computer Science;University of Durham;UK;
2002;main;Gerardo Canfora;Facoltá di Ingegneria;Università degli Studi del Sannio;Italy;
2002;main;Cristina Cifuentes;Sun Microsystems Labs;USA;;
2002;main;Aniello Cimitile;Facoltá di Ingegneria;Università degli Studi del Sannio;Italy;
2002;main;Andrea De Lucia;Facoltá di Ingegneria;Università degli Studi del Sannio;Italy;
2002;main;Giuseppe Di Lucca;Dipartimento di Informatica e Sistemistica;University of Naples;Italy;
2002;main;Chris Fox;Department of Computer Science;University of Essex;UK;
2002;main;Harald Gall;Information Systems Institute;Technische Universität Wien;Austria;
2002;main;Keith Gallagher;Computer Science Department;Loyola College in Maryland;USA;
2002;main;Michael W. Godfrey;Computer Science Department;University of Waterloo;Canada;
2002;main;Rob Hierons;Department of Information Systems and Computing;Brunel University;UK;
2002;main;Rainer Koschke;University of Stuttgart;Germany;;
2002;main;Arun Lakhotia;Center for Advanced Computer Studies;University of Louisiana at Lafeyette;USA;
2002;main;Panagiotis K. Linos;Department of Computer Science and Software Engineering;Butler University;USA;
2002;main;Hausi Muller;Department of Computer Science;University of Victoria;Canada;
2002;main;Malcolm Munro;Department of Computer Science;University of Durham;UK;
2002;main;Marian Petre;Faculty of Mathematics and Computing;The Open University;UK;
2002;main;Vaclav Rajlich;Department of Computer Science;Wayne State University;USA;
2002;main;Gregg Rothermel;Department of Computer Science;Oregon State University;USA;
2002;main;Kamran Sartipi;Computer Science Department;University of Waterloo;Canada;
2002;main;Janice Singer;Institute for Information Technology National Research Council;Canada;;
2002;main;Dennis B. Smith;Software Engineering Institute;Carnegie Mellon University;USA;
2002;main;Harry M. Sneed;SES Software-Engineering Service;Germany;;
2002;main;Margaret-Anne Storey;Department of Computer Science;University of Victoria;Canada;
2002;main;Scott Tilley;Department of Computer Science and Engineering;University of California;Riverside;USA
2002;main;Giuseppe Visaggio;Dipartimento di Informatica;Università degli Studi di Bari;Italy;
2002;main;Harald Wertz;Université Paris 8;Laboratoire d'Intelligence Artificielle;France;
2002;main;Susan Wiedenbeck;College of Information Science and Technology;Drexel University;USA;
2002;main;Mark Wilson;Department of Defense;USA;;
2002;main;Hongji Yang;Department of Computer Science;DeMontfort University;UK;
2001;main;Ric Holt;University of Waterloo;Canada;;
2001;main;Kostas Kontogiannis;University of Waterloo;Canada;;
2001;main;Andrea De Lucia;University of Sannio;Italy;;
2001;main;Anneliese Amschler Andrews;Colorado State University;USA;;
2001;main;Giuliano Antoniol;University of Sannio;Italy;;
2001;main;Keith Bennett;University of Durham;UK;;
2001;main;Gerardo Canfora;University of Sannio;Italy;;
2001;main;Cristina Cifuentes;The University of Queensland;Australia;;
2001;main;Aniello Cimitile;University of Sannio;Italy;;
2001;main;Ugo De Carlini;University of Naples;Italy;;
2001;main;Giuseppe Di Lucca;University of Naples;Italy;;
2001;main;Harald Gall;Technical University of Vienna;Austria;;
2001;main;Keith Gallagher;Loyola College in Maryland;USA;;
2001;main;Mark Harman;Brunel University;UK;;
2001;main;Rainer Koschke;University of Stuttgart;Germany;;
2001;main;Arun Lakhotia;University of Southwestern Louisiana;USA;;
2001;main;Panagiotis K. Linos;Butler University;USA;;
2001;main;Ettore Merlo;Ecole Polytechnique;Canada;;
2001;main;Hausi Muller;University of Victoria;Canada;;
2001;main;Malcolm Munro;University of Durham;UK;;
2001;main;John Mylopoulos;University of Toronto;Canada;;
2001;main;Marian Petre;The Open University;UK;;
2001;main;Vaclav Rajlich;Wayne State University;USA;;
2001;main;Spencer Rugaber;Georgia Institute of Technology;USA;;
2001;main;Janice Singer;National Research Council;Canada;;
2001;main;Dennis B. Smith;Software Engineering Institute;Carnegie Mellon University;USA;
2001;main;Harry M. Sneed;Case Consult GmbH;Germany;;
2001;main;Margaret-Anne Storey;University of Victoria;Canada;;
2001;main;Scott Tilley;University of California;Riverside;USA;
2001;main;Giuseppe Visaggio;University of Bari;Italy;;
2001;main;Susan Wiedenbeck;Dalhousie University;Canada;;
2001;main;Hongji Yang;De Montford University;UK;;
2000;main;Margaret-Anne Storey;University of Victoria;Canada;;
2000;main;Harald Gall;Technical University of Vienna;Austria;;
2000;main;Anneliese von Mayrhauser;Colorado State University;USA;;
2000;main;Keith Bennett;University of Durham;UK;;
2000;main;Aniello Cimitile;University of Sannio;Italy;;
2000;main;Rene Kloesch;Techn Univ of Vienna;Austria;;
2000;main;Ettore Merlo;Ecole Polytechnique;Canada;;
2000;main;Alex Quilici;University of Hawaii at Manoa;USA;;
2000;main;Spencer Rugaber;Georgia Institute of Technology;USA;;
2000;main;Dennis B. Smith;Software Engineering Institute;Carnegie Mellon University;USA;
2000;main;Lawrence G. Votta;Brincos;Inc.;USA;
2000;main;Gerardo Canfora;University of Sannio;Italy;;
2000;main;Andrea De Lucia;University of Sannio;Italy;;
2000;main;Kostas Kontogiannis;University of Waterloo;Canada;;
2000;main;Hausi Muller;University of Victoria;Canada;;
2000;main;Marian Petre;The Open University;UK;;
2000;main;Jean Scholtz;NIST;USA;;
2000;main;Scott Tilley;University of California,;Riverside;USA;
2000;main;Susan Wiedenbeck;Dalhousie University;Canada;;
2000;main;Cristina Cifuentes;The University of Queensland;Australia;;
2000;main;Prem Devanbu;University of California;Davis;USA;
2000;main;Panagiotis K. Linos;Tennessee Technological University;USA;;
2000;main;Malcolm Munro;University of Durham;UK;;
2000;main;Vaclav Rajlich;Wayne State University;USA;;
2000;main;Janice Singer;National Research Council;Canada;;
2000;main;Giuseppe Visaggio;University of Bari;Italy;;
2000;main;Hongji Yang;De Montford University;UK;;
1999;main;Dennis B. Smith;Carnegie Mellon University;USA;;
1999;main;Steven Woods;Carnegie Mellon University;USA;;
1999;main;Giuliano Antoniol;IRST;Italy;;
1999;main;Paul Bailes;University of Queensland;Australia;;
1999;main;Keith Bennett;University of Durham;UK;;
1999;main;Cornelia Boldyreff;University of Durham;UK;;
1999;main;Gerardo Canfora;University of Sannio;Italy;;
1999;main;Robin Chen;AT&T Research;USA;;
1999;main;Cristina Cifuentes;University of Queensland;Australia;;
1999;main;Aniello Cimitile;University of Sannio;Italy;;
1999;main;Jean-Marc DeBaud;Bell Laboratories;USA;;
1999;main;Ugo De Carlini;University of Naples;Italy;;
1999;main;Andrea De Lucia;University of Sannio;Italy;;
1999;main;Arie van Deursen;CWI;The Netherlands;;
1999;main;Prem Devanbu;University of California;Davis;USA;
1999;main;Stephen G. Eick;Bell Laboratories/Lucent Technologies;USA;;
1999;main;Harald Gall;Vienna University of Technology;Austria;;
1999;main;Keith Gallagher;Loyola College in Maryland;USA;;
1999;main;Kostas Kontogiannis;University of Waterloo;Canada;;
1999;main;Bogdan Korel;Illinois Institute of Technology;USA;;
1999;main;Panagiotis K. Linos;Tennessee Technological University;USA;;
1999;main;Anneliese von Mayrhauser;Colorado State University;USA;;
1999;main;Ettore Merlo;Ecole Polytechnique;Canada;;
1999;main;Hausi Muller;University of Victoria;Canada;;
1999;main;Liam O'Brien;RHO Transformations;Australia;;
1999;main;Alex Quilici;University of Hawaii;USA;;
1999;main;Vaclav Rajlich;Wayne State University;USA;;
1999;main;Spencer Rugaber;Georgia Institute of Technology;USA;;
1999;main;Alex Sellink;University of Amsterdam;The Netherlands;;
1999;main;Harry M. Sneed;Software Engineering Services GmbH;Germany;;
1999;main;Scott Tilley;University of California;Riverside;USA;
1999;main;Marie Vans;Hewlett-Packard;USA;;
1999;main;Chris Verhoef;University of Amsterdam;The Netherlands;;
1999;main;Giuseppe Visaggio;University of Bari;Italy;;
1999;main;Linda Wills;Georgia Institute of Technology;USA;;
1999;main;Hongji Yang;De Montford University;UK;;
1998;main;Ugo De Carlini;"University of Naples ""Federico II""";Italy;;
1998;main;Panagiotis K. Linos;Tennessee Technological University;USA;;
1998;main;Scott Tilley;Carnegie Mellon University;USA;;
1998;main;Giuseppe Visaggio;University of Bari;USA;;
1998;main;Giuliano Antoniol;IRST;Italy;;
1998;main;Keith Bennett;University of Durham;UK;;
1998;main;Cornelia Boldyreff;University of Durham;UK;;
1998;main;Gerardo Canfora;University of Sannio;Italy;;
1998;main;Robin Chen;AT&T Research;USA;;
1998;main;Cristina Cifuentes;University of Queensland;Australia;;
1998;main;Aniello Cimitile;University of Sannio;Italy;;
1998;main;Jean-Marc DeBaud;Fraunhofer Institute for Experimental Software Engineering;Germany;;
1998;main;Andrea De Lucia;University of Sannio;Italy;;
1998;main;Prem Devanbu;University of California;Davis;USA;
1998;main;Stephen G. Eick;Bell Laboratories/Lucent Technologies;USA;;
1998;main;Harald Gall;Vienna University of Technology;Austria;;
1998;main;Kostas Kontogiannis;University of Waterloo;Canada;;
1998;main;Bogdan Korel;Illinois Institute of Technology;USA;;
1998;main;Arun Lakhotia;University of Southwestern Louisiana;USA;;
1998;main;Paul Layzell;UMIST;UK;;
1998;main;Ettore Merlo;Ecole Polytechnique;Canada;;
1998;main;Hausi Muller;University of Victoria;Canada;;
1998;main;Malcolm Munro;University of Durham;UK;;
1998;main;Alex Quilici;University of Hawaii;USA;;
1998;main;Vaclav Rajlich;Wayne State University;USA;;
1998;main;Spencer Rugaber;Georgia Institute of Technology;USA;;
1998;main;Dennis B. Smith;Software Engineering Institute;USA;;
1998;main;Harry M. Sneed;Software Engineering Services GmbH;Germany;;
1998;main;Marie Vans;Hewlett-Packard;USA;;
1998;main;Anneliese von Mayrhauser;Colorado State University;USA;;
1998;main;Linda Wills;Georgia Institute of Technology;USA;;
1998;main;Steven Woods;Software Engineering Institute;USA;;
1998;main;Hongji Yang;De Montford University;UK;;
1997;main;Anneliese von Mayrhauser;Colorado State University;USA;;
1997;main;Gerardo Canfora;University of Salerno;Italy;;
1997;main;Arun Lakhotia;University of Southwestern Louisiana;USA;;
1997;main;Paul Bailes;University of Queensland;Australia;;
1997;main;Paolo Benedusi;CRIAI;Italy;;
1997;main;Keith Bennett;University of Durham;UK;;
1997;main;Anthony Cahill;University of Limerick;Ireland;;
1997;main;Doris Carver;Louisiana State University;USA;;
1997;main;Aniello Cimitile;University of Benevento;Italy;;
1997;main;Robin Chen;AT&T Research;USA;;
1997;main;Ugo De Carlini;University of Naples;Italy;;
1997;main;Prem Devanbu;AT&T Research;USA;;
1997;main;Stephen G. Eick;AT&T Research;USA;;
1997;main;Philippe Facon;IEE-CNAM;France;;
1997;main;Harald Gall;Vienna University of Technology;Austria;;
1997;main;Ric Holt;University of Toronto;Canada;;
1997;main;Daniel Jackson;Carnegie Mellon University;USA;;
1997;main;Robin Jeffries;SunSoft;Inc.;USA;
1997;main;Rene Kloesch;Vienna University of Technology;Austria;;
1997;main;Panagiotis K. Linos;Tennessee Technological University;USA;;
1997;main;Ettore Merlo;Ecole Polytechnique;Canada;;
1997;main;Hausi Muller;University of Victoria;Canada;;
1997;main;Malcolm Munro;University of Durham;UK;;
1997;main;Jim Q. Ning;Andersen Consulting;USA;;
1997;main;Alex Quilici;University of Hawaii;USA;;
1997;main;Vaclav Rajlich;Wayne State University;USA;;
1997;main;Spencer Rugaber;Georgia Institute of Technology;USA;;
1997;main;Dennis B. Smith;Software Engineering Institute;USA;;
1997;main;Harry M. Sneed;SES;Germany;;
1997;main;Jorma Taramaa;VTT Electronics;Finland;;
1997;main;Scott Tilley;Software Engineering Institute;USA;;
1997;main;Maria Tortorella;University of Naples;Italy;;
1997;main;Marie Vans;Hewlett-Packard Co.;USA;;
1997;main;Giuseppe Visaggio;University of bari;Italy;;
1997;main;Norman Wilde;University of Western Florida;USA;;
1997;main;Linda Wills;Georgia Institute of Technology;USA;;
1997;main;Hongji Yang;De Montfort University;UK;;
