2015;main;Rainer Koschke;University of Bremen;Germany
2015;main;Jens Krinke;University College London;UK
2015;main;Martin Robillard;McGill University;Canada
2015;main;Bram Adams;École Polytechnique de Montréal;Canada
2015;main;Sven Apel;University of Passau;Germany
2015;main;Alberto Bacchelli;Delft University of Technology;The Netherlands
2015;main;Gabriele Bavota;University of Sannio;Italy
2015;main;Andrew Begel;Microsoft Research;USA
2015;main;Arpad Beszedes;University of Szeged;Hungary
2015;main;Dirk Beyer;University of Passau;Germany
2015;main;Dave Binkley;Loyola University Maryland;USA
2015;main;James Clause;University of Delaware;USA
2015;main;James R. Cordy;Queen's University;Canada
2015;main;Krzysztof Czarnecki;University of Waterloo;Canada
2015;main;Serge Demeyer;Universiteit Antwerpen;Belgium
2015;main;Massimiliano Di Penta;University of Sannio;Italy
2015;main;Stephan Diehl;University Trier;Germany
2015;main;Alexander Egyed;Johannes Kepler University;Austria
2015;main;Vladimir Filkov;University of California Davis;USA
2015;main;Thomas Fritz;University of Zurich;Switzerland
2015;main;Alessandro Garcia;Pontifícia Universidade Católica do Rio de Janeiro;Brazil
2015;main;Michael Godfrey;University of Waterloo;Canada
2015;main;William Halfond;University of Southern California;USA
2015;main;Mark Harman;University College London;UK
2015;main;Katsuro Inoue;Osaka University;Japan
2015;main;Lingxiao Jiang;Singapore Management University;Singapore
2015;main;Jens Knodel;Fraunhofer IESE;Germany
2015;main;Michele Lanza;University of Lugano;Switzerland
2015;main;Claire Le Goues;Carnegie Mellon University;USA
2015;main;David Lo;Singapore Management University;Singapore
2015;main;Andrian Marcus;University of Texas at Dallas;USA
2015;main;Cristina Marinescu;Politehnica University of Timisoara;Romania
2015;main;Collin McMillan;University of Notre Dame;USA
2015;main;Audris Mockus;University of Tennessee;USA
2015;main;Martin Monperrus;University of Lille & INRIA;France
2015;main;Gail Murphy;University of British Columbia;Canada
2015;main;Emerson Murphy-Hill;North Carolina State University;USA
2015;main;Meiyappan Nagappan;Queen's University;Canada
2015;main;Oscar Nierstrasz;University of Bern;Switzerland
2015;main;Xin Peng;Fudan University;China
2015;main;Denys Poshyvanyk;College of William and Mary;USA
2015;main;Zhengwei Qi;Shanghai Jiao Tong University;China
2015;main;Jochen Quante;Robert Bosch GmbH;Germany
2015;main;Pedro Rangel Henriques;Universidade do Minho;Portugal
2015;main;Romain Robbes;University of Chile;Chile
2015;main;Giuseppe Scanniello;University of Basilicata;Italy
2015;main;Ina Schaefer;Technische Universität Braunschweig;Germany
2015;main;Alexander Serebrenik;Eindhoven University of Technology;The Netherlands
2015;main;David Shepherd;ABB;Inc;USA
2015;main;Emad Shihab;Concordia University;Canada
2015;main;Saurabh Sinha;IBM Research;India
2015;main;Kathryn Stolee;Iowa State University;USA
2015;main;Lin Tan;University of Waterloo;Canada
2015;main;Ewan Tempero;The University of Auckland;New Tealand
2015;main;Paolo Tonella;Fondazione Bruno Kessler - IRST;Italy
2015;main;Christoph Treude;Universidade Federal do Rio Grande do Norte;Brazil
2015;main;Marco Tulio Valente;UFMG;Brazil
2015;main;Arie van Deursen;Delft University of Technology;The Netherlands
2015;main;Tanja Vos;Universidad Politécnica de Valencia;Spain
2015;main;Michel Wermelinger;The Open University;UK
2015;main;Thomas Zimmermann;Microsoft Research;USA
2013;main;Alexander Serebrenik;Eindhoven University of Technology;The Netherlands
2013;main;Yann-Gaël Guéhéneuc;Ecole Polytechnique de Montréal;Canada
2013;main;Tom Mens;University of Mons;Belgium (Co-chair)
2013;main;Paul Anderson;Grammatech;USA
2013;main;Nicolas Anquetil;INRIA & USTL;France
2013;main;Doo-Hwan Bae;KAIST;Korea
2013;main;Ayse Basar Bener;Ryerson University;Canada
2013;main;Christian Bird;Microsoft Research;USA
2013;main;Goetz Botterweck;Lero / University of Limerick;Ireland
2013;main;Mark van den Brand;Eindhoven University of Technology;The Netherlands
2013;main;Andrea Capiluppi;Brunel University;UK
2013;main;Mariano Ceccato;Fondazione Bruno Kessler;Italy
2013;main;Alexander Chatzigeorgiou;University of Macedonia;Greece
2013;main;Jane Cleland-Huang;DePaul University;USA
2013;main;Anthony Cleve;University of Namur;Belgium
2013;main;Michael Collard;University of Akron;USA
2013;main;James Cordy;Queen's University;Canada
2013;main;Massimiliano Di Penta;University of Sannio;Italy
2013;main;Danny Dig;University of Illinois at Urbana-Champaign;USA
2013;main;Laurence Duchien;INRIA Lille;France
2013;main;Jean-Rémy Falleri;U. Bordeaux 1;France
2013;main;Rudolf Ferenc;University of Szeged;Hungary
2013;main;Malcom Gethers;University of Maryland;USA
2013;main;Yossi Gil;Technion - Israel Institute of Technology;Israel
2013;main;Michael Godfrey;Waterloo;Canada
2013;main;Mark Grechanik;University of Illinois at Chicago;USA
2013;main;Rajiv Gupta;University of California Riverside;USA
2013;main;Mark Harman;University College London;UK
2013;main;Pedro Rangel Henriques;Universidade do Minho;Portugal
2013;main;Felienne Hermans;Technical University of Delft;Netherlands
2013;main;Abram Hindle;University of Alberta;Canada
2013;main;Zhang Hongyu;Tsinghua University;China
2013;main;Daqing Hou;Clarkson University;USA
2013;main;Marianne Huchard;Université Montpellier;France
2013;main;Katsuro Inoue;Osaka University
2013;main;Huzefa Kagdi;Wichita State University;USA
2013;main;Foutse Khomh;Queen's University,;Canada
2013;main;Jens Knodel;Fraunhofer Institute for Experimental Software Engineering;Germany
2013;main;Dawn Lawrie;Loyola University Maryland;USA
2013;main;Leen Lambers;Hasso-Plattner-Institut;Universität Potsdam;Germany
2013;main;Byungjeong Lee;University of Seoul;Korea
2013;main;Zheng Li;Bejing University of Chemical Technology;China
2013;main;David Lo;Singapore Management University;Singapore
2013;main;Jonathan I. Maletic;Kent State University;USA
2013;main;Andrian Marcus;Wayne State University;USA
2013;main;Cristina Marinescu;Politehnica University of Timisoara;Romania
2013;main;Hong Mei;Peking University;China
2013;main;Leon Moonen;Simula Research Laboratory;Norway
2013;main;Tien Nguyen;Iowa State University;USA
2013;main;Oscar Nierstrasz;University of Bern;Switzerland
2013;main;Rocco Oliveto;University of Molise;Italy
2013;main;Ekaterina Pek;University of Koblenz;Germany
2013;main;Martin Pinzger;Technical University of Delft / Klagenfurt University;Netherlands / Austria
2013;main;Lori Pollock;University of Delaware;USA
2013;main;Steven Reiss;Brown University;USA
2013;main;Brian Robinson;ABB Corporate Research;USA
2013;main;Gregorio Robles;Universidad Rey Juan Carlos;Spain
2013;main;Chanchal Roy;University of Saskatchewan;Canada
2013;main;Giuseppe Scanniello;University of Basilicata;Italy
2013;main;Carolyn Seaman;University of Maryland;USA
2013;main;Janet Siegmund;Otto-von-Guericke-Universität Magdeburg;Germany
2013;main;Kobayashi Takashi;Tokyo Institute of Technology;Japan
2013;main;Ewan Tempero;The University of Auckland;New Zealand
2013;main;Suresh Thummalapenta;IBM Research;India
2013;main;Marco Tulio Valente;Universidade Federal de Minas Gerais;Brazil
2013;main;Ragnhild Van Der Straeten;VUB;Belgium
2013;main;Antonio Vallecillo;University of Malaga;Spain
2013;main;Michel Wermelinger;The Open University;UK
2013;main;Lu Zhang;Peking University;China
2013;main;Lingming Zhang;University of Texas at Austin;USA
2013;main;Thomas Zimmermann;Microsoft Research;USA
2012;main;Paolo Tonella;FBK;Trento;Italy
2012;main;Massimiliano Di Penta;University of Sannio;Italy;
2012;main;Jonathan Maletic;Kent State University;USA;
2012;main;Giuliano Antoniol;École Polytechnique de Montréal;Canada;
2012;main;Ira Baxter;Semantic Designs Inc.;USA;
2012;main;Dirk Beyer;University of Passau;Germany;
2012;main;David Binkley;Loyola College;USA;
2012;main;Christian Bird;Microsoft Research;USA;
2012;main;Gerardo Canfora;University of Sannio;Italy;
2012;main;Mariano Ceccato;Fondazione Bruno Kessler;Italy;
2012;main;Jane Cleland-Huang;DePaul University;USA;
2012;main;Anthony Cleve;University of Namur;Belgium;
2012;main;Michael Collard;University of Akron;USA;
2012;main;James Cordy;Queen's University;Canada;
2012;main;Marco D’Ambros;University of Lugano;Switzerland;
2012;main;Thomas Dean;Queen's University;Canada;
2012;main;Prem Devanbu;University of California at Davis;USA;
2012;main;Danny Dig;University of Illinois at Urbana-Champaign;USA;
2012;main;Harald Gall;University of Zurich;Switzerland;
2012;main;Daniel M. German;University of Victoria;Canada;
2012;main;Tudor Girba;University of Berne;Switzerland;
2012;main;Mark Grechanik;Accenture Labs;USA;
2012;main;Yann-Gaël Guéhéneuc;École Polytechnique de Montréal;Canada;
2012;main;Tibor Gyimothy;University of Szeged;Hungary;
2012;main;Mark Harman;University College London;UK;
2012;main;Ahmed E. Hassan;Queen's University;Canada;
2012;main;Abram Hindle;University of Alberta;Canada;
2012;main;Daqing Hou;Clarkson University;USA;
2012;main;Mehdi Jazayeri;University of Lugano;Switzerland;
2012;main;Huzefa Kagdi;Wichita State University;USA;
2012;main;Andy Kellens;Vrije Universiteit Brussel;Belgium;
2012;main;Foutse Khomh;Queen's University;Canada;
2012;main;Holger Kienle;University of Victoria;Canada;
2012;main;Sunghun Kim;Hong Kong University of Science and Technology;China;
2012;main;Raghavan Komondoor;Indian Institute of Science;India;
2012;main;Rainer Koschke;University of Bremen;Germany;
2012;main;Jens Krinke;University College London;UK;
2012;main;Filippo Lanubile;University of Bari;Italy;
2012;main;Dawn Lawrie;Loyola College;USA;
2012;main;Zheng Li;Bejing University of Chemical Technology;China;
2012;main;Cristina Lopes;University of California at Irvine;USA;
2012;main;Andrian Marcus;Wayne State University;USA;
2012;main;Radu Marinescu;Politehnica University of Timișoara;Romania;
2012;main;Tom Mens;University of Mons;Belgium;
2012;main;Leon Moonen;Simula Research Laboratory;Norway;
2012;main;Tien N. Nguyen;Iowa State University;USA;
2012;main;Oscar Nierstrasz;University of Berne;Switzerland;
2012;main;Rocco Oliveto;University of Molise;Italy;
2012;main;Martin Pinzger;Technical University of Delft;The Netherlands;
2012;main;Lori Pollock;University of Delaware;USA;
2012;main;Denys Poshyvanyk;College of William and Mary;USA;
2012;main;Jochen Quante;Robert Bosch GmbH;Germany;
2012;main;Steven Reiss;Brown University;USA;
2012;main;Romain Robbes;University of Chile;Chile;
2012;main;Martin Robillard;McGill University;Canada;
2012;main;Brian Robinson;ABB Corporate Research;USA;
2012;main;Chanchal Roy;University of Saskatchewan;Canada;
2012;main;Giuseppe Scanniello;University of Basilicata;Italy;
2012;main;Carolyn Seaman;University of Maryland;USA;
2012;main;Bonita Sharif;Ohio University;USA;
2012;main;Eleni Stroulia;University of Alberta;Canada;
2012;main;Andrew Sutton;Kent State University;USA;
2012;main;Jurgen Vinju;CWI;The Netherlands;
2012;main;Joost Visser;Software Improvement Group, Amsterdam;The Netherlands;
2012;main;Claudia Werner;Federal University of Rio de Janeiro;Brazil;
2012;main;Tao Xie;North Carolina State University;USA;
2012;main;Zhenchang Xing;National University of Singapore;Singapore;
2012;main;Andy Zaidman;Technical University of Delft;The Netherlands;
2012;main;Lu Zhang;Peking University;China;
2012;main;Thomas Zimmermann;Microsoft Research;USA;
2012;industry;Sushil Bajracharya;Black Duck Software;USA;
2012;industry;Gerardo Canfora;University of Sannio;Italy;
2012;industry;Yingnong Dang;Microsoft Research;China;
2012;industry;Mark Grechanik;Accenture Labs;USA;
2012;industry;Volker Gruhn;Universitat Duisburg-Essen;Germany;
2012;industry;Ahmed E. Hassan;Queen's University;Canada;
2012;industry;Maja d'Hondt;Software Consultant and Vrije Universiteit Brussel;Belgium;
2012;industry;Ralf Lämmel;University of Koblenz-Landau;Germany;
2012;industry;Radu Marinescu;Politehnica University of Timișoara;Romania;
2012;industry;Ipek Ozkaya;Software Engineering Institute (SEI);USA;
2012;industry;Jochen Quante;Robert Bosch GmbH;Germany;
2012;industry;Romain Robbes;University of Chile;Chile;
2012;industry;Brian Robinson;ABB Research;USA;
2012;industry;Christa Schwanninger;Siemens;Germany;
2012;industry;Suresh Thummalapenta;IBM Research;India;
2012;industry;Joost Visser;Software Improvement Group, Amsterdam;The Netherlands;
2012;industry;Carl Worms;Credit Suisse;Switzerland;
2012;industry;Thomas Zimmermann;Microsoft Research;USA;
2012;industry;Tibor Gyimothy;University of Szeged;Hungary;
2012;ERA;Bram Adams;École Polytechnique de Montréal;Canada;
2012;ERA;Árpád Beszédes;University of Szeged;Hungary;
2012;ERA;Christoph Csallner;University of Texas at Arlington;USA;
2012;ERA;Rudolf Ferenc;University of Szeged;Hungary;
2012;ERA;Chen Fu;USA;;
2012;ERA;Yann-Gaël Guéhéneuc;École Polytechnique de Montréal;Canada;
2012;ERA;Nils Göde;Germany;;
2012;ERA;Christian Hammer;Saarland University;Germany;
2012;ERA;Sègla Kpodjedo;École Polytechnique de Montréal;Canada;
2012;ERA;Nicholas A. Kraft;University of Alabama;USA;
2012;ERA;Jens Krinke;University College London;UK;
2012;ERA;David Lo;Singapore Management University;;
2012;ERA;Angela Lozano;Université catholique de Louvain;Belgium;
2012;ERA;Cristina Marinescu;Politehnica University of Timișoara;Romania;
2012;ERA;Maria-Cristina Marinescu;Universidad Carlos III de Madrid;Spain;
2012;ERA;Naouel Moha;Université du Québec à Montréal;;
2012;ERA;Iulian Neamtiu;University of California;Riverside;USA
2012;ERA;Saurabh Sinha;IBM Research - India;Bangalore;India
2012;ERA;Eli Tilevich;Virginia Tech;USA;
2012;ERA;Nikolaos Tsantalis;University of Alberta;Edmonton;Canada
2012;ERA;Neil Walkinshaw;University of Leicester;UK;
2012;ERA;Yann-Gaël Guéhéneuc;École Polytechnique de Montréal;Canada;
2012;ERA;Jens Krinke;University College London;UK;
2012;tools;Alessandro Garcia;PUC-Rio;Brazil;
2012;tools;Amir Aryani;RMIT University;Australia;
2012;tools;Jan Harder;University of Bremen;Germany;
2012;tools;Jens Knodel;Fraunhofer Institute;Germany;
2012;tools;Jürgen Rilling;Concordia University;Canada;
2012;tools;Lile Hattori;University of Lugano;Switzerland;
2012;tools;Malcom Gethers;College of William and Mary;USA;
2012;tools;Marcus Denker;INRIA Lille - Nord Europe;France;
2012;tools;Mircea Lungu;University of Berne;Switzerland;
2012;tools;Sonia Haiduc;Wayne State University;USA;
2012;tools;Xin Peng;Fudan University;China;
2012;tools;Yasutaka Kamei;Kyushu University;Japan;
2012;tools;Mark van den Brand;Eindhoven University of Technology;The Netherlands;
2012;tools;Wenhua Wang;Marin Software;USA;
2012;tools;Chanchal Roy;University of Saskatchewan;Canada;
2012;tools;Bram Adams;Queen's University;Kingston;Canada
2012;ds;Anthony Cleve;University of Namur;Belgium;
2012;ds;Serge Demeyer;University of Antwerp;Belgium;
2012;ds;Thomas Fritz;University of Zurich;Switzerland;
2012;ds;Jonathan Maletic;Kent State University;USA;
2012;ds;Radu Marinescu;Technical University of Timisoara;Romania;
2012;ds;Martin Pinzger;Technical University of Delft;The Netherlands;
2012;ds;Denys Poshyvanyk;College of William and Mary;USA;
2012;ds;Vaclav Rajlich;Wayne State University;USA;
2012;ds;Gregorio Robles;University of Madrid;Spain;
2012;ds;Thomas Zimmermann;Microsoft Research;USA;
2012;ds;Harald Gall;University of Zurich;Switzerland;
2012;ds;Michele Lanza;University of Lugano;Switzerland;
2011;main;Andrian Marcus;Wayne State University;USA;
2011;main;James Cordy;Queen’s University, Kingston;Canada;
2011;main;Paolo Tonella;Fondazione Bruno Kessler;Italy;
2011;main;Nicolas Anquetil;École des Mines de Nantes;France;
2011;main;Giuliano Antoniol;École Polytechnique de Montréal;Canada;
2011;main;Francoise Balmas;Université Paris 8;France;
2011;main;Árpád Beszédes;University of Szeged;Hungary;
2011;main;Dirk Beyer;University of Passau;Germany;
2011;main;David Binkley;Loyola College;USA;
2011;main;Sue Black;University College London;UK;
2011;main;Shawn A. Bohner;Rose-Hulman Institute of Technology;USA;
2011;main;Jim Buckley;University of Limerick;Ireland;
2011;main;Mariano Ceccato;Fondazione Bruno Kessler;Italy;
2011;main;Michael Collard;University of Akron;USA;
2011;main;Andrea De Lucia;University of Salerno;Italy;
2011;main;Thomas Dean;Queen's University;Canada;
2011;main;Serge Demeyer;University of Antwerp;Belgium;
2011;main;Massimiliano Di Penta;University of Sannio;Italy;
2011;main;Stephane Ducasse;INRIA Lille;France;
2011;main;Rudolf Ferenc;University of Szeged;Hungary;
2011;main;Harald Gall;University of Zurich;Switzerland;
2011;main;Daniel M. German;University of Victoria;Canada;
2011;main;Tudor Girba;University of Berne;Switzerland;
2011;main;Michael Godfrey;University of Waterloo;Canada;
2011;main;Mark Grechanik;Accenture Labs;USA;
2011;main;Yann-Gaël Guéhéneuc;École Polytechnique de Montréal;Canada;
2011;main;Tibor Gyimothy;University of Szeged;Hungary;
2011;main;Mark Harman;University College London;UK;
2011;main;Ahmed E. Hassan;Queen's University;Canada;
2011;main;Abram Hindle;University of Waterloo;Canada;
2011;main;Mehdi Jazayeri;University of Lugano;Switzerland;
2011;main;Huzefa Kagdi;Missouri University of Science and Technology;USA;
2011;main;Andy Kellens;Vrije Universiteit Brussel;Belgium;
2011;main;Holger Kienle;University of Victoria;Canada;
2011;main;Miryung Kim;University of Texas at Austin;USA;
2011;main;Raghavan Komondoor;Indian Institute of Science;India;
2011;main;Bogdan Korel;Illinois Institute of Technology;USA;
2011;main;Rainer Koschke;University of Bremen;Germany;
2011;main;Jens Krinke;University College London;UK;
2011;main;Filippo Lanubile;University of Bari;Italy;
2011;main;Michele Lanza;University of Lugano;Switzerland;
2011;main;Zheng Li;University College London;UK;
2011;main;Panos Linos;Butler University;USA;
2011;main;Jonathan Maletic;Kent State University;USA;
2011;main;Spiros Mancoridis;Drexel University;USA;
2011;main;Radu Marinescu;Politehnica University of Timișoara;Romania;
2011;main;Tom Mens;University of Mons-Hainaut;Belgium;
2011;main;Ettore Merlo;École Polytechnique de Montréal;Canada;
2011;main;Ana Milanova;Rensselaer Polytechnic Institute;USA;
2011;main;Leon Moonen;Simula Research Laboratory;Norway;
2011;main;Gail Murphy;University of British Columbia;Canada;
2011;main;Oscar Nierstrasz;University of Berne;Switzerland;
2011;main;Rocco Oliveto;University of Molise;Italy;
2011;main;Denys Poshyvanyk;College of William and Mary;USA;
2011;main;Vaclav Rajlich;Wayne State University;USA;
2011;main;Filippo Ricca;University of Genova;Italy;
2011;main;Jürgen Rilling;Concordia University;Canada;
2011;main;Gregorio Robles;Universidad Rey Juan Carlos;Spain;
2011;main;Gregg Rothermel;University of Nebraska;USA;
2011;main;Chanchal Roy;University of Saskatchewan;Canada;
2011;main;Kamran Sartipi;McMaster University;Canada;
2011;main;Giuseppe Scanniello;Università della Basilicata;Italy;
2011;main;Margaret-Anne Storey;University of Victoria;Canada;
2011;main;Eleni Stroulia;University of Alberta;Canada;
2011;main;Tarja Systä;Tampere University of Technology;Finland;
2011;main;Tetsuo Tamai;University of Tokyo;Japan;
2011;main;Vassilios Tzerpos;York University;Canada;
2011;main;Arie van Deursen;Delft University of Technology;The Netherlands;
2011;main;Joost Visser;Software Improvement Group, Amsterdam;The Netherlands;
2011;main;Claudia Werner;Federal University of Rio de Janeiro;Brazil;
2011;main;Norman Wilde;University of West Florida;USA;
2011;main;Kenny Wong;University of Alberta;Canada;
2011;main;Carl Worms;Credit Suisse;Switzerland;
2011;main;Tao Xie;North Carolina State University;USA;
2011;main;Yunwen Ye;Software Research Associates Inc.;Japan;
2011;main;Andreas Zeller;Saarland University;Germany;
2011;main;Lu Zhang;Peking University;China;
2011;main;Thomas Zimmermann;Microsoft Corporation;USA;
2011;main;Ying Zou;Queen's University;Canada;
2011;main;Eli Tilevich;Virginia Polytechnic Institute;USA;
2011;industry;Mark Grechanik;Accenture Technology and University of Illinois at Chicago, Chicago;USA;
2011;industry;Joost Visser;Software Improvement Group, Amsterdam;The Netherlands;
2011;industry;Robert Baggen;TÜV Informations Technik;Germany;
2011;industry;Magiel Bruntink;Software Improvement Group, Amsterdam;The Netherlands;
2011;industry;Christoph Csallner;University of Texas at Arlington;USA;
2011;industry;Chen Fu;Accenture Technology Labs;;
2011;industry;James A. Jones;University of California at Irvine;USA;
2011;industry;Carola Lilienthal;C1 WPS;Germany;
2011;industry;Atif Memon;University of Maryland;USA;
2011;industry;Henry Muccini;University of L’Aquila;Italy;
2011;industry;Ipek Ozkaya;Software Engineering Institute (SEI);USA;
2011;industry;Martin Pinzger;Technical University of Delft;The Netherlands;
2011;industry;Denys Poshyvanyk;College of William and Mary;USA;
2011;industry;Brian Robinson;ABB Research;USA;
2011;industry;Christa Schwanninger;Siemens;;
2011;industry;Carl Worms;Credit Suisse;Switzerland;
2011;industry;Yunwen Ye;Software Research Associates Inc.;Japan;
2011;industry;Eli Tilevich;Virginia Tech;USA;
2011;industry;Jonathan Maletic;Kent State University;USA;
2011;industry;Eleni Stroulia;University of Alberta;Canada;
2011;industry;Mike Smit;University of Alberta;Canada;
2011;industry;James Terwilliger;Microsoft;USA;
2011;ERA;Massimiliano Di Penta;University of Sannio, Benevento;Italy;
2011;ERA;Miryung Kim;University of Texas at Austin;USA;
2011;ERA;Adrian Kuhn;University of Berne;Switzerland;
2011;ERA;Anthony Cleve;University of Namur;Belgium;
2011;ERA;Bram Adams;SAIL;Queen’s University;Canada
2011;ERA;Chen Fu;Accenture Technology Labs;USA;
2011;ERA;Christian Bird;Microsoft Research;USA;
2011;ERA;Christoph Csallner;University of Texas;Arlington;USA
2011;ERA;David Lo;Univ. Singapore;Singapore;
2011;ERA;Gerardo Canfora;University of Sannio;Italy;
2011;ERA;Huzefa Kagdi;Missouri University of Science and Technology;USA;
2011;ERA;Iulian Neamtiu;University of California;Riverside;USA
2011;ERA;Marco D’Ambros;University of Lugano;Switzerland;
2011;ERA;Martin Pinzger;TU Delft;The Netherlands;
2011;ERA;Naouel Moha;Université du Québec à Montréal;Canada;
2011;ERA;Nicholas A. Kraft;University of Alabama;USA;
2011;ERA;Rahul Premraj;Free University Amsterdam;The Netherlands;
2011;ERA;Reid Holmes;University of Waterloo;Canada;
2011;ERA;Romain Robbes;University of Chile;Chile;
2011;ERA;Saurabh Sinha;IBM Research - India;India;
2011;ERA;Yuanfang Cai;Drexel University;USA;
2011;ERA;Zhenchang Xing;National University of Singapore;Singapore;
2011;ds;Serge Demeyer;Universiteit Antwerpen, Antwerp;Belgium;
2011;ds;Michael Godfrey;University of Waterloo;Canada;
2011;tools;Rocco Oliveto;University of Molise, Pesche (IS);Italy;
2011;tools;Denys Poshyvanyk;College of William and Mary;USA;
2011;tools;Mario Luca Bernardi;University of Sannio;Benevento;Italy
2011;tools;Anthony Cleve;University of Namur & Université Libre de Bruxelles;Belgium;
2011;tools;Christoph Csallner;University of Texas;Arlington;USA
2011;tools;Marco D’Ambros;University of Lugano;Switzerland;
2011;tools;Fausto Fasano;University of Molise;Italy;
2011;tools;Foutse Khomh;Queen's University;Canada;
2011;tools;Mircea Lungu;University of Berne;Switzerland;
2011;tools;Collin McMillan;College of William and Mary;USA;
2011;tools;Romain Robbes;University of Chile;Chile;
2011;tutorials;Lori Pollock;University of Delaware, Newark;USA;
2011;tutorials;Hausi Muller;University of Victoria;Canada;
2010;main;Radu Marinescu;Politehnica University of Timișoara;Romania;
2010;main;Michele Lanza;University of Lugano;Switzerland;
2010;main;Andrian Marcus;Wayne State University;USA;
2010;main;Nicolas Anquetil;Catholic University of Brasilia;Brazil;
2010;main;Giuliano Antoniol;École Polytechnique de Montréal;Canada;
2010;main;Ira Baxter;Semantic Designs Inc.;USA;
2010;main;Árpád Beszédes;University of Szeged;Hungary;
2010;main;Lionel Briand;Simula Research Laboratory;Norway;
2010;main;Jim Buckley;University of Limerick;Ireland;
2010;main;Yuanfang Cai;Drexel University;USA;
2010;main;Gerardo Canfora;University of Sannio;Italy;
2010;main;Michael Collard;Kent State University;USA;
2010;main;James Cordy;Queen's University;Canada;
2010;main;Andrea De Lucia;University of Salerno;Italy;
2010;main;Thomas Dean;Queen's University;Canada;
2010;main;Serge Demeyer;University of Antwerp;Belgium;
2010;main;Massimiliano Di Penta;University of Sannio;Italy;
2010;main;Stephane Ducasse;INRIA Lille;France;
2010;main;Schahram Dustdar;Vienna University of Technology;Austria;
2010;main;Rudolf Ferenc;University of Szeged;Hungary;
2010;main;Harald Gall;University of Zurich;Switzerland;
2010;main;Keith Brian Gallagher;Florida Tech;USA;
2010;main;Carlo Ghezzi;Milano;Italy;
2010;main;Michael Godfrey;University of Waterloo;Canada;
2010;main;Mark Grechanik;Accenture Technology Labs;USA;
2010;main;Tibor Gyimothy;University of Szeged;Hungary;
2010;main;Mark Harman;King's College London;UK;
2010;main;Daqing Hou;Clarkson University;USA;
2010;main;Katsuro Inoue;Osaka University;Japan;
2010;main;Mehdi Jazayeri;University of Lugano;Switzerland;
2010;main;Huzefa Kagdi;Missouri University of Science and Technology;USA;
2010;main;Holger Kienle;University of Victoria;Canada;
2010;main;Sunghun Kim;Hong Kong University of Science and Technology;Singapore;
2010;main;Bogdan Korel;Illinois Institute of Technology;USA;
2010;main;Jens Krinke;King's College London;UK;
2010;main;Yvan Labiche;Carleton University;Canada;
2010;main;Paul Layzell;University of Sussex;UK;
2010;main;Jonathan Maletic;Kent State University;USA;
2010;main;Spiros Mancoridis;Drexel University;USA;
2010;main;Nabor Mendonça;University of Fortaleza;Brazil;
2010;main;Ettore Merlo;Polytechnique Montréal;Canada;
2010;main;Ana Milanova;Rensselaer Polytechnic Institute;USA;
2010;main;Hausi Muller;University of Victoria;Canada;
2010;main;Tien N. Nguyen;Iowa State University;USA;
2010;main;Oscar Nierstrasz;University of Berne;Switzerland;
2010;main;Rocco Oliveto;University of Salerno;Italy;
2010;main;Martin Pinzger;Delft University of Technology;The Netherlands;
2010;main;Lori Pollock;University of Delaware;USA;
2010;main;Denys Poshyvanyk;College of William and Mary;USA;
2010;main;Vaclav Rajlich;Wayne State University;USA;
2010;main;Steven Reiss;Brown University;USA;
2010;main;Filippo Ricca;University of Genova;Italy;
2010;main;Jürgen Rilling;Concordia University;Canada;
2010;main;Claudio Riva;Nokia Research Center;Finland;
2010;main;Brian Robinson;ABB;USA;
2010;main;Gregorio Robles;Universidad Rey Juan Carlos;Spain;
2010;main;Chanchal Roy;University of Saskatchewan;Canada;
2010;main;Houari Sahraoui;University of Montreal;Canada;
2010;main;Tetsuo Tamai;University of Tokyo;Japan;
2010;main;Eli Tilevich;Virginia Tech;USA;
2010;main;Paolo Tonella;FBK-IRST;Italy;
2010;main;Mariella Tortorella;University of Sannio;Italy;
2010;main;Vassilios Tzerpos;York University;Canada;
2010;main;Robert J. Walker;University of Calgary;Canada;
2010;main;Claudia Werner;Federal University of Rio de Janeiro;Brazil;
2010;main;Norman Wilde;University of West Florida;USA;
2010;main;Andreas Winter;Carl von Ossietzky University Oldenburg;Germany;
2010;main;Tao Xie;North Carolina State University;USA;
2010;main;Qing Xie;Accenture Technology Labs;USA;
2010;main;Zhenchang Xing;National University of Singapore;Singapore;
2010;main;Yunwen Ye;Software Research Associates Inc.;Inc.;Japan
2010;main;Andy Zaidman;Delft University of Technology;The Netherlands;
2010;main;Thomas Zimmermann;Microsoft Research;USA;
2010;main;Carl Worms;Credit Suisse;Switzerland;
2010;ds;Hausi Muller;University of Victoria;Canada;
2010;ds;Oscar Nierstrasz;University of Berne;Switzerland;
2010;industry;Árpád Beszédes;University of Szeged;Hungary;
2010;industry;Arie van Deursen;Delft University of Technology;The Netherlands;
2010;industry;Tibor Gyimothy;University of Szeged;Hungary;
2010;industry;Ira Baxter;Semantic Designs Inc.;USA;
2010;industry;Dirk Beyer;University of Passau;Germany;
2010;industry;Alexander Egyed;Johannes Kepler University;Austria;
2010;industry;Hans-Gerhard Gross;Delft University of Technology;The Netherlands;
2010;industry;Maja d'Hondt;IMEC;Belgium;
2010;industry;Mira Kajko-Mattson;Stockholm University;Sweden;
2010;industry;Teemu Kanstren;VTT Technical Research Centre;Finland;
2010;industry;Spiros Mancoridis;Drexel University;USA;
2010;industry;Harry Sneed;ANECON GmbH;Austria;
2010;industry;Ladan Tahvildari;University of Waterloo;Canada;
2010;industry;Thomas Zimmermann;Microsoft Research;USA;
2010;tutorials;Michael Godfrey;University of Waterloo;Canada;
2010;tools;Tudor Girba;;Switzerland;
2010;tools;Yann-Gaël Guéhéneuc;École Polytechnique de Montréal;Canada;
2010;tools;Romain Robbes;University of Chile;;
2010;tools;Alexandre Bergel;University of Chile;;
2010;tools;Mircea Lungu;University of Berne;;
2010;tools;Andy Kellens;Vrije Universiteit Brussel;;
2010;tools;Foutse Khomh;University of Montreal;;
2010;tools;Giuliano Antoniol;École Polytechnique de Montréal;;
2010;tools;Orla Greevy;Sw-eng. GmbH;Berne;
2010;tools;Denys Poshyvanyk;College of William and Mary;USA;
2010;tools;Simon Denier;INRIA Lille;France;
2010;tools;Naouel Moha;University of Rennes;France;
2010;tools;Rudolf Ferenc;University of Szeged Hungary;;
2010;ERA;Rudolf Ferenc;University of Szeged;Hungary;
2010;ERA;Denys Poshyvanyk;College of William and Mary;USA;
2010;ERA;Atif Memon;University of Maryland;USA;
2010;ERA;Christoph Csallner;University of Texas at Arlington;USA;
2010;ERA;David Binkley;Loyola College in Maryland;USA;
2010;ERA;Huzefa Kagdi;Missouri University of Science and Technology;USA;
2010;ERA;Iulian Neamtiu;University of California;Riverside;USA 
2010;ERA;Ying (Jenny) Zou;Queen's University;Canada;
2010;ERA;Ladan Tahvildari;University of Waterloo;Canada;
2010;ERA;Marco D’Ambros;University of Lugano;Switzerland;
2010;ERA;Mark Grechanik;Accenture Technology Labs;USA;
2010;ERA;Martin Pinzger;TU Delft;The Netherlands;
2010;ERA;Massimiliano Di Penta;University of Sannio;Italy;
2010;ERA;Miryung Kim;University of Texas;Austin;USA 
2010;ERA;Rocco Oliveto;University of Salerno;Italy;
2010;ERA;Romain Robbes;University of Chile;Chile;
2010;ERA;Yann-Gaël Guéhéneuc;École Polytechnique de Montréal;Canada;
2010;ERA;Bram Adams;Queen's University;Canada;
2010;ERA;Foutse Khomh;University of Montreal;Canada;
2010;ERA;Adrian Kuhn;University of Berne;Switzerland;
2010;ERA;Malcom Gethers;College of William and Mary;USA;
2010;ERA;László Vidács;University of Szeged;Hungary;
2010;ERA;Nicholas A. Kraft;University of Alabama;USA;
2010;ERA;Chen Fu;Accenture Technology Labs;USA;
2009;main;Eleni Stroulia;University of Alberta;Canada;
2009;main;Kostas Kontogiannis;National Technical University of Athens;Greece;
2009;main;Tao Xie;North Carolina State University;USA;
2009;main;Scott Ankrum;MITRE Corporation;USA;
2009;main;Teresa Baldassarre;University of Bari;Italy;
2009;main;Francoise Balmas;Université Paris 8;France;
2009;main;Ira Baxter;Semantic Designs Inc.;USA;
2009;main;Árpád Beszédes;University of Szeged;Hungary;
2009;main;David Binkley;Loyola College in Maryland;USA;
2009;main;Sue Black;University of Westminster;UK;
2009;main;Shawn A. Bohner;Rose-Hulman Institute of Technology;USA;
2009;main;Chris Brealey;IBM;Canada;
2009;main;Liz Burd;University of Durham;UK;
2009;main;Yuanfang Cai;Drexel University;USA;
2009;main;Gerardo Canfora;University of Sannio;Italy;
2009;main;W.K. Chan;City University of Hong Kong;China;
2009;main;T. Y. Chen;Swinburne University of Technology;Australia;
2009;main;William Cheng-Chung Chu;TungHai University;Taiwan;
2009;main;James Cordy;Queen's University;Canada;
2009;main;Serge Demeyer;University of Antwerp;Belgium;
2009;main;Andrea De Lucia;University of Salerno;Italy;
2009;main;Giuseppe Antonio di Lucca;University of Sannio;Italy;
2009;main;Massimiliano Di Penta;University of Sannio;Italy;
2009;main;Rudolf Ferenc;University of Szeged;Hungary;
2009;main;Keith Brian Gallagher;Durham University;UK;
2009;main;Daniel M. German;University of Victoria;Canada;
2009;main;Tudor Girba;University of Berne;Switzerland;
2009;main;Nicolas Gold;King's College London;UK;
2009;main;Yann-Gaël Guéhéneuc;University of Montreal;Canada;
2009;main;Ahmed E. Hassan;Queen's University;Canada;
2009;main;Daqing Hou;Clarkson University;USA;
2009;main;Zhenjiang Hu;National Institute of Informatics;Japan;
2009;main;Katsuro Inoue;Osaka University;Japan;
2009;main;Rudolf K. Keller;PMOD Technologies Ltd;Switzerland;
2009;main;Miryung Kim;University of Texas at Austin;USA;
2009;main;Sunghun Kim;Hong Kong University of Science and Technology;China;
2009;main;Bogdan Korel;Illinois Institute of Technology;USA;
2009;main;Rainer Koschke;University of Bremen;Germany;
2009;main;Ralf Lämmel;University of Koblenz-Landau;Germany;
2009;main;Michele Lanza;University of Lugano;Switzerland;
2009;main;Paul Layzell;University of Sussex;UK;
2009;main;Mingshu Li;Institute of Software, Chinese Academy of Sciences;China;
2009;main;Panos Linos;Butler University;USA;
2009;main;Jonathan Maletic;Kent State University;USA;
2009;main;Spiros Mancoridis;Drexel University;USA;
2009;main;Andrian Marcus;Wayne State University;USA;
2009;main;Radu Marinescu;Politehnica University of Timișoara;Romania;
2009;main;Atif Memon;University of Maryland;College Park;USA
2009;main;Tom Mens;University of Mons-Hainaut;Belgium;
2009;main;Ettore Merlo;École Polytechnique de Montréal;Canada;
2009;main;Leon Moonen;Simula Research Laboratory;Norway;
2009;main;Maurizio Morisio;Politecnico di Torino;Italy;
2009;main;Hausi Muller;University of Victoria;Canada;
2009;main;Martin Pinzger;Delft University of Technology;The Netherlands;
2009;main;Lori Pollock;University of Delaware;USA;
2009;main;Denys Poshyvanyk;College of William and Mary;USA;
2009;main;Vaclav Rajlich;Wayne State University;USA;
2009;main;Steven Reiss;Brown University;USA;
2009;main;Filippo Ricca;CINI unity at DISI;Italy;
2009;main;Claudio Riva;NOKIA;Finland;
2009;main;Brian Robinson;ABB Corporate Research;USA;
2009;main;Kamran Sartipi;McMaster University;Canada;
2009;main;Carolyn Seaman;UMBC and Fraunhofer Center Maryland;USA;
2009;main;Eli Tilevich;Virginia Tech;USA;
2009;main;Scott Tilley;Florida Institute of Technology;USA;
2009;main;Vassilios Tzerpos;York University;Canada;
2009;main;Marco Tulio Valente;PUC Minas;Brazil;
2009;main;Yannis Vassiliou;National Technical University of Athens;Greece;
2009;main;Robert J. Walker;University of Calgary;Canada;
2009;main;Norman Wilde;University of West Florida;USA;
2009;main;Andreas Winter;University of Koblenz-Landau;Germany;
2009;main;Kenny Wong;University of Alberta;Canada;
2009;main;Qing Xie;Accenture Technology Labs;USA;
2009;main;Zhenchang Xing;University of Alberta;Canada;
2009;main;Yunwen Ye;Software Research Associates Inc.;Inc.;Japan
2009;main;Annie Ying;IBM Research;USA;
2009;main;Yijun Yu;The Open University;UK;
2009;main;Andy Zaidman;Delft University of Technology;The Netherlands;
2009;main;Lu Zhang;Peking University;China;
2009;main;Xiangyu Zhang;Purdue University;USA;
2009;main;Ying (Jenny) Zou;Queen's University;Canada;
2009;industry;Hausi Muller;University of Victoria;Canada;
2009;industry;Carl Worms;Credit Suisse;Switzerland;
2009;ds;Arie van Deursen;Delft University;The Netherlands;
2009;ds;Ahmed E. Hassan;Queen's University;Canada;
2009;tools;Mark Grechanik;Accenture Technology Labs;USA;
2009;tools;James A. Jones;University of California at Irvine;USA;
2009;tools;Elisabetta Di Nitto;Politecnico di Milano;Italy;
2009;tools;Xiaoxia Ren;Morningstar, Inc.;USA;
2009;tools;Vineet Sinha;Architexa;USA;
2009;tools;Marc Fisher II;Virginia Tech;USA;
2009;tools;George Fairbanks;Rhino Research and CMU;USA;
2009;tools;Jianwei Niu;University of Texas San Antonio;USA;
2009;tools;Christoph Csallner;University of Texas at Arlington;USA;
2009;tools;Chen Fu;Accenture Technology Labs;USA;
2009;tools;Denys Poshyvanyk;College of William and Mary;USA;
2009;tools;Ugo Buy;University of Illinois at Chicago;USA;
2008;main;Fuqing Yang;Peking University;China;
2008;main;Scott Tilley;Florida Institute of Technology;USA;
2008;main;Hong Mei;Peking University;China;
2008;main;Kenny Wong;University of Alberta;Canada;
2008;main;Nicolas Anquetil;École des Mines de Nantes;France;
2008;main;Giuliano Antoniol;École Polytechnique de Montréal;Canada;
2008;main;Teresa Baldassarre;University of Bari;Italy;
2008;main;Francoise Balmas;Université Paris 8;France;
2008;main;Ira Baxter;Semantic Designs Inc.;USA;
2008;main;Dirk Beyer;Simon Fraser University;Canada;
2008;main;David Binkley;Loyola College in Maryland;USA;
2008;main;Marcela Fabiana Genero Bocco;University of Castilla la Manca;Spain;
2008;main;Jim Buckley;University of Limerick;Ireland;
2008;main;Yuanfang Cai;Drexel University;USA;
2008;main;Danilo Caivano;University of Bari;Italy;
2008;main;Gerardo Canfora;University of Sannio;Italy;
2008;main;Ned Chapin;InfoSci Inc.;USA;
2008;main;William Cheng-Chung Chu;TungHai University;Taiwan;
2008;main;Tony Cox;Dalhousie University;Canada;
2008;main;Thomas Dean;Queen's University;Canada;
2008;main;Giuseppe Antonio di Lucca;University of Sannio;Italy;
2008;main;Massimiliano Di Penta;University of Sannio;Italy;
2008;main;Damiano Distante;University of Sannio;Italy;
2008;main;Stephane Ducasse;INRIA Lille - Nord Europe;France;
2008;main;Juan Fernandez-Ramil;The Open University UK and University of Mons-Hainaut Belgium;;
2008;main;Harald Gall;University of Zurich;Switzerland;
2008;main;Keith Brian Gallagher;Durham University;UK;
2008;main;Daniel M. German;University of Victoria;Canada;
2008;main;Tudor Girba;University of Berne;Switzerland;
2008;main;Michael Godfrey;University of Waterloo;Canada;
2008;main;Yann-Gaël Guéhéneuc;University of Montreal;Canada;
2008;main;Tibor Gyimothy;University of Szeged;Hungary;
2008;main;Abdelwahab Hamou-Lhadj;Concordia University;Canada;
2008;main;Mark Harman;King's College London;UK;
2008;main;Ahmed E. Hassan;Queen's University;Canada;
2008;main;Daqing Hou;Clarkson University;USA;
2008;main;Katsuro Inoue;Osaka University;Japan;
2008;main;Stan Jarzabek;National University of Singapore;Singapore;
2008;main;Mira Kajko-Mattson;Stockholm University and Royal Institute of Technology;Sweden;
2008;main;Holger Kienle;University of Victoria;Canada;
2008;main;Sunghun Kim;Massachusetts Institute of Technology;USA;
2008;main;Paul Klint;Centrum voor Wiskunde en Informatica and University of Amsterdam;The Netherlands;
2008;main;Rainer Koschke;University of Bremen;Germany;
2008;main;Rene Krikhaar;Free University Amsterdam;The Netherlands;
2008;main;Jens Krinke;FernUniversität in Hagen;Germany;
2008;main;Yvan Labiche;Carleton University;Canada;
2008;main;Ralf Lämmel;University of Koblenz-Landau;Germany;
2008;main;Michele Lanza;University of Lugano;Switzerland;
2008;main;Mingshu Li;Chinese Academy of Sciences;China;
2008;main;Jian Lu;Nanjing University;China;
2008;main;Atif Memon;University of Maryland;USA;
2008;main;Nabor Mendonça;University of Fortaleza;Brazil;
2008;main;Maurizio Morisio;Politecnico di Torino;Italy;
2008;main;Hausi Muller;University of Victoria;Canada;
2008;main;Tien N. Nguyen;Iowa State University;USA;
2008;main;Liam O'Brien;NICTA;Australia;
2008;main;Martin Pinzger;University of Zurich;Switzerland;
2008;main;Lori Pollock;University of Delaware;USA;
2008;main;Jürgen Rilling;Concordia University;Canada;
2008;main;Kamran Sartipi;McMaster University;Canada;
2008;main;Jelber Sayyad Shirabad;University of Ottawa;Canada;
2008;main;Carolyn Seaman;University of Maryland Baltimore County and Fraunhofer Center Maryland;USA;
2008;main;Dennis Smith;Carnegie Mellon University Software Engineering Institute;USA;
2008;main;Harry Sneed;ANECON GmbH;Austria;
2008;main;Eleni Stroulia;University of Alberta;Canada;
2008;main;Tarja Systä;Tampere University of Technology;Finland;
2008;main;Ladan Tahvildari;University of Waterloo;Canada;
2008;main;Paolo Tonella;FBK-IRST;Italy;
2008;main;Mariella Tortorella;University of Sannio;Italy;
2008;main;Arie van Deursen;Delft University of Technology;The Netherlands;
2008;main;Giuseppe Visaggio;University of Bari;Italy;
2008;main;Robert J. Walker;University of Calgary;Canada;
2008;main;Feng-Jian Wang;National Chiao-Tung University;Taiwan;
2008;main;Andreas Winter;Johannes Gutenberg University of Mainz;Germany;
2008;main;Qing Xie;Accenture Technology Labs;USA;
2008;main;Tao Xie;North Carolina State University;USA;
2008;main;Zhenchang Xing;University of Alberta;Canada;
2008;main;Baowen Xu;Southeast University;China;
2008;main;Hongji Yang;De Montfort University;UK;
2008;main;Andy Zaidman;Delft University of Technology;The Netherlands;
2008;main;Jianjun Zhao;Shanghai Jiao Tong University;China;
2008;main;Ying (Jenny) Zou;Queen's University;Canada;
2008;ds;Gerardo Canfora;University of Sannio;Italy;
2008;ds;Kostas Kontogiannis;National Technical University of Athens;Greece;
2008;industry;Jochen Hartmann;BMW;Germany;
2008;industry;Vipul Shah;Tata Consultancy Services;India;
2008;education;Liz Burd;Durham University;UK;
2008;education;Mehmet Orgun;Macquarie University;Australia;
2008;tools;Rudolf Ferenc;University of Szeged;Hungary;
2008;tools;Holger Kienle;University of Victoria;Canada;
2008;frontiers;Hausi Muller;University of Victoria;Canada;
2008;farEast;Hongji Yang;De Montfort University;UK;
2008;farEast;Ying Zou;Queen's University;Canada;
2007;main;Francoise Balmas;Université Paris 8;France;
2007;main;Ladan Tahvildari;University of Waterloo;Canada;
2007;main;Gerardo Canfora;University of Sannio;Italy;
2007;main;Abdelwahab Hamou-Lhadj;Concordia University;Canada;
2007;main;Ahmed E. Hassan;University of Victoria;Canada;
2007;main;Ana Milanova;Rensselaer Polytechnic Institute;USA;
2007;main;Andrea De Lucia;University of Salerno;Italy;
2007;main;Andrian Marcus;Wayne State University;USA;
2007;main;Aniello Cimitile;University of Sannio;Italy;
2007;main;Arie van Deursen;Delft University of Technology and CWI;The Netherlands;
2007;main;Atanas (Nasko) Rountev;Ohio State University;USA;
2007;main;Atif Memon;University of Maryland;USA;
2007;main;Bogdan Korel;Illinois Institute of Technology;USA;
2007;main;Claudia Werner;Federal University of Rio de Janeiro;Brazil;
2007;main;Claudio Riva;Nokia Research Center;Finland;
2007;main;Cornelia Boldyreff;University of Lincoln;UK;
2007;main;Damiano Distante;University of Sannio;Italy;
2007;main;Danilo Caivano;University of Bari;Italy;
2007;main;David Binkley;Loyola College in Maryland;USA;
2007;main;Dennis Smith;Software Engineering Institute (SEI);USA;
2007;main;Dirk Beyer;Simon Fraser University;Canada;
2007;main;Eleni Stroulia;University of Alberta;Canada;
2007;main;Ettore Merlo;École Polytechnique de Montréal;Canada;
2007;main;Giancarlo Succi;Free University of Bozen;Italy;
2007;main;Giuliano Antoniol;École Polytechnique de Montréal;Canada;
2007;main;Giuseppe Antonio di Lucca;University of Sannio;Italy;
2007;main;Giuseppe Visaggio;University of Bari;Italy;
2007;main;Harald Gall;University of Zurich;Switzerland;
2007;main;Harry Sneed;ANECON GmbH, Vienna;Germany;
2007;main;Hongji Yang;De Montfort University;UK;
2007;main;James Cordy;Queen's University;Canada;
2007;main;Jelber Sayyad Shirabad;University of Ottawa;Canada;
2007;main;Jens Krinke;FernUniversität in Hagen;Germany;
2007;main;Jianjun Zhao;Shanghai Jiao Tong University;China;
2007;main;Jin-Cherng Lin;Tatung University;Taiwan;
2007;main;Jonathan Maletic;Kent State University;USA;
2007;main;Juan Fernandez-Ramil;The Open University;UK;
2007;main;Jürgen Rilling;Concordia University;Canada;
2007;main;Kamran Sartipi;McMaster University;Canada;
2007;main;Kenny Wong;University of Alberta;Canada;
2007;main;Leon Moonen;Delft University of Technology;The Netherlands;
2007;main;Liam O'Brien;Lero - the Irish Software Engineering Research Centre;Ireland;
2007;main;Liz Burd;University of Durham;UK;
2007;main;Marcela Fabiana Genero Bocco;University of Castilla la Manca;Spain;
2007;main;Mariella Tortorella;University of Sannio;Italy;
2007;main;Marin Litoiu;IBM Toronto;Canada;
2007;main;Mark Harman;King's College London;UK;
2007;main;Martin Robillard;McGill University;Canada;
2007;main;Maurizio Morisio;Politecnico di Torino;Italy;
2007;main;Michael Godfrey;University of Waterloo;Canada;
2007;main;Mira Kajko-Mattson;Stockholm University;Sweden;
2007;main;Nabor Mendonça;University of Fortaleza;Brazil;
2007;main;Ned Chapin;InfoSci Inc.;USA;
2007;main;Nicholas Zvegintzov;Software Management Network;USA;
2007;main;Nicolas Anquetil;Catholic University of Brasilia;Brazil;
2007;main;Nicolas Gold;King's College London;UK;
2007;main;Norman Schneidewind;Naval Postgraduate School;USA;
2007;main;Norman Wilde;University of West Florida;USA;
2007;main;Panos Linos;Butler University;USA;
2007;main;Pankaj Jalote;Indian Institute of Technology;India;
2007;main;Paolo Tonella;Istituto Trentino di Cultura;Italy;
2007;main;Paul Klint;CWI;The Netherlands;
2007;main;Paul Layzell;University of Sussex;UK;
2007;main;Radu Marinescu;Politehnica University of Timișoara;Romania;
2007;main;Rainer Koschke;University of Bremen;Germany;
2007;main;Ralf Lämmel;Microsoft Corporation;USA;
2007;main;Rene Krikhaar;Vrije Universiteit;The Netherlands;
2007;main;Rudolf Ferenc;University of Szeged;Hungary;
2007;main;Rudolf K. Keller;Zühlke Engineering AG;Switzerland;
2007;main;Scott Ankrum;MITRE Corporation;USA;
2007;main;Scott Tilley;Florida Institute of Technology;USA;
2007;main;Spiros Mancoridis;Drexel University;USA;
2007;main;Stan Jarzabek;National University of Singapore;Singapore;
2007;main;Stephane Ducasse;LISTIC-ESIA;IMUS Université de Savoie;France
2007;main;Steven Reiss;Brown University;USA;
2007;main;Sue Black;University of Westminster;UK;
2007;main;Tao Xie;North Carolina State University;USA;
2007;main;Tarja Systä;Tampere University of Technology;Finland;
2007;main;Thomas Dean;Queen's University;Canada;
2007;main;Tibor Gyimothy;University of Szeged;Hungary;
2007;main;Tien N. Nguyen;Iowa State University;USA;
2007;main;Tom Mens;University of Mons-Hainaut;Belgium;
2007;main;Tom Tourwe;Eindhoven University of Technology;The Netherlands;
2007;main;Tudor Girba;University of Berne;Switzerland;
2007;main;Vaclav Rajlich;Wayne State University;USA;
2007;main;Vassilios Tzerpos;York University;Canada;
2007;main;Yann-Gaël Guéhéneuc;University of Montreal;Canada;
2007;main;Ying (Jenny) Zou;Queen's University;Canada;
2007;main;Yvan Labiche;Carleton University;Canada;
2007;ds;Kostas Kontogiannis;University of Waterloo;Canada;
2007;ds;Harald Wertz;Université Paris 8;France;
2007;industry;Ira Baxter;Semantic Designs Inc.;USA;
2007;industry;Mario Piattini;University of Castilla la Manca;Spain;
2007;tools;Michele Lanza;University of Lugano;Switzerland;
2007;tools;Margaret-Anne Storey;University of Victoria;Canada;
2006;main;Spiros Mancoridis;Drexel University;USA;
2006;main;Rainer Koschke;University of Bremen;Germany;
2006;main;David Binkley;Loyola College in Maryland;USA;
2006;main;Ladan Tahvildari;University of Waterloo;Canada;
2006;main;Ira Baxter;Swedenmantic Designs;USA;
2006;main;Vaclav Rajlich;Wayne State University;USA;
2006;main;Spiros Mancoridis;Drexel University;USA;
2006;main;Hongji Yang;De Montfort University;UK;
2006;main;Ana Milanova;Rensselaer Polytechnic Institute;USA;
2006;main;Ned Chapin;InfoSci Inc.;USA;
2006;main;Stan Jarzabek;National University of Singapore;Singapore;
2006;main;Stephane Ducasse;LISTIC-ESIA;IMUS Université de Savoie;France
2006;main;Harald Gall;University of Zurich;Switzerland;
2006;main;Giuseppe Visaggio;University of Bari;Italy;
2006;main;Claudia Maria Lima Werner;Federal University of Rio de Janeiro;Brazil;
2006;main;Sue Black;London South Bank University;UK;
2006;main;Tibor Gyimothy;University of Szeged;Hungary;
2006;main;Jianjun Zhao;Shanghai Jiao Tong University;China;
2006;main;Andrian Marcus;Wayne State University;;
2006;main;Jürgen Rilling;Concordia University;Canada;
2006;main;Michael Godfrey;University of Waterloo;Canada;
2006;main;Paul Layzell;University of Manchester;UK;
2006;main;Thomas M. Pigoski;TECHSOFT Inc.;USA;
2006;main;Bogdan Korel;Illinois Institute of Technology;USA;
2006;main;Eleni Stroulia;University of Alberta;Canada;
2006;main;Nicholas Zvegintzov;Software Management Network;USA;
2006;main;Mira Kajko-Mattson;Stockholm University;Sweden;
2006;main;Radu Marinescu;Universitatea Politehnica Timisoara;Romania;
2006;main;Vassilios Tzerpos;York University;Canada;
2006;main;Atanas Rountev;Ohio State University;USA;
2006;main;Dennis Smith;Carnegie Mellon University;USA;
2006;main;James Cordy;Queen's University;Canada;
2006;main;Rudolf Ferenc;University of Szeged;Hungary;
2006;main;Rene Krikhaar;Vrije Universiteit;The Netherlands;
2006;main;Pankaj Jalote;Indian Institute of Technology;India;
2006;main;Tom Tourwe;CWI (Centrum voor Wiskunde en Informatica);The Netherlands;
2006;main;Dirk Beyer;Ecole Polytechnique Fédérale de Lausanne;Switzerland;
2006;main;Massimiliano Di Penta;University of Sannio;Italy;
2006;main;Paolo Tonella;Istituto Trentino di Cultura;Italy;
2006;main;Danilo Caivano;University of Bari;Italy;
2006;main;Tracy Hall;University of Hertfordshire;UK;
2006;main;Yvan Labiche;Carleton University;Canada;
2006;main;Ettore Merlo;École Polytechnique de Montréal;Canada;
2006;main;Jonathan Maletic;Kent State University;USA;
2006;main;Kostas Kontogiannis;University of Waterloo;Canada;
2006;main;Liam O'Brien;Carnegie Mellon University;USA;
2006;main;Steven Reiss;Brazilown University;USA;
2006;main;Andrea De Lucia;Università degli Studi di Salerno;Italy;
2006;main;Margaret-Anne Storey;University of Victoria;Canada;
2006;main;Jin-Cherng Lin;Tatung University;TW;
2006;main;Scott Tilley;Florida Institute of Technology;USA;
2006;main;Francoise Balmas;Université Paris;France;
2006;main;Jens Krinke;FernUniversität in Hagen;Germany;
2006;main;Tien N. Nguyen;Iowa State University;USA;
2006;main;Leon Moonen;Delft University of Technology;The Netherlands;
2006;main;Nicolas Gold;King's College London;UK;
2006;main;Tom Mens;University of Mons-Hainaut;Belgium;
2006;main;Tetsuo Tamai;University of Tokyo;Japan;
2006;main;Keith Brian Gallagher;Durham University;UK;
2006;main;Liz Burd;University of Durham;UK;
2006;main;Mark Harman;King's College London;UK;
2006;main;Arie van Deursen;Delft University of Technology;The Netherlands;
2006;main;Claudio Riva;Nokia Research Center;Finland;
2006;main;Rudolf K. Keller;Zühlke Engineering AG;Canada;
2006;main;Harry Sneed;ANECON GmbH, Vienna;Germany;
2006;main;Paul Klint;University of Amsterdam;The Netherlands;
2006;main;Juan Fernandez-Ramil;The Open University;UK;
2006;main;Jean-François Girard;MAN Nutfahrzeug;Germany;
2006;main;Scott Ankrum;MITRE Corporation;USA;
2006;main;Thomas Dean;Queen's University;Canada;
2006;main;Hausi Muller;University of Victoria;Canada;
2006;main;Nicolas Anquetil;Catholic University of Brasilia;Brazil;
2006;main;Aniello Cimitile;University of Sannio;Italy;
2006;main;Shawn A. Bohner;Virginia Tech;USA;
2006;main;Panos Linos;Butler University;USA;
2006;main;Giuliano Antoniol;École Polytechnique de Montréal;Canada;
2006;main;Norman Wilde;University of West Florida;USA;
2006;main;Hong Mei;Peking University;China;
2006;main;Gerardo Canfora;Universita degli Studie del Sannio;Italy;
2006;main;Paulo Masiero;University of São Paulo;Brazil;
2006;main;Nabor Mendonça;University of Fortaleza;Brazil;
2006;ds;Michael Godfrey;University of Waterloo;Canada;
2006;ds;Leon Moonen;Delft University of Technology;The Netherlands;
2006;industry;Sue Black;London South Bank University;UK;
2006;industry;Daniel Waddington;Lockheed Martin Advanced Technology Laboratory;USA;
2005;main;Harry Sneed;ANECON GmbH, Vienna;Austria;
2005;main;Tibor Gyimothy;University of Szeged;Hungary;
2005;main;Vaclav Rajlich;Wayne State University;USA;
2005;main;Philip Andon;Institute of Software Systems Kiev;Ukraine;
2005;main;Anneliese Amschler Andrews;Washington State University;USA;
2005;main;Scott Ankrum;MITRE;USA;
2005;main;Francoise Balmas;Université Paris 8;France;
2005;main;Ira Baxter;Semantic Designs Inc.;USA;
2005;main;Alessandro Bianchi;University of Bari;Italy;
2005;main;David Binkley;Loyola College in Maryland;USA;
2005;main;Sue Black;London South Bank University;UK;
2005;main;Liz Burd;University of Durham;UK;
2005;main;Gerardo Canfora;University of Sannio;Italy;
2005;main;Ned Chapin;InfoSci Inc.;USA;
2005;main;James Cordy;Queen's University;Canada;
2005;main;Arie van Deursen;Delft University of Technology;The Netherlands;
2005;main;Massimiliano Di Penta;University of Sannio;Italy;
2005;main;Stephane Ducasse;University of Berne;Switzerland;
2005;main;Sebastian Elbaum;University of Nebraska-Lincoln;USA;
2005;main;Rudolf Ferenc;University of Szeged;Hungary;
2005;main;Harald Gall;University of Zurich;Austria;
2005;main;Juan Carlos Granja Alvarez;Universidad de Granada;Spain;
2005;main;Mark Harman;King's College London;UK;
2005;main;Stan Jarzabek;National University of Singapore;Singapore;
2005;main;Mira Kajko-Mattson;Stockholm University;Sweden;
2005;main;Damir Kalpic;University of Zagreb;Croatia;
2005;main;Rudolf K. Keller;Zühlke Engineering AG;Switzerland;
2005;main;Bogdan Korel;Illinois Institute of Technology;USA;
2005;main;Rainer Koschke;University of Bremen;Germany;
2005;main;Jaroslav Kral;Charles University;Czech Republic;
2005;main;Rene Krikhaar;Philips Medical Systems;The Netherlands;
2005;main;Yvan Labiche;Carleton University;Canada;
2005;main;Jin-Cherng Lin;Tatung University;Taiwan;
2005;main;Panagiotis K. Linos;Butler University;USA;
2005;main;Andrea De Lucia;University of Salerno;Italy;
2005;main;Jan Madey;Warsaw University;Poland;
2005;main;Jonathan Maletic;Kent State University;USA;
2005;main;Spiros Mancoridis;Drexel University;USA;
2005;main;Andrian Marcus;Wayne State University;USA;
2005;main;Radu Marinescu;Technical University of Timisoara;Romania;
2005;main;Paulo Masiero;University of São Paulo;Brazil;
2005;main;Hong Mei;Peking University;China;
2005;main;Nabor Mendonça;University of Fortaleza;Brazil;
2005;main;Tom Mens;University of Mons-Hainaut;Belgium;
2005;main;Malcolm Munro;University of Durham;UK;
2005;main;Pavol Navrat;Slovak University of Tech. Bratislava;Slovakia;
2005;main;Liam O'Brien;SEI;USA;
2005;main;Steven Reiss;Brown University;USA;
2005;main;Claudio Riva;NOKIA;Finland;
2005;main;Gregg Rothermel;University of Nebraska;USA;
2005;main;Atanas Rountev;Ohio State University;USA;
2005;main;Amie Souter;Drexel University;USA;
2005;main;Margaret-Anne Storey;University of Victoria;Canada;
2005;main;Tarja Systä;Tampere University of Technology;Finland;
2005;main;Ladan Tahvildari;University of Waterloo;Canada;
2005;main;Joachim Wegener;DaimlerCrysler;Germany;
2005;main;Claudia Werner;Federal University of Rio de Janeiro;Brazil;
2005;main;Lee White;Case Western Reserve University;USA;
2005;main;Norman Wilde;University of West Florida;USA;
2005;main;Jianjun Zhao;Fukuoka Institute of Technology;Japan;
2005;industry;Sue Black;London South Bank University;UK;
2005;industry;James Cordy;Queen's University;Canada;
2005;tools;Ira Baxter;Semantic Designs Inc.;USA;
2005;tools;Rudolf Ferenc;University of Szeged;Hungary;
2005;ds;Rainer Koschke;University of Bremen;Germany;
2005;ds;Andrian Marcus;Wayne State University;USA;
2005;tutorials;Harry Sneed;ANECON GmbH, Vienna;Austria;
2004;main;Panos Linos;Butler University;USA;
2004;main;Mark Harman;Brunel University;UK;
2004;main;Bogdan Korel;Illinois Institute of Technology;USA;
2004;main;Francoise Balmas;Université Paris 8;France;
2004;main;Ira Baxter;Semantic Designs Inc.;USA;
2004;main;Keith Bennett;University of Durham;UK;
2004;main;David Binkley;Loyola College in Maryland;USA;
2004;main;Shawn A. Bohner;Virginia Tech;USA;
2004;main;Lionel Briand;Carleton University;Canada;
2004;main;Liz Burd;University of Durham;UK;
2004;main;Gerardo Canfora;University of Sannio;Italy;
2004;main;Ned Chapin;InfoSci Inc.;USA;
2004;main;William Cheng-Chung Chu;TungHai University;Taiwan;
2004;main;Aniello Cimitile;University of Sannio;Italy;
2004;main;Arie van Deursen;Delft University of Technology;The Netherlands;
2004;main;Sebastian Elbaum;University of Nebraska-Lincoln;USA;
2004;main;Keith Brian Gallagher;Loyola College;USA;
2004;main;Jean-François Girard;Fraunhofer IESE;Germany;
2004;main;Nicolas Gold;UMIST;UK;
2004;main;Tibor Gyimothy;University of Szeged;Hungary;
2004;main;Mark Harman;Brunel University;UK;
2004;main;Pankaj Jalote;Microsoft;USA;
2004;main;Stan Jarzabek;National University of Singapore;Singapore;
2004;main;Mariam Kamkar;Linkoping University;Sweden;
2004;main;Paul Klint;CWI;The Netherlands;
2004;main;Kostas Kontogiannis;University of Waterloo;Canada;
2004;main;Bogdan Korel;Illinois Institute of Technology;USA;
2004;main;Rainer Koschke;University of Stuttgart;Germany;
2004;main;Rene Krikhaar;Philips Medical Systems;The Netherlands;
2004;main;Jens Krinke;Universität Passau;Germany;
2004;main;Paul Layzell;UMIST;UK;
2004;main;Panagiotis K. Linos;Butler University;USA;
2004;main;Andrea De Lucia;Università degli Studi di Salerno;Italy;
2004;main;Spiros Mancoridis;Drexel University;USA;
2004;main;Paulo Masiero;University of São Paulo;Brazil;
2004;main;Hong Mei;Peking University;China;
2004;main;Malcolm Munro;University of Durham;UK;
2004;main;Allen P. Nikora;Jet Propulsion Laboratory;USA;
2004;main;Massimiliano Di Penta;University of Sannio;Italy;
2004;main;Thomas M. Pigoski;TECHSOFT Inc.;USA;
2004;main;Vaclav Rajlich;Wayne State University;USA;
2004;main;Juan Ramil;The Open University;UK;
2004;main;Jürgen Rilling;Concordia University;Canada;
2004;main;Norman Schneidewind;Naval Postgraduate School;USA;
2004;main;Martin Sheppard;Bournemouth University;UK;
2004;main;Dennis Smith;Carnegie Mellon University;USA;
2004;main;Harry Sneed;Independent Consultant;Germany;
2004;main;Raj Sood;Dofasco Inc.;Canada;
2004;main;Amie Souter;Drexel University;USA;
2004;main;Tarja Systä;Tampere University of Technology;Finland;
2004;main;Tetsuo Tamai;Graduate School of the University of Tokyo;Japan;
2004;main;Scott Tilley;Florida Institute of Technology;USA;
2004;main;Chris Verhoef;Free University Amsterdam;The Netherlands;
2004;main;Giuseppe Visaggio;University of Bari;Italy;
2004;main;Claudia Werner;Federal University of Rio de Janeiro;Brazil;
2004;main;Lee White;Case Western Reserve University;USA;
2004;main;Norman Wilde;University of West Florida;USA;
2004;main;Hongji Yang;De Montfort University;UK;
2004;main;Jianjun Zhao;Fukuoka Institute of Technology;Japan;
2004;main;Nicholas Zvegintzov;Software Management Network;USA;
2004;industry;James Cordy;Queen's University;Canada;
2004;industry;Vaclav Rajlich;Wayne State University;USA;
2004;industry;Giuliano Antoniol;University of Sannio;Italy;
2004;industry;Andrea De Lucia;Università degli Studi di Salerno;Italy;
2004;ds;Shawn A. Bohner;Virginia Tech;USA;
2004;ds;Spiros Mancoridis;Drexel University;USA;
2004;ds;Cornelia Boldyreff;University of Lincoln;UK;
2004;tutorials;Arie van Deursen;Delft University of Technology;The Netherlands;
2004;tutorials;Scott Tilley;Florida Institute of Technology;USA;
2003;main;Hans van Vliet;Vrije Universiteit Amsterdam;The Netherlands;
2003;main;Shari Lawrence Pfleeger;RAND Corporation;USA;
2003;main;Chris Verhoef;Vrije Universiteit Amsterdam;The Netherlands;
2003;main;Anneliese Amschler Andrews;Washington State University;USA;
2003;main;Scott Ankrum;MITRE;USA;
2003;main;Giuliano Antoniol;University of Sannio;Italy;
2003;main;Ira Baxter;Semantic Designs Inc.;USA;
2003;main;Keith Bennett;University of Durham;UK;
2003;main;Shawn A. Bohner;Virginia Tech;USA;
2003;main;Jan Bosch;University of Groningen;The Netherlands;
2003;main;Mark van den Brand;LORIA;France;
2003;main;Gerardo Canfora;University of Sannio;Italy;
2003;main;William Cheng-Chung Chu;TungHai University;Taiwan;
2003;main;Roberto Ciampoli;EXO Service;Italy;
2003;main;Aniello Cimitile;University of Sannio;Italy;
2003;main;Arie van Deursen;CWI;The Netherlands;
2003;main;Anna Rita Fasolino;University of Naples;Italy;
2003;main;Keith Brian Gallagher;Loyola College;USA;
2003;main;Jean-François Girard;Fraunhofer IESE;Germany;
2003;main;Tibor Gyimothy;University of Szeged;Hungary;
2003;main;Mark Harman;Brunel University;UK;
2003;main;Pankaj Jalote;Indian Institute of Technology;India;
2003;main;Stan Jarzabek;National University of Singapore;Singapore;
2003;main;Paul Klint;CWI;The Netherlands;
2003;main;Kostas Kontogiannis;University of Waterloo;Canada;
2003;main;Rainer Koschke;University of Stuttgart;Germany;
2003;main;Rene Krikhaar;Philips Medical Systems;The Netherlands;
2003;main;Jens Krinke;Universität Passau;Germany;
2003;main;Paul Layzell;UMIST;UK;
2003;main;Panagiotis K. Linos;Butler University;USA;
2003;main;Paulo Masiero;Instituto de Ciências Matemáticas e de Computação;Brazil;
2003;main;Katrina Maxwell;Datamax;USA;
2003;main;Hong Mei;Peking University;China;
2003;main;Hausi Muller;University of Victoria;Canada;
2003;main;Malcolm Munro;University of Durham;UK;
2003;main;Allen P. Nikora;Jet Propulsion Laboratory;USA;
2003;main;Liam O'Brien;SEI;USA;
2003;main;Shari Lawrence Pfleeger;RAND Corporation;USA;
2003;main;Mario Piattini;University of Castilla la Manca;Spain;
2003;main;Thomas M. Pigoski;TECHSOFT Inc.;USA;
2003;main;Vaclav Rajlich;Wayne State University;USA;
2003;main;Gregg Rothermel;Oregon State University;USA;
2003;main;Harry Sneed;Independent Consultant;Germany;
2003;main;Raj Sood;Dofasco Inc., Hamilton, Ontario;Canada;
2003;main;Christoph Stoermer;Bosch;USA;
2003;main;Margaret-Anne Storey;University of Victoria;Canada;
2003;main;Tetsuo Tamai;Graduate School of the University of Tokyo;Japan;
2003;main;Shingo Takada;Nara University;Japan;
2003;main;Andrey A. Terekhov;St. Petersburg State Univ;Russia;
2003;main;Scott Tilley;University of California-Riverside;USA;
2003;main;Chris Verhoef;Free University Amsterdam;The Netherlands;
2003;main;Giuseppe Visaggio;University of Bari;Italy;
2003;main;Claudia Werner;Federal University of Rio de Janeiro;Brazil;
2003;main;Norman Wilde;University of West Florida;USA;
2003;main;George Wilkie;University of Ulster;Northern Ireland;
2003;main;Claes Wohlin;Blekinge Institute of Technology;Sweden;
2003;main;Hongji Yang;De Montfort University;UK;
2003;main;Jianjun Zhao;Fukuoka Institute of Technology;Japan;
2003;main;Nicholas Zvegintzov;Software Management Network;USA;
2003;industry;Frank Niessink;Software Engineering Research Centre;The Netherlands;
2003;tutorials;Arie van Deursen;CWI;The Netherlands;
2003;ds;Rainer Koschke;University of Stuttgart;Germany;
2002;main;Ettore Merlo;École Polytechnique de Montréal;Canada;
2002;main;Giuliano Antoniol;University of Sannio;Italy;
2002;main;Ira Baxter;Semantic Designs Inc.;USA;
2002;main;Alain Abran;École de Technologie Supérieure;Canada;
2002;main;Philip Andon;Institute of Software Systems Kiev;Ukraine;
2002;main;Anneliese Amschler Andrews;Washington State University;WA;USA
2002;main;Francoise Balmas;Université Paris 8;France;
2002;main;Keith Bennett;University of Durham;UK;
2002;main;Alessandro Bianchi;University of Bari;Italy;
2002;main;Shawn A. Bohner;Virginia Tech;USA;
2002;main;Lionel Briand;Carleton University;Canada;
2002;main;Fernando Brito e Abreu;FCT/UNL & INESC;Portugal;
2002;main;Gerardo Canfora;University of Sannio;Italy;
2002;main;Ned Chapin;InfoSci Inc.;USA;
2002;main;William Cheng-Chung Chu;TungHai University;Taiwan;
2002;main;Roberto Ciampoli;EXO Service;Italy;
2002;main;Aniello Cimitile;University of Sannio;Italy;
2002;main;Andrea De Lucia;University of Sannio;Italy;
2002;main;Giuseppe Antonio di Lucca;University of Naples;Italy;
2002;main;Rachida Dssouli;Concordia University;Canada;
2002;main;Khaled El Emam;NRC;Ottawa;Canada
2002;main;Anna Rita Fasolino;University of Naples;Italy;
2002;main;Harald Gall;Technical University of Vienna;Austria;
2002;main;Keith Brian Gallagher;Loyola College;USA;
2002;main;Jean-François Girard;Fraunhofer IESE;Germany;
2002;main;Tibor Gyimothy;University of Szeged;Hungary;
2002;main;Mark Harman;Brunel University;UK;
2002;main;Pankaj Jalote;Indian Institute of Technology;Kanpur;India
2002;main;Stan Jarzabek;National University of Singapore;Singapore;
2002;main;Toshiro Kamiya;PRESTO;Japan;
2002;main;Mariam Kamkar;Linkoping University;Sweden;
2002;main;Taghi M. Khoshgoftaar;Florida Atlantic University;USA;
2002;main;Kostas Kontogiannis;University of Waterloo;Canada;
2002;main;Rainer Koschke;University of Stuttgart;Germany;
2002;main;Jens Krinke;Universität Passau;Germany;
2002;main;Filippo Lanubile;University of Bari;Italy;
2002;main;Paul Layzell;UMIST;UK;
2002;main;M. M. Lehman;Imperial College;UK;
2002;main;Panagiotis K. Linos;Butler University;USA;
2002;main;James McDonald;Monmouth University;USA;
2002;main;Loredana Mancini;Getronics;Italy;
2002;main;Paulo Masiero;Instituto de Ciências Matemáticas e de Computação;Brazil;
2002;main;Hong Mei;Peking University;China;
2002;main;Hausi Muller;University of Victoria;Canada;
2002;main;Malcolm Munro;University of Durham;UK;
2002;main;Paolo Nesi;Università degli Studi di Firenze;Italy;
2002;main;Allen P. Nikora;Jet Propulsion Laboratory;USA;
2002;main;Dewayne E. Perry;U. Texas;USA;
2002;main;Shari Lawrence Pfleeger;Systems/Software;Inc.;USA
2002;main;Mario Piattini;University of Castilla la Manca;Spain;
2002;main;Thomas M. Pigoski;TECHSOFT Inc.;USA;
2002;main;Vaclav Rajlich;Wayne State University;USA;
2002;main;Gregg Rothermel;Oregon State University;USA;
2002;main;Norman Schneidewind;Naval Postgraduate School;USA;
2002;main;Harry Sneed;Independent Consultant;Germany;
2002;main;Raj Sood;Dofasco Inc., Hamilton, Ontario;Canada;
2002;main;Perdita Stevens;University of Edinburgh;UK;
2002;main;Margaret-Anne Storey;University of Victoria;Canada;
2002;main;Tarja Systä;Tampere University of Technology;Finland;
2002;main;Tetsuo Tamai;Graduate School of the University of Tokyo;Japan;
2002;main;Scott Tilley;University of California-Riverside;USA;
2002;main;Arie van Deursen;CWI (Centrum voor Wiskunde en Informatica);The Netherlands;
2002;main;Chris Verhoef;Free University Amsterdam;The Netherlands;
2002;main;Giuseppe Visaggio;University of Bari;Italy;
2002;main;Jeffrey M. Voas;Cigital;USA;
2002;main;Lawrence Votta;Sun Microsystems;USA;
2002;main;Lee White;Case Western Reserve University;USA;
2002;main;Norman Wilde;University of West Florida;USA;
2002;main;George Wilkie;University of Ulster;Northern Ireland;
2002;main;Claes Wohlin;Blekinge Institute of Technology;Sweden;
2002;main;Hongji Yang;De Montfort University;UK;
2002;main;Jianjun Zhao;Fukuoka Institute of Technology;Japan;
2002;main;Nicholas Zvegintzov;Software Management Network;USA;
2002;industry;Shawn A. Bohner;Virginia Tech;USA;
2002;industry;James Cordy;Queen's University Kingston, Ontario;Canada;
2002;tools;Keith Bennett;University of Durham;UK;
2002;tools;Harald Gall;Technical University of Vienna;Austria;
2002;tutorials;Kostas Kontogiannis;University of Waterloo;Canada;
2002;tutorials;Jean-François Girard;Fraunhofer IESE;Germany;
2001;main;Paolo Nesi;Università degli Studi di Firenze;Italy;
2001;main;Gerardo Canfora;University of Sannio;Italy;
2001;main;Anneliese Amschler Andrews;Colorado State University;USA;
2001;main;Anneliese Amschler Andrews;Colorado State University;USA;
2001;main;Giuliano Antoniol;University of Sannio;Italy;
2001;main;Francoise Balmas;Université Paris 8;France;
2001;main;Ira Baxter;Semantic Designs Inc.;USA;
2001;main;Pierfrancesco Bellini;University of Florence;Italy;
2001;main;Keith Bennett;University of Durham;UK;
2001;main;Shawn A. Bohner;Virginia Tech;USA;
2001;main;Pearl Brereton;University of Keele;UK;
2001;main;Lionel Briand;Carleton University;Canada;
2001;main;Fernando Brito e Abreu;FCT/UNL & INESC;;
2001;main;Gerardo Canfora;University of Sannio;Italy;
2001;main;Ned Chapin;InfoSci Inc.;USA;
2001;main;William Cheng-Chung Chu;TungHai University;Taiwan;
2001;main;Roberto Ciampoli;ARINSO Italia;Italy;
2001;main;Cristina Cifuentes;Sun Microsystems;USA;
2001;main;Aniello Cimitile;University of Sannio;Italy;
2001;main;Taz Daughtrey;Software Quality Professional;USA;
2001;main;Andrea De Lucia;University of Sannio;Italy;
2001;main;Khaled El Emam;NRC;Ottawa;Canada
2001;main;Alessandro Fantechi;University of Florence;Italy;
2001;main;Fabrizio Fioravanti;University of Florence;Italy;
2001;main;Harald Gall;Technical University of Vienna;Austria;
2001;main;Keith Brian Gallagher;Loyola College;USA;
2001;main;Jean-François Girard;Fraunhofer IESE;Germany;
2001;main;Mark Harman;Brunel University;UK;
2001;main;Mariam Kamkar;Linkoping University;Sweden;
2001;main;Rick Kazman;CMU/SEI;USA;
2001;main;Taghi M. Khoshgoftaar;Florida Atlantic University;USA;
2001;main;Kostas Kontogiannis;University of Waterloo;Canada;
2001;main;Rainer Koschke;University of Stuttgart;Germany;
2001;main;Arun Lakhotia;University of Louisiana at Lafayette;USA;
2001;main;Filippo Lanubile;University of Bari;Italy;
2001;main;Paul Layzell;UMIST;UK;
2001;main;M. M. Lehman;Imperial College;UK;
2001;main;Panagiotis K. Linos;Butler University;USA;
2001;main;Loredana Mancini;O. Group;;
2001;main;Ettore Merlo;École Polytechnique de Montréal;Canada;
2001;main;Hausi Muller;University of Victoria;Canada;
2001;main;Malcolm Munro;University of Durham;UK;
2001;main;Paolo Nesi;Università degli Studi di Firenze;;
2001;main;Allen P. Nikora;California Institute of Technology;USA;
2001;main;Mario Piattini;University of Castilla la Manca;Spain;
2001;main;Thomas M. Pigoski;TECHSOFT Inc.;USA;
2001;main;Vaclav Rajlich;Wayne State University;USA;
2001;main;Gregg Rothermel;Oregon State University;USA;
2001;main;Spencer Rugaber;Georgia Institute of Technology;USA;
2001;main;Norman Schneidewind;Naval Postgraduate School;USA;
2001;main;Harry Sneed;Independent Consultant;Germany;
2001;main;Raj Sood;Dofasco Inc.;Canada;
2001;main;Marius Bogdan Spinu;University of Florence;Italy;
2001;main;Perdita Stevens;University of Edinburgh;UK;
2001;main;Margaret-Anne Storey;University of Victoria;Canada;
2001;main;Scott Tilley;University of California-Riverside;USA;
2001;main;Chris Verhoef;Free University Amsterdam;The Netherlands;
2001;main;Giuseppe Visaggio;University of Bari;Italy;
2001;main;Jeffrey M. Voas;Cigital;USA;
2001;main;Lawrence G. Votta Jr.;Motorola;Inc.;USA
2001;main;Lee White;Case Western Reserve University;USA;
2001;main;Norman Wilde;University of West Florida;USA;
2001;main;George Wilkie;University of Ulster;Northern Ireland;
2001;main;Claes Wohlin;Lund University;Sweden;
2001;main;Hongji Yang;De Montfort University;UK;
2001;main;Jianjun Zhao;Fukuoka Institute of Technology;Japan;
2001;main;Nicholas Zvegintzov;Software Management Network;USA;
2001;tutorials;Lionel Briand;Carleton University;Canada;
2001;tutorials;Alessandro Fantechi;University of Florence;Italy;
2001;industry;Panagiotis K. Linos;Butler University;USA;
2001;industry;Harry Sneed;Independent Consultant;Germany;
2001;industry;Chris Verhoef;Free University Amsterdam;The Netherlands;
2000;main;Norman Schneidewind;Naval Postgraduate School;USA;
2000;main;Lionel Briand;Carleton University;Canada;
2000;main;Jeffrey M. Voas;Reliable Software Technologies;USA;
2000;main;Giuliano Antoniol;IRST;;
2000;main;Pearl Brereton;Keele University;;
2000;main;Gerardo Canfora;University of Sannio;;
2000;main;Ned Chapin;InfoSci Inc.;;
2000;main;Aniello Cimitile;University of Sannio;;
2000;main;Sasa M. Dekleva;DePaul University;;
2000;main;Khaled El Emam;National Research Council;Canada;
2000;main;Keith Brian Gallagher;Loyola College in Maryland;;
2000;main;Jean-François Girard;Fraunhofer Institute for Experimental Software Engineering (IESE);;
2000;main;David R. Harris;MITRE Corporation;;
2000;main;Rudolf K. Keller;University of Montreal;;
2000;main;Taghi M. Khoshgoftaar;Florida Atlantic University;;
2000;main;Sebastian Kutscha;xenium AG;Sustainable Software Systems;
2000;main;Bruno Lague;Bell Canada;;
2000;main;Filippo Lanubile;University of Bari;;
2000;main;Paul Layzell;UMIST;;
2000;main;Chung-Horng Lung;Nortel Networks;;
2000;main;Anneliese Amschler Andrews;Colorado State University;;
2000;main;Ettore Merlo;Ecole Polytechnique;;
2000;main;Audris Mockus;Lucent Technologies Bell Laboratories;;
2000;main;Sandro Morasca;Politecnico di Milano;Italy;
2000;main;Hausi Muller;University of Victoria;;
2000;main;Malcolm Munro;University of Durham;UK;
2000;main;John C. Munson;University of Idaho;;
2000;main;Paolo Nesi;University of Florence;Italy;
2000;main;Allen P. Nikora;Jet Propulsion Laboratory;;
2000;main;Thomas M. Pigoski;TECHSOFT Inc.;;
2000;main;Vaclav Rajlich;Wayne State University;USA;
2000;main;Linda H. Rosenberg;Software Assurance Technology Center NASA GSFC;;
2000;main;Gregg Rothermel;Oregon State University;USA;
2000;main;Robert W. Schwanke;Siemens Corporate Research Inc.;;
2000;main;Raj Sood;BFCF Dofasco Inc.;;
2000;main;George Stark;IBM;;
2000;main;William M. Thomas;MITRE Corporation;;
2000;main;Giuseppe Visaggio;Department of Informatics;;
2000;main;Lee White;Case Western Reserve University;;
2000;main;George Wilkie;University of Ulster;;
2000;main;Hongji Yang;De Montfort University;;
2000;main;Nicholas Zvegintzov;Software Management Network;;
2000;tutorials;Shawn A. Bohner;META Group, Inc.;USA;
2000;tutorials;Giuliano Antoniol;IRST;Italy;
2000;tools;William H. Farr;Combat Systems Technology Branch ;;
2000;tools;Hongji Yang;De Montfort University;UK;
2000;industry;George Stark;IBM Global Services;USA;
2000;industry;Linda H. Rosenberg;Software Assurance Technology Center NASA GSFC;USA;
1999;main;Keith Bennett;Durham University;UK;
1999;main;Hongji Yang;De Montfort University;UK;
1999;main;Lee White;Case Western Reserve University;USA;
1999;main;Albert Alderson;Staffordshire University;UK;
1999;main;Giuliano Antoniol;IRST;Italy;
1999;main;Ira Baxter;Semantic Designs Inc.;USA;
1999;main;Keith Bennett;University of Durham;UK;
1999;main;Shawn A. Bohner;META Group;USA;
1999;main;Cornelia Boldyreff;University of Durham;UK;
1999;main;Pearl Brereton;University of Keele;UK;
1999;main;Lionel Briand;Fraunhofer IESE;Germany;
1999;main;David Bustard;Ulster University;UK;
1999;main;Gerardo Canfora;University of Sannio;Italy;
1999;main;Ned Chapin;InfoSci Inc.;USA;
1999;main;William C. Chu;FengChia University;Taiwan;
1999;main;Roberto Ciampoli;O. Group;Italy;
1999;main;Aniello Cimitile;University of Sannio;Italy;
1999;main;Sasa M. Dekleva;DePaul University;USA;
1999;main;Andrea De Lucia;University of Sannio;Italy;
1999;main;John Edwards;Loughborough University;UK;
1999;main;Khaled El Emam;Fraunhofer IESE;Germany;
1999;main;William H. Farr;Naval Surface Warfare Center;USA;
1999;main;Keith Brian Gallagher;Loyola College;USA;
1999;main;Jean-François Girard;Fraunhofer IESE;;Germany
1999;main;Mark Harman;Goldsmiths College;UK;
1999;main;Rachel Harrison;University of Southampton;UK;
1999;main;Mary Jean Harrold;Ohio State University;USA;
1999;main;Peter Henderson;Southampton University;UK;
1999;main;Chris Holland;Manchester University Business School;UK;
1999;main;Mariam Kamkar;Linkoping University;Sweden;
1999;main;Peter Kawalek;University of Manchester;UK;
1999;main;Rudolf K. Keller;University of Montreal;Canada;
1999;main;Taghi M. Khoshgoftaar;Florida Atlantic University;USA;
1999;main;Arun Lakhotia;University of Southwestern Louisiana;USA;
1999;main;Filippo Lanubile;University of Bari;Italy;
1999;main;Paul Layzell;UMIST;UK;
1999;main;Paul Luker;De Montfort University;UK;
1999;main;Nazim H. Madhavji;McGill University;Canada;
1999;main;Loredana Mancini;O. Group;Italy;
1999;main;Walcelio Melo;ORACLE and UCB;Brazil;
1999;main;Ettore Merlo;École Polytechnique de Montréal;Canada;
1999;main;Eve Mitleton-Kelly;London School of Economics;UK;
1999;main;Hausi Muller;University of Victoria;Canada;
1999;main;Malcolm Munro;Centre for Software Maintenance;UK;
1999;main;John C. Munson;University of Idaho;USA;
1999;main;Paolo Nesi;Florence University;Italy;
1999;main;Jeff Offutt;George Mason University;USA;
1999;main;Thomas M. Pigoski;Technical Software Services;TECHSOFT;USA
1999;main;Rob Pooley;Heriot-Watt University;UK;
1999;main;Vaclav Rajlich;Wayne State University;USA;
1999;main;Gregg Rothermel;Oregon State University;USA;
1999;main;Spencer Rugaber;Georgia Institute of Technology;USA;
1999;main;Norman Schneidewind;Naval Postgraduate School;USA;
1999;main;Malcolm Slovin;Computer Science Corporation;USA;
1999;main;Harry Sneed;Software-Engineering Service;Germany;
1999;main;Ian Sommerville;Lancaster University;UK;
1999;main;Perdita Stevens;University of Edinburgh;UK;
1999;main;Scott Tilley;University of California;USA;
1999;main;Wei-Tek Tsai;Minnesota University;USA;
1999;main;Giuseppe Visaggio;Università degli Studi di Bari;Italy;
1999;main;Jeffrey M. Voas;Reliable Software Technologies;USA;
1999;main;Anneliese Amschler Andrews;Colorado State University;USA;
1999;main;Lawrence G. Votta Jr.;Lucent Technologies;USA;
1999;main;Lee White;Case Western Reserve University;USA;
1999;main;Norman Wilde;University of West Florida;USA;
1999;main;Hongji Yang;De Montfort University;UK;
1999;main;Steve S. Yau;Arizona State University;USA;
1999;main;Nicholas Zvegintzov;Software Management Network;USA;
1999;experience;Paul Layzell;UMIST;UK;
1999;experience;Norman Schneidewind;Naval Postgraduate School;USA;
1999;experience;Keith Brian Gallagher;Loyola College;USA;
1999;tools;Harry Sneed;SES Software-Engineering Service GmbH;Germany;
1999;tools;Spencer Rugaber;Georgia Institute of Technology;USA;
1999;tutorials;Anneliese Amschler Andrews;Colorado State University;USA;
1999;tutorials;Aniello Cimitile;University of Sannio;Italy;
1998;main;William Agresti;NSF;USA;
1998;main;Giuliano Antoniol;IRST;Italy;
1998;main;Noureddine Belkhatir;LSR IMAG;France;
1998;main;Paolo Benedusi;CRIAI;Italy;
1998;main;Saida Benlarbi;CISTEL;Canada;
1998;main;Keith Bennett;University of Durham;UK;
1998;main;Shawn A. Bohner;META Group;USA;
1998;main;Cornelia Boldyreff;University of Durham;UK;
1998;main;Steven Bradley;University of Durham;UK;
1998;main;Pearl Brereton;University of Keele;UK;
1998;main;Lionel Briand;Fraunhofer IESE;Germany;
1998;main;Gianluigi Caldiera;University of Maryland at College Park;USA;
1998;main;Gerardo Canfora;University of Salerno;Italy;
1998;main;Ned Chapin;InfoSci Inc.;USA;
1998;main;Roberto Ciampoli;Olivetti Information Services;Italy;
1998;main;Aniello Cimitile;University of Naples;Italy;
1998;main;Ugo De Carlini;University of Naples;Italy;
1998;main;Khaled El Emam;Fraunhofer IESE;Germany;
1998;main;William H. Farr;Naval Surface Warfare Center;USA;
1998;main;Robert France;Florida Atlantic University;USA;
1998;main;Keith Brian Gallagher;Loyola College;USA;
1998;main;Nishith Goel;CISTEL;Canada;
1998;main;Mary Jean Harrold;Ohio State University;USA;
1998;main;Mariam Kamkar;Linkoping University;Sweden;
1998;main;Taghi M. Khoshgoftaar;Florida Atlantic University;USA;
1998;main;Bruno Lague;Bell Canada;Canada;
1998;main;Filippo Lanubile;University of Bari;Italy;
1998;main;Paul Layzell;UMIST;UK;
1998;main;Andrea De Lucia;Univ. of Sannio;Italy;
1998;main;Nazim H. Madhavji;McGill University;Canada;
1998;main;Loredana Mancini;O. Group;Italy;
1998;main;Sandro Morasca;Politecnico di Milano;Italy;
1998;main;Walcelio Melo;ORACLE;Brazil;
1998;main;Ettore Merlo;École Polytechnique de Montréal;Canada;
1998;main;Hausi Muller;University of Victoria;Canada;
1998;main;Malcolm Munro;Centre for Software Maintenance;UK;
1998;main;John C. Munson;University of Idaho;USA;
1998;main;Domenico de Natale;SOGEI;Rome;Italy
1998;main;Allen P. Nikora;JPL;USA;
1998;main;Paul Oman;University of Idaho;USA;
1998;main;Thomas M. Pigoski;Technical Software Services;USA;
1998;main;Vaclav Rajlich;Wayne State University;USA;
1998;main;Gregg Rothermel;Oregon State University;USA;
1998;main;Spencer Rugaber;Georgia Institute of Technology;USA;
1998;main;Norman Schneidewind;Naval Postgraduate School;USA;
1998;main;Mike Schrank;MITRE Corporation;USA;
1998;main;Malcolm Slovin;META Group;USA;
1998;main;George Stark;MITRE Corporation;USA;
1998;main;Giuseppe Visaggio;Università degli Studi di Bari;Italy;
1998;main;Jeffrey M. Voas;Reliable Software Technologies;USA;
1998;main;Lee White;Case Western Reserve University;USA;
1998;main;Norman Wilde;University of West Florida;USA;
1998;main;Hongji Yang;De Montfort University;UK;
1998;main;Nicholas Zvegintzov;Software Management Network;USA;
1998;main;Shawn A. Bohner;META Group, Inc.;USA;
1998;main;Taghi M. Khoshgoftaar;Florida Atlantic University;USA;
1998;main;Keith Bennett;University of Durham;UK;
1998;industry;Malcolm Slovin;META Group, Inc.;USA;
1998;industry;Jeffrey M. Voas;Reliable Software Technologies;USA;
1998;tutorials;Lionel Briand;Fraunhofer IESE;Germany;
1998;tools;William H. Farr;Naval Surface Warfare Center;USA;
1998;tools;Judith Marx Golub;Software Management Network;USA;
1997;main;Aniello Cimitile;University of Salerno;Italy;
1997;main;Vaclav Rajlich;Wayne State University;USA;
1997;main;Mary Jean Harrold;Ohio State University;USA;
1997;main;Giuseppe Visaggio;University of Bari;Italy;
1997;main;Giuliano Antoniol;IRST;Italy;
1997;main;Noureddine Belkhatir;LSR IMAG;France;
1997;main;Paolo Benedusi;CRIAI;Italy;
1997;main;Keith Bennett;University of Durham;UK;
1997;main;Shawn A. Bohner;Mitretek Systems;USA;
1997;main;Lionel Briand;Fraunhofer IESE;Germany;
1997;main;Gianluigi Caldiera;University of Maryland;College Park;USA
1997;main;Gerardo Canfora;University of Salerno;Italy;
1997;main;Ned Chapin;InfoSci Inc.;USA;
1997;main;Roberto Ciampoli;O. Group;Italy;
1997;main;Aniello Cimitile;University of Salerno;Italy;
1997;main;Ugo De Carlini;University of Naples;Italy;
1997;main;Khaled El Emam;Fraunhofer IESE;Germany;
1997;main;William H. Farr;Naval Surface Warfare Center;USA;
1997;main;Keith Brian Gallagher;Loyola College;USA;
1997;main;Mary Jean Harrold;USA;;
1997;main;Mariam Kamkar;Linkoping University;Sweden;
1997;main;Rudolf K. Keller;University of Montreal;Canada;
1997;main;Taghi M. Khoshgoftaar;Florida Atlantic University;USA;
1997;main;Filippo Lanubile;University of Maryland;College Park;USA
1997;main;Paul Layzell;UMIST;UK;
1997;main;Nazim H. Madhavji;McGill University;Canada;
1997;main;Loredana Mancini;O. Group;Italy;
1997;main;Walcelio Melo;Oracle do Brasil;Brazil;
1997;main;Ettore Merlo;École Polytechnique de Montréal;Canada;
1997;main;Hausi Muller;University of Victoria;Canada;
1997;main;Malcolm Munro;Centre for Software Maintenance;UK;
1997;main;John C. Munson;University of Idaho;USA;
1997;main;Jeff Offutt;George Mason University;USA;
1997;main;Thomas M. Pigoski;Technical Software Services;USA;
1997;main;Vaclav Rajlich;Wayne State University;USA;
1997;main;Gregg Rothermel;Oregon State University;USA;
1997;main;Spencer Rugaber;Georgia Institute of Technology;USA;
1997;main;Scott L. Schneberger;Georgia State University;USA;
1997;main;Norman Schneidewind;Naval Postgraduate School;USA;
1997;main;Mike Schrank;MITRE Corporation;USA;
1997;main;Malcolm Slovin;Computer Science Corporation;USA;
1997;main;Paul Sorenson;University of Alberta;Canada;
1997;main;Giuseppe Visaggio;Università degli Studi di Bari;Italy;
1997;main;Lee White;Case Western Reserve University;USA;
1997;main;Norman Wilde;University of West Florida;USA;
1997;main;Hongji Yang;De Montfort University;UK;
1997;main;Nicholas Zvegintzov;Software Management Network;USA;
1997;industry;Malcolm Munro;University of Durham;UK;
1997;industry;Domenico de Natale;SOGEI;Italy;
1997;tutorials;Lionel Briand;Fraunhofer IESE;Germany;
1997;tutorials;Taghi M. Khoshgoftaar;Florida Atlantic University;USA;
1997;tutorials;Loredana Mancini;O. Group, Rome;Italy;
1997;tools;Fabio Castiglione;Consorzio CORINTO;Italy;
1997;tools;William H. Farr;Naval Surface Warfare Center;USA;
1997;tools;Harry Sneed;SES Software-Engineering Service GmbH;Germany;
1996;main;Norman Schneidewind;Naval Postgraduate School;UK;
1996;main;Shawn A. Bohner;Mitretek Systems;USA;
1996;main;Aniello Cimitile;University of Naples;Italy;
1996;main;Keith Bennett;University of Durham;UK;
1996;main;Noureddine Belkhatir;LSR IMAG;France;
1996;main;Paolo Benedusi;CRIAI;Italy;
1996;main;Shawn A. Bohner;Mitretek Systems;USA;
1996;main;Lionel Briand;Fraunhofer IESE;Germany;
1996;main;Gianluigi Caldiera;University of Maryland at College Park;USA;
1996;main;Gerardo Canfora;University of Salerno;Italy;
1996;main;Ned Chapin;InfoSci Inc.;USA;
1996;main;Elliot Chikofsky;DMR Group;USA;
1996;main;Aniello Cimitile;University of Naples;Italy;
1996;main;James Cross II;Auburn University;USA;
1996;main;William H. Farr;Naval Surface Warfare Center;USA;
1996;main;Keith Brian Gallagher;Loyola College;USA;
1996;main;Giuseppe Visaggio;Università degli Studi di Bari;Italy;
1996;main;Shawna C Gregory;Mitretek Systems;USA;
1996;main;Mary Jean Harrold;Ohio State University;USA;
1996;main;Mariam Kamkar;Linkoping University;Sweden;
1996;main;Pasi Kavaja;University of Oulu;Finland;
1996;main;Rudolf K. Keller;University of Montreal;Canada;
1996;main;Ted Keller;Lockheed-Martin;USA;
1996;main;Taghi M. Khoshgoftaar;Florida Atlantic University;USA;
1996;main;Paul Layzell;UMIST;UK;
1996;main;Nazim H. Madhavji;McGill University;Canada;
1996;main;Loredana Mancini;O. Group;Italy;
1996;main;Walcelio Melo;CRIM;Canada;
1996;main;Ettore Merlo;École Polytechnique de Montréal;Canada;
1996;main;Rajko Milovanovic;British Telecom;UK;
1996;main;Hausi Muller;University of Victoria;Canada;
1996;main;Malcolm Munro;Centre for Software Maintenance;UK;
1996;main;John C. Munson;University of Idaho;USA;
1996;main;Allen P. Nikora;Jet Propulsion Laboratory;USA;
1996;main;Thomas M. Pigoski;Technical Software Services;USA;
1996;main;Stephen R. Rainier;Mitretek Systems;USA;
1996;main;Vaclav Rajlich;Wayne State University;USA;
1996;main;Spencer Rugaber;Georgia Institute of Technology;USA;
1996;main;Scott L. Schneberger;Georgia State University;USA;
1996;main;Norman Schneidewind;Naval Postgraduate School;USA;
1996;main;Mike Schrank;MITRE Corporation;USA;
1996;main;Malcolm Slovin;Computer Science Corporation;USA;
1996;main;Paul Sorenson;University of Alberta;Canada;
1996;main;George Stark;MITRE Corporation;USA;
1996;main;Ugo De Carlini;University of Naples;Italy;
1996;main;Bradford Ulery;Mitretek Systems;USA;
1996;main;Norman Wilde;University of West Florida;USA;
1996;main;Hongji Yang;De Montfort University;UK;
1996;main;Nicholas Zvegintzov;Software Maintenance News;USA;
1996;industry;Ted Keller;Lockheed-Martin Space Information Systems;USA;
1996;industry;Loredana Mancini;O.Group - Olivetti Information Services;Italy;
1996;industry;Keith Bennett;University of Durham;UK;
1996;industry;Rajko Milovanovic;British Telecom;UK;
1996;tools;William H. Farr;Naval Surface Weapons Center;USA;
1996;tools;Nazim H. Madhavji;McGill University;Canada;
1996;tutorials;Taghi M. Khoshgoftaar;Florida Atlantic University;USA;
1996;tutorials;Keith Bennett;University of Durham;UK;
1995;main;Mari Georges;Cap Gemini Innovation, Paris;France;
1995;main;Keith Bennett;University of Durham;UK;
1995;main;Gianluigi Caldiera;University of Maryland at College Park;USA;
1995;main;Tsuneo Ajisaka;University of Kyoto;Japan;
1995;main;Noureddine Belkhatir;LGI;France;
1995;main;Paolo Benedusi;CRIAI;Italy;
1995;main;Keith Bennett;University of Durham;UK;
1995;main;Shawn A. Bohner;MITRE Corporation;USA;
1995;main;Cornelia Boldyreff;University of Durham;UK;
1995;main;Jonathan Bowen;University of Oxford;UK;
1995;main;Pearl Brereton;University of Keele;UK;
1995;main;Lionel Briand;Centre de Recherche Informatique de Montreal;Canada;
1995;main;Tony Cahill;University of Limerick;Ireland;
1995;main;Gianluigi Caldiera;University of Maryland;USA;
1995;main;Gerardo Canfora;University of Salerno;Italy;
1995;main;Ugo De Carlini;University of Naples;Italy;
1995;main;Ned Chapin;California State University;USA;
1995;main;Aniello Cimitile;University of Naples;Italy;
1995;main;David Eichmann;University of Houston at Clear Lake;USA;
1995;main;John Foster;private consultant;;
1995;main;Keith Brian Gallagher;Loyola College in Maryland;USA;
1995;main;Mari Georges;ILOG;France;
1995;main;Mary Jean Harrold;Clemson University;USA;
1995;main;Pasi Kavaja;University of Oulu;Finland;
1995;main;Rudolf K. Keller;University of Montreal;Canada;
1995;main;Taghi M. Khoshgoftaar;Florida Atlantic University;USA;
1995;main;Claude Koemmerer;VERIDATAS;France;
1995;main;John Krogstie;Norwegian Institute of Technology NTH;Norway;
1995;main;Paul Layzell;UMIST;UK;
1995;main;Loredana Mancini;Olivetti Information Services;Italy;
1995;main;Walcelio Melo;University of Maryland;USA;
1995;main;Ettore Merlo;École Polytechnique de Montréal;Canada;
1995;main;Sandro Morasca;Politecnico di Milano;Italy;
1995;main;Hausi Muller;University of Victoria;Canada;
1995;main;Malcolm Munro;University of Durham;UK;
1995;main;John C. Munson;University of Idaho;USA;
1995;main;Domenico de Natale;;;
1995;main;Paul Oman;University of Idaho;USA;
1995;main;Jean-Pierre Queille;Matra Marconi Space;France;
1995;main;Vaclav Rajlich;Wayne State University;USA;
1995;main;Norman Schneidewind;Naval Postgraduate School;USA;
1995;main;Veikko Seppanen;VTT Electronics;Finland;
1995;main;Harry Sneed;SES;Germany;
1995;main;Paul Sorenson;University of Alberta;Canada;
1995;main;Giuseppe Visaggio;University of Bari;Italy;
1995;main;Lee White;Case Western Reserve University;USA;
1995;main;Hongji Yang;De Montfort University;UK;
1995;main;Nicholas Zvegintzov;Software Maintenance News;;
1994;main;Lee White;Case Western Reserve University;USA;
1994;main;Hausi Muller;University of Victoria;Canada;
1994;main;Mari Georges;Cap Gemini Innovation, Paris;France;
1994;main;Robert Arnold;USA;;
1994;main;Keith Bennett;UK;;
1994;main;Shawn A. Bohner;USA;;
1994;main;Gianluigi Caldiera;USA;;
1994;main;Frank Calliss;USA;;
1994;main;Miriam Capretz;Japan;;
1994;main;Dave Card;USA;;
1994;main;Elliot Chikofsky;USA;;
1994;main;Roberto Ciampoli;Italy;;
1994;main;Aniello Cimitile;Italy;;
1994;main;Francois Coallier;Canada;;
1994;main;James Cross II;USA;;
1994;main;Dick Donnelly;USA;;
1994;main;Peter Feiler;USA;;
1994;main;John Foster;UK;;
1994;main;Morven Gentleman;Canada;;
1994;main;Mary Jean Harrold;USA;;
1994;main;Daniel M. German;Canada;;
1994;main;Rudolf K. Keller;Canada;;
1994;main;Marc Kellner;USA;;
1994;main;Taghi M. Khoshgoftaar;USA;;
1994;main;Pasi Kavaja;Finland;;
1994;main;Swee-Cheang Lim;Singapore;;
1994;main;Nazim H. Madhavji;Canada;;
1994;main;Loredana Mancini;Italy;;
1994;main;Ettore Merlo;Canada;;
1994;main;John C. Munson;USA;;
1994;main;John Mylopoulos;Canada;;
1994;main;Jim Ning;USA;;
1994;main;Paul Oman;USA;;
1994;main;Mehmet Orgun;Australia;;
1994;main;Vaclav Rajlich;USA;;
1994;main;Dave Robson;UK;;
1994;main;Norman Schneidewind;USA;;
1994;main;Jacob Slonim;Canada;;
1994;main;Paul Sorenson;Canada;;
1994;main;Wolfgang Strigel;Canada;;
1994;main;Andrew Symonds;USA;;
1994;main;Tetsuo Tamai;Japan;;
1994;main;Lee White;USA;;
1994;main;Horst Zuse;Germany;;
1994;main;Nicholas Zvegintzov;USA;;
1994;tutorials;Shawn A. Bohner;MITRE Corporation;USA;
1994;tools;Daniel M. German;University of Victoria;Canada;
