2013;Daniel Struber,Gabriele Taentzer,Stefan Jurack,Tim Schafer;Towards a Distributed Modeling Process Based on Composite Models;;;;;selected
2013;Rick Salay,Jan Gorzny,Marsha Chechik;Change Propagation due to Uncertainty Change;;;;;selected
2013;Marco Autili,Davide Di Ruscio,Amleto Di Salle,Paola Inverardi,Massimo Tivoli;A Model-Based Synthesis Process for Choreography Realizability Enforcement;;;;;selected
2013;Evelyn Nicole Haslinger,Roberto Erick Lopez-Herrejon,Alexander Egyed;On Extracting Feature Models from Sets of Valid Feature Combinations;;;;;selected
2013;Birgit Hofer,Andre Riboira,Franz Wotawa,Rui Abreu,Elisabeth Getzner;On the Empirical Evaluation of Fault Localization Techniques for Spreadsheets;;;;;selected
2013;Julia Rubin-Mosin,Marsha Chechik;Quality of Merge-Refactorings for Product Lines;;;;;selected
2013;Arbi Bouchoucha,Houari A. Sahraoui,Pierre L'Ecuyer;Towards Understanding the Behavior of Classes Using Probabilistic Models of Program Inputs;;;;;selected
2013;Massimiliano de Leoni,Marlon Dumas,Luciano Garcia-Banuelos;Discovering Branching Conditions from Business Process Execution Logs;;;;;selected
2013;Hao Zhong,Suresh Thummalapenta,Tao Xie;Exposing Behavioral Differences in Cross-Language API Mapping Relations;;;;;selected
2013;Dirk Beyer,Stefan Lowe;Explicit-State Software Model Checking Based on CEGAR and Interpolation;;;;;selected
2013;John Lasseter,John Cipriano;Design Pattern-Based Extension of Class Hierarchies to Support Runtime Invariant Checks;;;;;selected
2013;Lan Lin,Jesse H. Poore,Robert Eschbach,Robert M. Hierons,Christopher Robinson-Mallett;Augmenting Sequence Enumeration with String-Rewriting for Requirements Analysis and Behavioral Specification;;;;;selected
2013;Rouwaida Abdallah,Arnaud Gotlieb,Loic Helouet,Claude Jard;Scenario Realizability with Constraint Optimization;;;;;selected
2013;Omer Tripp,Marco Pistoia,Patrick Cousot,Radhia Cousot,Salvatore Guarnieri;Andromeda: Accurate and Scalable Security Analysis of Web Applications;;;;;selected
2013;Matthias Gudemann,Pascal Poizat,Gwen Salaun,Alexandre Dumont;VerChor: A Framework for Verifying Choreographies;;;;;selected
2013;Martin Nordio,Cristiano Calcagno,Carlo A. Furia;Javanni: A Verifier for JavaScript;;;;;selected
2013;Ahlem Triki,Jacques Combaz,Saddek Bensalem,Joseph Sifakis;Model-Based Implementation of Parallel Real-Time Systems;;;;;selected
2013;Wei Yang,Mukul R. Prasad,Tao Xie;A Grey-Box Approach for Automated GUI-Model Generation of Mobile Applications;;;;;selected
2013;Francesco Bongiovanni,Ludovic Henrio;A Mechanized Model for CAN Protocols;;;;;selected
2013;Julian C. Bradfield,Perdita Stevens;Enforcing QVT-R with mu-Calculus and Games;;;;;selected
2013;Nuno Macedo,Alcino Cunha;Implementing QVT-R Bidirectional Model Transformations Using Alloy;;;;;selected
2013;Mayur Bapodra,Reiko Heckel;Abstraction and Training of Stochastic Graph Transformation Systems;;;;;selected
2013;Anirudh Santhiar,Omesh Pandita,Aditya Kanade;Discovering Math APIs by Mining Unit Tests;;;;;selected
2013;Kazunori Sakamoto,Kaizu Tomohiro,Daigo Hamura,Hironori Washizaki,Yoshiaki Fukazawa;POGen: A Test Code Generator Based on Template Variable Coverage in Gray-Box Integration Testing for Web Applications;;;;;selected
2013;Ana Cavalcanti,Robert M. Hierons;Testing with Inputs and Outputs in CSP;;;;;selected
2012;Wil M. P. van der Aalst;Distributed Process Discovery and Conformance Checking.;1-25;25;Invited Talk;;
2012;Patrizio Pelliccione,Davide Di Ruscio,Alfonso Pierantonio,Henry Muccini,Ivano Malavolta;Model-Driven Techniques to Enhance Architectural Languages Interoperability.;26-42;17;Software Architecture and Components;;selected
2012;Ulrik Nyman,Axel Legay,Rolf Hennicker,Kim Guldstrand Larsen,Andrzej Wasowski,Alexandre David,Sebastian S. Bauer;Moving from Specifications to Contracts in Component-Based Design.;43-58;16;Software Architecture and Components;;selected
2012;Kyungmin Bae,Jose Meseguer,Abdullah Al-Nayeem,Peter Csaba Olveczky;The SynchAADL2Maude Tool.;59-62;4;Software Architecture and Components;;
2012;Jose Luiz Fiadeiro,Antonia Lopes;Consistency of Service Composition.;63-77;15;Services;;selected
2012;Martin Wirsing,Jonas Eckhardt,Jose Meseguer,Musab AlTurki,Tobias Muhlbauer;Stable Availability under Denial of Service Attacks through Formal Patterns.;78-93;16;Services;;selected
2012;Anna-Lena Lamprecht,Stefan Naujokat,Bernhard Steffen;Loose Programming with PROPHETS.;94-98;5;Services;;selected
2012;Vineet Kahlon;Schedule Insensitivity Reduction.;99-114;16;Verification and Monitoring;;selected
2012;Paul Pettersson,Leo Hatvani,Cristina Cerschi Seceleanu;Adaptive Task Automata: A Framework for Verifying Adaptive Embedded Systems.;115-129;15;Verification and Monitoring;;selected
2012;Guillermo Roman-Diez,Samir Genaim,Elvira Albert,Richard Bubel,Reiner Hahnle;Verified Resource Guarantees for Heap Manipulating Programs.;130-145;16;Verification and Monitoring;;selected
2012;Marco Montali,Wil M. P. van der Aalst,Fabrizio Maria Maggi;An Operational Decision Support Framework for Monitoring Business Constraints.;146-162;17;Verification and Monitoring;;selected
2012;Krzysztof Czarnecki,Thomas Stephen Edward Maibaum,Zinovy Diskin;Intermodeling, Queries, and Kleisli Categories.;163-177;15;Intermodelling and Model Transformations;;selected
2012;Fernando Orejas,Claudia Ermel,Hartmut Ehrig,Frank Hermann;Concurrent Model Synchronization with Conflict Resolution Based on Triple Graph Grammars.;178-193;16;Intermodelling and Model Transformations;;selected
2012;Perdita Stevens,Julian C. Bradfield;Recursive Checkonly QVT-R Transformations with General when and where Clauses via the Modal Mu Calculus.;194-208;15;Intermodelling and Model Transformations;;selected
2012;Arend Rensink,Maarten de Mol,James J. Hunt;Graph Transforming Java Data.;209-223;15;Intermodelling and Model Transformations;;selected
2012;Michalis Famelis,Rick Salay,Marsha Chechik;Language Independent Refinement Using Partial Modeling.;224-239;16;Modelling and Adaptation;;selected
2012;Roberto Bruni,Alberto Lluch-Lafuente,Andrea Corradini,Andrea Vandin,Fabio Gadducci;A Conceptual Framework for Adaptation.;240-254;15;Modelling and Adaptation;;selected
2012;Thomas Thum,Martin Kuhlemann,Sven Apel,Gunter Saake,Ina Schaefer;Applying Design by Contract to Feature-Oriented Programming.;255-269;15;Product Lines and Feature-Oriented Programming;;selected
2012;Myra B. Cohen,Jiangfan Shi,Matthew B. Dwyer;Integration Testing of Software Product Lines Using Compositional Symbolic Execution.;270-284;15;Product Lines and Feature-Oriented Programming;;selected
2012;Julia Rubin-Mosin,Marsha Chechik;Combining Related Products into Product Lines.;285-300;16;Product Lines and Feature-Oriented Programming;;selected
2012;Andreas Mauczka,Thomas Grechenig,Markus Huber,Wolfgang Schramm,Mario Bernhart,Christian Schanes;Tracing Your Maintenance Work - A Cross-Project Validation of an Automated Classification Dictionary for Commit Messages.;301-315;15;Development Process;;selected
2012;Abram Hindle,Daniel M. German,Christian Bird,Earl T. Barr,Premkumar T. Devanbu,Peter C. Rigby;Cohesive and Isolated Development with Branches.;316-331;16;Development Process;;selected
2012;Mario Luis Guimaraes,Antonio Rito Silva;Making Software Integration Really Continuous.;332-346;15;Development Process;;selected
2012;Oliviero Riganelli,Giovanni Becce,Mauro Santoro,Leonardo Mariani;Extracting Widget Descriptions from GUIs.;347-361;15;Development Process;;selected
2012;Zhenyue Long,Georgel Calin,Rupak Majumdar,Roland Meyer;Language-Theoretic Abstraction Refinement.;362-376;15;Verification and Synthesis;;selected
2012;Jeffrey Kramer,Dalal Alrajeh,Alessandra Russo,Sebastian Uchitel;Learning from Vacuously Satisfiable Scenario-Based Specifications.;377-393;17;Verification and Synthesis;;selected
2012;Martin Erwig,Rahul Gopinath;Explanations for Regular Expressions.;394-408;15;Verification and Synthesis;;selected
2012;Matthew Staats,Gregory R. Gay,Mats Per Erik Heimdahl,Michael W. Whalen;On the Danger of Coverage Directed Test Case Generation.;409-424;16;Testing and Maintenance;;selected
2012;Beatriz Perez Lamancha,Macario Polo Usaola,Pedro Reales Mateo;Reduction of Test Suites Using Mutation.;425-438;14;Testing and Maintenance;;selected
2012;Frederic Dadeau,Taha Triki,Lydie du Bousquet,Julien Botella,Yves Ledru;Model-Based Filtering of Combinatorial Test Suites.;439-454;16;Testing and Maintenance;;selected
2012;Khaled Ghedira,Marouane Kessentini,Rim Mahouachi;A New Design Defects Classification: Marrying Detection and Correction.;455-470;16;Testing and Maintenance;;selected
2012;Aharon Abadi,Yishai A. Feldman,Ran Ettinger;Fine Slicing - Theory and Applications for Computation Extraction.;471-485;15;Slicing and Refactoring;;selected
2012;Cesar Tomas,Salvador Tamarit,Josep Silva;System Dependence Graphs in Sequential Erlang.;486-500;15;Slicing and Refactoring;;selected
2012;Huiqing Li,Simon J. Thompson;A Domain-Specific Language for Scripting Refactorings in Erlang.;501-515;15;Slicing and Refactoring;;selected
2011;Ross Anderson;The Dependability of Complex Socio-technical Systems.;1;1;Invited Talk;;
2011;Lu Feng,David Parker,Marta Z. Kwiatkowska;Automated Learning of Probabilistic Assumptions for Compositional Reasoning.;2-17;16;Invited Talk;;
2011;Jose Luiz Fiadeiro,Antonia Lopes;An Interface Theory for Service-Oriented Design.;18-33;16;Verification;;selected
2011;Jochen Hoenicke,Amalinda Post,Andreas Podelski;rt-Inconsistency: A New Property for Real-Time Requirements.;34-49;16;Verification;;selected
2011;Michael Leuschel,Jens Bendisposto;Automatic Flow Analysis for Event-B.;50-64;15;Verification;;selected
2011;Shahram Esmaeilsabzali,Nancy A. Day;Semantic Quality Attributes for Big-Step Modelling Languages.;65-80;16;Verification;;selected
2011;Dominik Dietrich,Lutz Schroder,Ewaryst Schulz;Formalizing and Operationalizing Industrial Standards.;81-95;15;Specification and Modelling;;selected
2011;Jane Hillston,Diego Latella,Andrea Bracciali,Mieke Massink;Modelling Non-linear Crowd Dynamics in Bio-PEPA.;96-110;15;Specification and Modelling;;selected
2011;Pepijn Crouzen,Frederic Lang;Smart Reduction.;111-126;16;Reachability and Model Checking;;selected
2011;Johan Oudinet,Richard Lassaigne,Marie-Claude Gaudel,Sylvain Peyronnet,Alain Denise;Uniform Monte-Carlo Model Checking.;127-140;14;Reachability and Model Checking;;selected
2011;Vladimir Levin,Thomas A. Ball,Fei Xie,Juncao Li;Model Checking BÃ¼chi Pushdown Systems.;141-155;15;Reachability and Model Checking;;selected
2011;Leen Lambers,Claudia Ermel,Jurgen Gall,Gabriele Taentzer;Modeling with Plausibility Checking: Inspecting Favorable and Critical Signs for Consistency between Control Flow and Functional Behavior.;156-170;15;Model Driven Engineering;;selected
2011;Qin Ma,Pierre Kelsen,Christian Glodt;Models within Models: Taming Model Complexity Using the Sub-model Lattice.;171-185;15;Model Driven Engineering;;selected
2011;Joost Visser,Jacome Cunha,Joao Saraiva,Tiago L. Alves;Type-Safe Evolution of Spreadsheets.;186-201;16;Model Driven Engineering;;selected
2011;Claudia Ermel,Hartmut Ehrig,Gabriele Taentzer;A Formal Resolution Strategy for Operation-Based Conflicts in Model Versioning Using Graph Modifications.;202-216;15;Model Driven Engineering;;selected
2011;Stephanie Gatti,Emilie Balland,Charles Consel;A Step-Wise Approach for Integrating QoS throughout Software Development.;217-231;15;Software Development for QoS;;selected
2011;Denis Hatebur,Jan Jurjens,Maritta Heisel,Holger Schmidt;Systematic Development of UMLsec Design Models Based on Security Requirements.;232-246;15;Software Development for QoS;;selected
2011;Frank Piessens,Dries Vanoverberghe;Theoretical Aspects of Compositional Symbolic Execution.;247-261;15;Testing: Theory and New Trends;;selected
2011;Rohan Sharma,Milos Gligoric,Darko Marinov,Andrea Arcuri,Gordon Fraser;Testing Container Classes: Random or Systematic?;262-277;16;Testing: Theory and New Trends;;selected
2011;Visar Januzaj,Andreas Holzer,Helmut Veith,Michael Tautschnig,Christian Schallhart,Boris Langer,Stefan Kugele;Seamless Testing for Models and Code.;278-293;16;Testing: Theory and New Trends;;selected
2011;Tao Xie,Suresh Thummalapenta,Nikolai Tillmann,Jonathan de Halleux,Madhuri R. Marri;Retrofitting Unit Tests for Parameterized Unit Testing.;294-309;16;Testing in Practice;;selected
2011;Farn Wang,Chung-Hao Huang,Kai-Hsiang Chang,Jung-Hsuan Wu;Evolving a Test Oracle in Black-Box Testing.;310-325;16;Testing in Practice;;selected
2011;Sreeranga P. Rajan,Oksana Tkachuk;Automated Driver Generation for Analysis of Web Applications.;326-340;15;Testing in Practice;;selected
2011;Tamim Ahmed Khan,Reiko Heckel;On Model-Based Regression Testing of Web-Services Using Dependency Analysis of Visual Contracts.;341-355;15;Testing in Practice;;selected
2011;Huiqing Li,Simon J. Thompson;Incremental Clone Detection and Elimination for Erlang Programs.;356-370;15;Code Development and Analysis;;selected
2011;Bashar Gharaibeh,J. Morris Chang,Hridesh Rajan;Analyzing Software Updates: Should You Build a Dynamic Updating Infrastructure?;371-385;15;Code Development and Analysis;;selected
2011;Qirun Zhang,Wujie Zheng,Michael R. Lyu;Flow-Augmented Call Graph: A New Foundation for Taming API Complexity.;386-400;15;Code Development and Analysis;;selected
2011;Manuel Wimmer,Mounir Boukadoum,Marouane Kessentini,Houari A. Sahraoui;Search-Based Design Defects Detection by Example.;401-415;15;Code Development and Analysis;;selected
2011;Hao Zhong,Mingshu Li,Lin Shi,Tao Xie;An Empirical Study on Evolution of API Documentation.;416-431;16;Empirical Studies;;selected
2011;Dongxiang Cai,Miryung Kim;An Empirical Study of Long-Lived Code Clones.;432-446;15;Empirical Studies;;selected
2011;Adam Przybylek;Where the Truth Lies: AOP and Its Impact on Software Modularity.;447-461;15;Empirical Studies;;selected
2010;Mark Harman;Why the Virtual Nature of Software Makes It Ideal for Search Based Optimization.;1-12;12;Invited Speaker;;
2010;Alessandro Rossini,Yngve Lamo,Uwe Wolter,Adrian Rutle;A Formalisation of Constraint-Aware Model Transformations.;13-28;16;Model Transformation;;selected
2010;Artur Boronat,Peter Csaba Olveczky;Formal Real-Time Model Transformations in MOMENT2.;29-43;15;Model Transformation;;selected
2010;Gabor Karsai,Daniel Balasubramanian,Ethan K. Jackson,Wolfram Schulte;Reusing Model Transformations While Preserving Properties.;44-58;15;Model Transformation;;selected
2010;Michele Lanza,Alberto Bacchelli,Marco D'Ambros;Are Popular Classes More Defect Prone?;59-73;15;Software Evolution;;selected
2010;Tung Thanh Nguyen,Tien N. Nguyen,Hoan Anh Nguyen,Nam H. Pham;Operation-Based, Fine-Grained Version Control Model for Tree-Based Representation.;74-90;17;Software Evolution;;selected
2010;Masatomo Hashimoto,Akira Mori;A Method for Analyzing Code Homology in Genealogy of Evolving Software.;91-106;16;Software Evolution;;selected
2010;Qing Wang,Mingshu Li,Leon J. Osterweil,Junchao Xiao;Dynamic Resource Scheduling in Disruption-Prone Software Development Environments.;107-122;16;Software Evolution;;selected
2010;Fernando Orejas,Muhammad Naeem,Reiko Heckel,Frank Hermann;Incremental Service Composition Based on Partial Matching of Visual Contracts.;123-138;16;Graph Transformation;;selected
2010;Olga Runge,Claudia Ermel,Antonio Bucchiarone,Hartmut Ehrig,Patrizio Pelliccione;Formal Analysis and Verification of Self-Healing Systems.;139-153;15;Graph Transformation;;selected
2010;Reiko Heckel,Paolo Torrini,Istvan Rath;Stochastic Simulation of Graph Transformation Systems.;154-157;4;Graph Transformation;;selected
2010;Shahram Esmaeilsabzali,Nancy A. Day;Prescriptive Semantics for Big-Step Modelling Languages.;158-172;15;Modeling Concepts;;selected
2010;Qin Ma,Pierre Kelsen;A Modular Model Composition Technique.;173-187;15;Modeling Concepts;;selected
2010;Lunjin Lu,Dae-Kyoo Kim,Sangsig Kim;A Verifiable Modeling Approach to Configurable Role-Based Access Control.;188-202;15;Modeling Concepts;;selected
2010;Iris Groher,Alexander Reder,Alexander Egyed;Incremental Consistency Checking of Dynamic Constraints.;203-217;15;Modeling Concepts;;selected
2010;Adam Darvas,Peter Muller;Proving Consistency and Completeness of Model Classes Using Theory Interpretation.;218-232;15;Verification;;selected
2010;Guido Salvaneschi,Carlo Ghezzi,Andrea Mocci;Automatic Cross Validation of Multiple Specifications: A Case Study.;233-247;15;Verification;;selected
2010;Vladimir Levin,Thomas A. Ball,Fei Xie,Juncao Li,Con McGarvey;An Automata-Theoretic Approach to Hardware/Software Co-verification.;248-262;15;Verification;;selected
2010;Thomas A. Henzinger,Gregory Theoduloz,Dirk Beyer,Damien Zufferey;Shape Refinement through Explicit Heap Analysis.;263-277;15;Program Analysis;;selected
2010;Dino Distefano,Ivana Filipovic;Memory Leaks Detection in Java by Bi-abductive Inference.;278-292;15;Program Analysis;;selected
2010;Cesar Sanchez,Vishwanath Raman,Luca de Alfaro,Krishnendu Chatterjee;Analyzing the Impact of Change in Multi-threaded Programs.;293-307;15;Program Analysis;;selected
2010;Gul Agha,Rajesh K. Karmani,Darko Marinov,Steven Lauterburg;Evaluating Ordering Heuristics for Dynamic Partial-Order Reduction Techniques.;308-322;15;Testing and Debugging;;selected
2010;Qingzhou Luo,Min Hu,Sai Zhang,Jianjun Zhao;A Lightweight and Portable Approach to Making Concurrent Failures Reproducible.;323-337;15;Testing and Debugging;;selected
2010;Hermann Lehner,Peter Muller;Efficient Runtime Assertion Checking of Assignable Clauses with Datagroups.;338-352;15;Testing and Debugging;;selected
2010;Vittorio Cortellessa,Luca Berardinelli,Antinisca Di Marco;Performance Modeling and Analysis of Context-Aware Mobile Software Systems.;353-367;15;Performance Modeling and Analysis;;selected
2010;Vittorio Cortellessa,Anne Martens,Ralf Reussner,Catia Trubiani;"A Process to Effectively Identify ""Guilty"" Performance Antipatterns.";368-382;15;Performance Modeling and Analysis;;selected
2009;Allan Clark,Stephen T. Gilmore,Mirco Tribastone;Scalable Analysis of Scalable Systems.;1-17;17;;;selected
2009;Artur Boronat,Reiko Heckel,Jose Meseguer;Rewriting Logic Semantics and Verification of Model Transformations.;18-33;16;Model-Driven Development;;selected
2009;Birger Moller-Pedersen,Oystein Haugen,Jon Oldevik;Confluence in Domain-Independent Product Line Transformations.;34-48;15;Model-Driven Development;;selected
2009;Leen Lambers,Gerd Wierse,Gabriele Taentzer,Stefan Jurack,Katharina Mehner;Object Flow Definition for Refined Activity Diagrams.;49-63;15;Model-Driven Development;;selected
2009;Alessandro Rossini,Yngve Lamo,Uwe Wolter,Adrian Rutle;A Category-Theoretical Approach to the Formalisation of Version Control in MDE.;64-78;15;Model-Driven Development;;selected
2009;Amir Pnueli,Cory Plock,Hillel Kugler;Controller Synthesis from LSC Requirements.;79-93;15;Synthesis and Adaptation;;selected
2009;Corina S. Pasareanu,Dimitra Giannakopoulou;Interface Generation and Compositional Verification in JavaPathfinder.;94-108;15;Synthesis and Adaptation;;selected
2009;Guido Wachsmuth;A Formal Way from Text to Code Templates.;109-123;15;Synthesis and Adaptation;;selected
2009;Marco Autili,Paola Inverardi,Paolo Di Benedetto;Context-Aware Adaptive Services: The PLASTIC Approach.;124-139;16;Synthesis and Adaptation;;selected
2009;Erwan Jahier,Pascal Raymond,Nicolas Halbwachs;Synchronous Modeling and Validation of Priority Inheritance Schedulers.;140-154;15;Modeling;;selected
2009;Marcelo Fabiun Frias,Thomas Stephen Edward Maibaum,Alan Wassyng,Nazareno Aguirre,Mariano M. Moscato;Describing and Analyzing Behaviours over Tabular Specifications Using (Dyn)Alloy.;155-170;16;Modeling;;selected
2009;Vilas Jagannath,Darko Marinov,Brett Daniel,Yun Young Lee;Reducing the Costs of Bounded-Exhaustive Testing.;171-185;15;Testing and Debugging;;selected
2009;Alan Mycroft,Kathryn E. Gray;Logical Testing.;186-200;15;Testing and Debugging;;selected
2009;Hana Chockler,Eitan Farchi,Sergey Novikov,Benny Godlin;Cross-Entropy-Based Replay of Concurrent Programs.;201-215;15;Testing and Debugging;;selected
2009;Laurence Tratt,Kelly Androutsopoulos,David Clark,Mark Harman,Zheng Li;Control Dependence for Extended Finite State Machines.;216-230;15;Model Analysis;;selected
2009;Ronald Middelkoop,K. Rustan M. Leino;Proving Consistency of Pure Methods and Model Fields.;231-245;15;Model Analysis;;selected
2009;Piotr Kosiuczenko;On the Implementation of @pre.;246-261;16;Model Analysis;;selected
2009;Hiroshi Inamura,Dachuan Yu,Musab AlTurki,Ajay Chander,Dinakar Dhurjati;Formal Specification and Analysis of Timing Properties in Software Systems.;262-277;16;Model Analysis;;selected
2009;Juan de Lara Jaramillo,Esther Guerra,Paolo Bottoni;Formal Foundation for Pattern-Based Modelling.;278-293;16;Patterns;;selected
2009;Alexander Fulleborn,Maritta Heisel,Klaus Meffert;Problem-Oriented Documentation of Design Patterns.;294-308;15;Patterns;;selected
2009;Michael Perin,Iman Narasamdya;Certification of Smart-Card Applications in Common Criteria.;309-324;16;Security;;selected
2009;Claudia Ermel,Hartmut Ehrig,Frank Hermann;Transformation of Type Graphs with Inheritance for Ensuring Security in E-Government Networks.;325-339;15;Security;;selected
2009;Marieke Huisman,Alejandro Tamalet;A Formal Connection between Security Automata and JML Annotations.;340-354;15;Security;;selected
2009;Xiangyun Zhang,William N. Sumner;Algorithms for Automatically Computing the Causal Paths of Failures.;355-369;15;Queries and Error Handling;;selected
2009;Tao Xie,Mithun Acharya;Mining API Error-Handling Specifications from Source Code.;370-384;15;Queries and Error Handling;;selected
2009;Shaunak Chatterjee,Koushik Sen,Sudeep Juvekar;SNIFF: A Search Engine for Java Using Free-Form Queries.;385-400;16;Queries and Error Handling;;selected
2009;Jamie Payton,Vasanth Rajamani,Gruia-Catalin Roman,Christine Julien;Inquiry and Introspection for Non-deterministic Queries in Mobile Networks.;401-416;16;Queries and Error Handling;;selected
2009;Burkhart Wolff,Achim D. Brucker;hol-TestGen.;417-420;4;Tools (Demos) and Program Analysis;;
2009;Radu Calinescu,Marta Z. Kwiatkowska;CADS*: Computer-Aided Development of Self-* Systems.;421-424;4;Tools (Demos) and Program Analysis;;
2009;Scott D. Stoller,Liqiang Wang,Zijiang Yang,Qichang Chen;HAVE: Detecting Atomicity Violations via Integrated Dynamic and Static Analysis.;425-439;15;Tools (Demos) and Program Analysis;;selected
2009;Tien N. Nguyen,Hoan Anh Nguyen,Jafar M. Al-Kofahi,Tung Thanh Nguyen,Nam H. Pham;Accurate and Efficient Structural Characteristic Feature Extraction for Clone Detection.;440-455;16;Tools (Demos) and Program Analysis;;selected
2009;Ondrej Sery;Enhanced Property Specification and Verification in BLAST.;456-469;14;Tools (Demos) and Program Analysis;;selected
2009;Laura Kovacs,Andrei Voronkov;Finding Loop Invariants for Programs over Arrays Using a Theorem Prover.;470-485;16;Tools (Demos) and Program Analysis;;selected
2008;Dalal Alrajeh,Alessandra Russo,Sebastian Uchitel;Deriving Non-zeno Behavior Models from Goal Models Using ILP.;1-15;15;Requirements and Architectures;;selected
2008;Andreas Classen,Patrick Heymans,Pierre-Yves Schobbens;What's in a Feature: A Requirements Engineering Perspective.;16-30;15;Requirements and Architectures;;selected
2008;Goetz Botterweck,Mikolas Janota;Formal Approach to Integrating Feature and Architecture Models.;31-45;15;Requirements and Architectures;;selected
2008;Marlon Dumas,Jan Mendling,Arthur H. M. ter Hofstede,Wil M. P. van der Aalst,Florian Gottschalk,Marcello La Rosa;Correctness-Preserving Configuration of Business Process Models.;46-61;16;Models, Model Transformations I;;selected
2008;Karsten Ehrig,Claudia Ermel,Hartmut Ehrig,Ulrike Prange;Consistent Integration of Models Based on Views of Visual Languages.;62-76;15;Models, Model Transformations I;;selected
2008;Hans Vangheluwe,Juan de Lara Jaramillo;Translating Model Simulators to Analysis Models.;77-92;16;Models, Model Transformations I;;selected
2008;Colin Atkinson,Dietmar Stoll;Orthographic Modeling Environment.;93-96;4;Conceptual Models, UML;;selected
2008;Burkhart Wolff,Achim D. Brucker;HOL-OCL: A Formal Proof Environment for UML/OCL.;97-100;4;Conceptual Models, UML;;selected
2008;Lucio Mauro Duarte,Sebastian Uchitel,Jeffrey Kramer;Towards Faithful Model Extraction Based on Contexts.;101-115;15;Conceptual Models, UML;;selected
2008;Huascar Espinoza,Francois Lagarde,Francois Terrier,Charles Andre,Sebastien Gerard;Leveraging Patterns on Domain Models to Improve UML Profile Definition.;116-130;15;Conceptual Models, UML;;selected
2008;Sotiris Moschoyiannis,Juliana Kuster Filipe Bowles;When Things Go Wrong: Interrupting Conversations.;131-145;15;Service Engineering/Adaptable Services;;selected
2008;Pascal Poizat,Sonia Ben Mokhtar,Tarek Melliti;Distributed Behavioural Adaptation for the Automatic Composition of Semantic Services.;146-162;17;Service Engineering/Adaptable Services;;selected
2008;Stephan Reiff-Marganiec,Laura Bocchi,Stephen Gorton;Engineering Service Oriented Applications: From StPowla Processes to SRML Models.;163-178;16;Service Engineering/Adaptable Services;;selected
2008;Fernando Orejas,Hartmut Ehrig,Ulrike Prange;A Logic of Graph Constraints.;179-198;20;Verification and Testing I;;selected
2008;Sergey Goncharov,Till Mossakowski,Lutz Schroder;A Generic Complete Dynamic Logic for Reasoning About Purity and Effects.;199-214;16;Verification and Testing I;;selected
2008;Maciej Koutny,Gabriel Ciobanu;Modelling and Verification of Timed Interaction and Migration.;215-229;15;Verification and Testing I;;selected
2008;Alessandro Lapadula,Franco Mazzanti,Stefania Gnesi,Rosario Pugliese,Alessandro Fantechi,Francesco Tiezzi;A Model Checking Approach for Verifying COWS Specifications.;230-245;16;Verification and Testing I;;selected
2008;Giovanni Denaro,Alessandra Gorla,Mauro Pezze;Contextual Integration Testing of Classes.;246-260;15;Verification and Testing II;;selected
2008;Bart Jacobs,Frank Piessens,Jan Smans,Wolfram Schulte;An Automatic Verifier for Java-Like Programs Based on Dynamic Frames.;261-275;15;Verification and Testing II;;selected
2008;Anne-Francoise Le Meur,Yann-Gael Gueheneuc,Laurence Duchien,Naouel Moha;A Domain Analysis to Specify Design Defects and Generate Detection Algorithms.;276-291;16;Verification and Testing II;;selected
2008;Yijun Yu,Jan Jurjens,Jorg Schreck;Automated Analysis of Permission-Based Security Using UMLsec.;292-295;4;Verification and Testing II;;selected
2008;Radu Kopetz,Pierre-Etienne Moreau;Software Quality Improvement Via Pattern Matching.;296-300;5;Objects and Components;;selected
2008;Yoram Atir,Shahar Maoz,Asaf Kleinbort,David Harel;Object Composition in Scenario-Based Programming.;301-316;16;Objects and Components;;selected
2008;Therese Berg,Harald Raffelt,Bengt Jonsson;Regular Inference for State Machines Using Domains with Equality Tests.;317-331;15;Objects and Components;;selected
2008;Subhajit Datta,Robert van Engelen;COMP-REF: A Technique to Guide the Delegation of Responsibilities to Components in Software Systems.;332-346;15;Objects and Components;;selected
2008;Denes Bisztray,Reiko Heckel,Hartmut Ehrig;Verification of Architectural Refactorings by Rule Extraction.;347-361;15;Models, Model Transformations II;;selected
2008;Paulo Borba,Rohit Gheyi,Tiago Massoni;Formal Model-Driven Program Refactoring.;362-376;15;Models, Model Transformations II;;selected
2008;Artur Boronat,Jose Meseguer;An Algebraic Semantics for MOF.;377-391;15;Models, Model Transformations II;;selected
2008;Leen Lambers,Mauro Pezze,Leonardo Mariani,Hartmut Ehrig;A Formal Framework for Developing Adaptable Service-Based Applications.;392-406;15;Models, Model Transformations II;;selected
2008;Alastair R. Beresford,Alan Mycroft,Jonathan J. Davies;Language-Based Optimisation of Sensor-Driven Distributed Computing Applications.;407-422;16;Models, Model Transformations II;;selected
2008;Gwen Salaun,Javier Camara,Carlos Canal Velasco;Clint: A Composition Language Interpreter (Tool Paper).;423-427;5;Models, Model Transformations II;;
2007;Jan Bosch;Software Product Families: Towards Compositionality.;1-10;10;Invited Contributions;;
2007;Bertrand Meyer;Contract-Driven Development.;11;1;Invited Contributions;;
2007;Jacek Ratzinger,Harald Gall,Martin Pinzger;EQ-Mine: Predicting Short-Term Defects for Software Evolution.;12-26;15;Evolution and Agents;;selected
2007;Mircea Lungu,Romain Robbes,Michele Lanza;An Approach to Software Evolution Based on Semantic Change.;27-41;15;Evolution and Agents;;selected
2007;Ana Cristina Vieira de Melo,Paulo Salem da Silva;A Simulation-Oriented Formalization for a Psychological Theory.;42-56;15;Evolution and Agents;;selected
2007;Vittorio Cortellessa,Paola Inverardi,Antinisca Di Marco;Integrating Performance and Reliability Analysis in a Non-Functional MDA Framework.;57-71;15;Model Driven Development;;selected
2007;Karsten Ehrig,Claudia Ermel,Hartmut Ehrig,Frank Hermann,Gabriele Taentzer;Information Preserving Bidirectional Model Transformations.;72-86;15;Model Driven Development;;selected
2007;Rolf Hennicker,Alexander Knapp;Activity-Driven Synthesis of State Machines.;87-101;15;Model Driven Development;;selected
2007;Mats Per Erik Heimdahl,Jimin Gao,Eric Van Wyk;Flexible and Extensible Notations for Modeling Languages.;102-116;15;Model Driven Development;;selected
2007;Markus Bach,Friedrich Steimann,Florian Forster;Declared Type Generalization Checker: An Eclipse Plug-In for Systematic Programming with More General Types.;117-120;4;Tool Demonstrations;;
2007;Shahar Maoz,Asaf Kleinbort,David Harel;S2A: A Compiler for Multi-modal UML Sequence Diagrams.;121-124;4;Tool Demonstrations;;
2007;George Edwards,Sam Malek,Nenad Medvidovic;Scenario-Driven Dynamic Analysis of Distributed Architectures.;125-139;15;Distributed Systems;;selected
2007;Chouki Tibermacine,Reda Kadri,Didier Hoareau;Enforcing Architecture and Deployment Constraints of Distributed Component-Based Software.;140-154;15;Distributed Systems;;selected
2007;Cesar Sanchez,Zohar Manna,Henny Sipma;A Family of Distributed Deadlock Avoidance Protocols and Their Reachable State Spaces.;155-169;15;Distributed Systems;;selected
2007;Jonathan P. Whittle;Precise Specification of Use Case Scenarios.;170-184;15;Specification;;selected
2007;Florian Stallmann,Holger Giese;Joint Structural and Temporal Property Specification Using Timed Story Scenario Diagrams.;185-199;15;Specification;;selected
2007;Rudiger Grammes,Reinhard Gotzhein;SDL Profiles - Formal Semantics and Tool Support.;200-214;15;Specification;;selected
2007;Marieke Huisman,Lilian Burdy,Mariela Pavlova;Preliminary Design of BML: A Behavioral Interface Specification Language for Java Bytecode.;215-229;15;Specification;;selected
2007;Roy Gronmo,Michael C. Jager,Andreas Wombacher;A Service Composition Construct to Support Iterative Development.;230-244;15;Services;;selected
2007;Marlon Dumas,Gero Decker,Franz Weber,Alistair P. Barros;Correlation Patterns in Service-Oriented Architectures.;245-259;15;Services;;selected
2007;Marc Fisher II,Gregg Rothermel,Sebastian G. Elbaum;Dynamic Characterization of Web Application Interfaces.;260-275;16;Services;;selected
2007;Siavash Mirarab,Ladan Tahvildari;A Prioritization Approach for Software Test Cases Based on Bayesian Networks.;276-290;15;Testing;;selected
2007;Franz Wotawa,Gordon Fraser;Redundancy Based Test-Suite Reduction.;291-305;15;Testing;;selected
2007;E. Jane Albert Hubbard,Michael J. Stern,Hillel Kugler;Testing Scenario-Based Models.;306-320;15;Testing;;selected
2007;Klaus Pohl,Sacha Reis,Andreas Metzger;Integration Testing in Software Product Line Engineering: A Model-Based Technique.;321-335;15;Testing;;selected
2007;Adam Darvas,K. Rustan M. Leino;Practical Reasoning About Invocations and Implementations of Pure Methods.;336-351;16;Analysis;;selected
2007;Arie Gurfinkel,Mihaela Gheorghiu Bobaru,Marsha Chechik;Finding Environment Guarantees.;352-367;16;Analysis;;selected
2007;Thorsten Hermes,Ulrike Ranger;Ensuring Consistency Within Distributed Graph Transformation Systems.;368-382;15;Analysis;;selected
2007;Kathrin Hoffmann,Claudia Ermel,Hartmut Ehrig,Julia Padberg,Tony Modica,Enrico Biermann;Maintaining Consistency in Layered Architectures of Mobile Ad-Hoc Networks.;383-397;15;Analysis;;selected
2007;Lucia Rapanotti,Jon G. Hall,Derek Mannering;Towards Normal Design for Safety-Critical Systems.;398-411;14;Design;;selected
2007;Xin Zhou,Hui Yu;A Clustering-Based Approach for Tracing Object-Oriented Design to Requirement.;412-422;11;Design;;selected
2007;Roberto Erick Lopez-Herrejon,Sven Apel;Measuring and Characterizing Crosscutting in Aspect-Based Programs: Basic Metrics and Case Studies.;423-437;15;Design;;selected
2006;Francisco Curbera;A Programming Model for Service Oriented Applications.;1;1;Invited Contributions;;
2006;Carlo Ghezzi;Software Engineering: Emerging Goals and Lasting Problems.;2;1;Invited Contributions;;
2006;Marlon Dumas,Dominic Cooney,Paul Roe;GPSL: A Programming Language for Service Implementation.;3-17;15;Distributed Systems;;selected
2006;Jose Luiz Fiadeiro,Antonia Lopes;A Formal Approach to Event-Based Architectures.;18-32;15;Distributed Systems;;selected
2006;Manuel Koch,Karl Pauls;Engineering Self-protection for Autonomous Systems.;33-47;15;Distributed Systems;;selected
2006;Gabriele Taentzer,Giovanni Toffetti Carughi;A Graph-Based Approach to Transform XML Documents.;48-62;15;Orthogonal Process Activities;;selected
2006;Aleksey Nogin,Jason Hickey;: Designing a Scalable Build Process.;63-78;16;Orthogonal Process Activities;;selected
2006;Hajime Iwata,Yoshiaki Fukazawa,Junko Shirogane;Automatic Generation of Tutorial Systems from Development Specification.;79-92;14;Orthogonal Process Activities;;selected
2006;Dwayne Towell,Jason Denton;A Software Implementation Progress Model.;93-106;14;Orthogonal Process Activities;;selected
2006;Therese Berg,Harald Raffelt,Bengt Jonsson;Regular Inference for State Machines with Parameters.;107-121;15;Behavioral Models and State Machines;;selected
2006;Benet Devereux,Marsha Chechik;Automated Support for Building Behavioral Models of Event-Driven Systems.;122-138;17;Behavioral Models and State Machines;;selected
2006;Nigamanth Sridhar,Jason O. Hallstrom;A Behavioral Model for Software Containers.;139-154;16;Behavioral Models and State Machines;;selected
2006;Daniela E. Herlea,Teresa Mallardo,Filippo Lanubile;An Empirical Study of the Impact of Asynchronous Discussions on Remote Synchronous Requirements Meetings.;155-169;15;Empirical Studies;;selected
2006;Krzysztof Sacha;Evaluation of Expected Software Quality: A Customer's Viewpoint.;170-183;14;Empirical Studies;;selected
2006;Scott A. DeLoach,Valeriy A. Kolesnikov,Robby;Using Design Metrics for Predicting System Flexibility.;184-198;15;Empirical Studies;;selected
2006;Vieri Del Bianco,Luigi Lavazza;Combining Problem Frames and UML in the Description of Software Requirements.;199-213;15;Requirements and Design;;selected
2006;Neelam Soundarajan,Benjamin Tyler,Jason O. Hallstrom;Amplifying the Benefits of Design Patterns: From Specification Through Implementation.;214-229;16;Requirements and Design;;selected
2006;Bernd Westphal,Tobe Toben;The Good, the Bad and the Ugly: Well-Formedness of Live Sequence Charts.;230-246;17;Requirements and Design;;selected
2006;Hakim Lounis,Hamid Mcheick,Amal Elkharraz,Hafedh Mili,Houari A. Sahraoui;Concerned About Separation.;247-261;15;Requirements and Design;;selected
2006;Isidro Ramos,Jose A. Carsi,Artur Boronat;Algebraic Specification of a Model Transformation Engine.;262-277;16;Model-Based Development;;selected
2006;Franz Wotawa,Daniel Kob;Fundamentals of Debugging Using a Resolution Calculus.;278-292;15;Model-Based Development;;selected
2006;Soo Dong Kim,Hyun Gi Min;A Technique to Represent and Generate Components in MDA/PIM for Automation.;293-307;15;Model-Based Development;;selected
2006;Long Fei,Kyungwoo Lee,Samuel P. Midkiff,Fei Li;Argus: Online Statistical Bug Detection.;308-323;16;Validation and Verification;;selected
2006;Carlo Corrales Delgado,Bernhard K. Aichernig;From Faults Via Test Purposes to Test Cases: On the Fault-Based Testing of Concurrent Systems.;324-338;15;Validation and Verification;;selected
2006;Gul Agha,Koushik Sen;Automated Systematic Testing of Open Distributed Programs.;339-356;18;Validation and Verification;;selected
2006;Marco Caccamo,Peter Csaba Olveczky;Formal Simulation and Analysis of the CASH Scheduling Algorithm in Real-Time Maude.;357-372;16;Validation and Verification;;selected
2006;Julien Groslambert,Alain Giorgetti;JAG: JML Annotation Generation for Verifying Temporal Properties;373-376;4;Tool Demonstrations;;
2006;Harald Raffelt,Bernhard Steffen;LearnLib: A Library for Automata Learning and Experimentation.;377-380;4;Tool Demonstrations;;
2006;Murali Krishna Ramanathan,Suresh Jagannathan,Ananth Grama;Trace-Based Memory Aliasing Across Program Versions.;381-395;15;Software Evolution;;selected
2006;Fraser P. Ruffell,Jason W. A. Selby;The Pervasiveness of Global Data in Evolving Software Systems.;396-410;15;Software Evolution;;selected
2006;Reto Geiger,Beat Fluri,Martin Pinzger,Harald Gall;Relation of Code Clones and Change Couplings.;411-425;15;Software Evolution;;selected
2005;Gerard Berry;Esterel v7: From Verified Formal Specification to Efficient Industrial Designs.;1;1;Invited Contributions;;
2005;Thomas A. Henzinger,Rupak Majumdar,Dirk Beyer,Ranjit Jhala;Checking Memory Safety with Blast.;2-18;17;Invited Contributions;;
2005;Axel Martens;Analyzing Web Service Based Business Processes.;19-33;15;Web Services;;selected
2005;Reiko Heckel,Leonardo Mariani;Automatic Conformance Testing of Web Services.;34-48;15;Web Services;;selected
2005;Gabriele Taentzer,Hartmut Ehrig,Szilvia Varro-Gyapay,Daniel Varro,Karsten Ehrig,Juan de Lara Jaramillo;Termination Criteria for Model Transformation.;49-63;15;Graph Grammars and Graph Transformations;;selected
2005;Arend Rensink,Gabriele Taentzer;Ensuring Structural Constraints in Graph-Based Models with Type Inheritance.;64-79;16;Graph Grammars and Graph Transformations;;selected
2005;Annegret Habel,Ralf Reussner,Jens Happe;Modelling Parametric Contracts and the State Space of Composite Components by Graph Grammars.;80-95;16;Graph Grammars and Graph Transformations;;selected
2005;Yijun Yu,Periklis Andritsos,Homayoun Dayani-Fard,John Mylopoulos;Improving the Build Architecture of Legacy C/C++ Software Systems.;96-110;15;Components;;selected
2005;Genaina Nunes Rodrigues,David S. Rosenblum,Sebastian Uchitel;Using Scenarios to Predict the Reliability of Concurrent Component-Based Software Systems.;111-126;16;Components;;selected
2005;Andreas Leicher,Jorn Guy Sus;Augmenting UML Models for Composition Conflict Analysis.;127-140;14;Components;;selected
2005;Soo Ho Chang,Soo Dong Kim,Man Jib Han;A Tool to Automate Component Clustering and Identification.;141-144;4;Components;;selected
2005;Mika Pussinen,Kai Koskimies,Imed Hammouda,Juha Hautamaki;Managing Variability Using Heterogeneous Feature Variation Patterns.;145-159;15;Product Lines;;selected
2005;Ulrik Nyman,Andrzej Wasowski,Kim Guldstrand Larsen;Color-Blind Specifications for Transformations of Reactive Synchronous Programs.;160-174;15;Product Lines;;selected
2005;Therese Berg,Martin Leucker,Harald Raffelt,Bengt Jonsson,Bernhard Steffen,Olga Grinchtein;On the Correspondence Between Conformance Testing and Regular Inference.;175-189;15;Theory;;selected
2005;David A. Naumann;Observational Purity and Encapsulation.;190-204;15;Theory;;selected
2005;Francisco Jose Galan Morillo,Jose M. Canete;Towards a Theory on the Role of Ontologies in Software Engineering Problem Solving.;205-219;15;Theory;;selected
2005;Arie Gurfinkel,Marsha Chechik;A Framework for Counterexample Generation and Exploration.;220-236;17;Code Understanding and Validation;;selected
2005;Michael Eichberg,Thorsten Schafer,Mira Mezini;Using Annotations to Check Structural Properties of Classes.;237-252;16;Code Understanding and Validation;;selected
2005;Vladimir Jakobac,Nenad Medvidovic,Alexander Egyed;Improving System Understanding via Interactive, Tailorable, Source Code Analysis.;253-268;16;Code Understanding and Validation;;selected
2005;John Hatcliff,Venkatesh Prasad Ranganath,Ganeshan Jayaraman;Kaveri: Delivering the Indus Java Program Slicer to Eclipse.;269-272;4;Code Understanding and Validation;;selected
2005;Arjan J. Mooij,Judi Romijn,Nicolae Goga;Non-local Choice and Beyond: Intricacies of MSC Choice Nodes.;273-288;16;The UML;;selected
2005;Scott Kagan,Atanas Rountev,Jason Sawin;Coverage Criteria for Testing of Object Interactions in Sequence Diagrams.;289-304;16;The UML;;selected
2005;Jan Jurjens,Pasha Shabalin;Tools for Secure Systems Development with UML: Security Analysis with ATPs.;305-309;5;The UML;;selected
2005;Wuwei Shen,Kun Wang,Alexander Egyed;Maintaining Life Perspectives During the Refinement of UML Class Structures.;310-325;16;The UML;;selected
2005;Angelo Morzenti,Carlo A. Furia,Matteo Rossi,Dino Mandrioli;Automated Compositional Proofs for Real-Time Systems.;326-340;15;Automatic Proofs and Provers;;selected
2005;Till Mossakowski,Lutz Schroder,Daniel Hausmann;Iterative Circular Coinduction for CoCasl in Isabelle/HOL.;341-356;16;Automatic Proofs and Provers;;selected
2005;Wojciech Mostowski;Formalisation and Verification of Java Card Security Properties in Dynamic Logic.;357-371;15;Automatic Proofs and Provers;;selected
2004;Serge Abiteboul;Distributed Information Management with XML and Web Services.;1-11;11;;;selected
2004;Gruia-Catalin Roman,Jamie Payton,Christine Julien;A Formal Treatment of Context-Awareness.;12-36;25;;;selected
2004;Alexander Egyed;Consistent Adaptation and Evolution of Class Diagrams during Refinement.;37-53;17;;;selected
2004;Baowen Xu,Jianjun Zhao;Measuring Aspect Cohesion.;54-68;15;;;selected
2004;Tim McComb;Refactoring Object-Z Specifications.;69-83;15;;;selected
2004;Dilian Gurov,Marieke Huisman,Gennady Chugunov,Christoph Sprenger;Checking Absence of Illicit Applet Interactions: A Case Study.;84-98;15;;;selected
2004;Gilles Barthe,Guillaume Dufay;A Tool-Assisted Framework for Certified Bytecode Verification.;99-113;15;;;selected
2004;Engelbert Hubbers,Erik Poll;Reasoning about Card Tears and Transactions in Java Card.;114-128;15;;;selected
2004;Jeffrey Kramer,Robert Chatley,Sebastian Uchitel,Jeffrey N. Magee,Susan Eisenbach;Predictable Dynamic Plugin Systems.;129-143;15;;;selected
2004;Venkatesh Prasad Ranganath,Georg Jung,John Hatcliff;A Correlation Framework for the CORBA Component Model.;144-159;16;;;selected
2004;Adam Childs,Xianghua Deng,Matthew B. Dwyer,Jesse Greenwald,Gurdip Singh,Georg Jung,Prashant Shanti,John Hatcliff,Venkatesh Prasad Ranganath;Cadena: An Integrated Development Environment for Analysis, Synthesis, and Verification of Component-Based Systems.;160-164;5;;;selected
2004;Ruth Breu,Gerhard Popp;Actor-Centric Modeling of User Rights.;165-179;15;;;selected
2004;Na Li,Indrakshi Ray,Dae-Kyoo Kim,Robert B. France;Modeling Role-Based Access Control Using Parameterized UML Models.;180-193;14;;;selected
2004;Laura Bocchi;Compositional Nested Long Running Transactions.;194-208;15;;;selected
2004;Jan Ortmann,Daniel Moldt;DaGen: A Tool for Automatic Translation from DAML-S to High-Level Petri Nets.;209-213;5;;;selected
2004;Gabriele Taentzer,Juan de Lara Jaramillo,Roswitha Bardohl,Hartmut Ehrig;Integrating Meta-modelling Aspects with Graph Transformation for Efficient Visual Language Definition and Model Manipulation.;214-228;15;;;selected
2004;John M. Rushby,Gregoire Hamon;An Operational Semantics for Stateflow.;229-243;15;;;selected
2004;Christine Choppy,Gianna Reggio;Improving Use Case Based Requirements Using Formally Grounded Specifications.;244-260;17;;;selected
2004;Islam A. M. El-Maddah,Thomas Stephen Edward Maibaum;The GOPCSD Tool: An Integrated Development Environment for Process Control Requirements and Design.;261-266;6;;;selected
2004;Haifeng He,Neelam Gupta;Automated Debugging Using Path-Based Weakest Preconditions.;267-280;14;;;selected
2004;Olivier Maury,Lydie du Bousquet,Pierre Bontron,Yves Ledru;Filtering TOBIAS Combinatorial Test Suites.;281-294;14;;;selected
2004;Henry Muccini,Debra J. Richardson,Marcio S. Dias;Systematic Testing of Software Architectures in the C2 Style.;295-309;15;;;selected
2004;Muffy Thomas,Peter Saffrey;Optimising Communication Structure for Model Checking.;310-323;14;;;selected
2004;Robert P. Kurshan,Vladimir Levin,Fei Xie,James C. Browne;Translating Software Designs for Model Checking.;324-338;15;;;selected
2004;Vincenzo Martena,Carlo Ghezzi,Gian Pietro Picco;Enhancing Remote Method Invocation through Type-Based Static Analysis.;339-353;15;;;selected
2004;Jose Meseguer,Peter Csaba Olveczky;Specification and Analysis of Real-Time Systems Using Real-Time Maude.;354-358;5;;;selected
2004;Soo Ho Chang,Soo Dong Kim,Si Won Choi;A Systematic Methodology for Developing Component Frameworks.;359-373;15;;;selected
2004;Vladimir-Ioan Cretu,Ioana Sora,Yolande Berbers,Pierre Verbaeten;Automating Decisions in Component Composition Based on Propagation of Requirements.;374-388;15;;;selected
2003;Michal Young;Symbiosis of Static Analysis and Program Testing.;1-5;5;Keynote;;
2003;Claus Pahl;An Ontology for Software Component Matching.;6-21;16;Software Components;;selected
2003;Ioana Sora,Yolande Berbers,Pierre Verbaeten;A Description Language For Composable Components.;22-36;15;Software Components;;selected
2003;Thomas Stephen Edward Maibaum,Nazareno Aguirre;A Logical Basis for the Specification of Reconfigurable Component-Based Systems.;37-51;15;Software Components;;selected
2003;Clemens Reichmann,Klaus D. Muller-Glaser,Markus Kuhl;An Overall System Design Approach Doing Object-Oriented Modeling to Code-Generation for Embedded Electronic Systems.;52-66;15;Software Components;;selected
2003;Pascal Fenkam,Mehdi Jazayeri,Harald Gall;Composing Specifications of Event Based Applications.;67-86;20;Mobile Computing;;selected
2003;Martin Wirsing,Julia Zappe,Stephan Merz;A Spatio-Temporal Logic for the Specification and Refinement of Mobile Systems.;87-101;15;Mobile Computing;;selected
2003;Alastair R. Beresford,Alan Mycroft,David Scott;Spatial Security Policies for Mobile Agents in a Sentient Computing Environment.;102-117;16;Mobile Computing;;selected
2003;Luigi Lavazza,Giuseppe Occorso,Vieri Del Bianco,Marco Mauri;Towards UML-Based Formal Specifications of Component-Based Real-Time Software.;118-134;17;Aspect and Object-Oriented Programming;;selected
2003;Perdita Stevens,Jennifer Tenzer;Modelling Recursive Calls with UML State Diagrams.;135-149;15;Aspect and Object-Oriented Programming;;selected
2003;Jianjun Zhao,Martin C. Rinard;Pipa: A Behavioral Interface Specification Language for AspectJ.;150-165;16;Aspect and Object-Oriented Programming;;selected
2003;Bart Wydaeghe,Viviane Jonckers,Davy Suvee,Wim Vanderperren;PacoSuite and JAsCo: A Visual Component Composition Environment with Advanced Aspect Separation Features.;166-169;4;Aspect and Object-Oriented Programming;;selected
2003;Reiko Heckel,Marc Lohmann;Model-Based Development of Web Applications Using Graphical Reaction Rules.;170-183;14;Distributed and Web Applications;;selected
2003;Robert Esser,Charles Lakos,Yan Jin,Jorn W. Janneck;Modular Analysis of Dataflow Process Networks.;184-199;16;Distributed and Web Applications;;selected
2003;Sandro Morasca;Foundations of a Weak Measurement-Theoretic Approach to Software Measurement.;200-215;16;Software Measurements;;selected
2003;Pierre Kelsen;An Information-Based View of Representational Coupling in Object-Oriented Systems.;216-230;15;Software Measurements;;selected
2003;Marcin Kubica;A Temporal Approach to Specification and Verification of Pointer Data-Structures.;231-245;15;Formal Verification;;selected
2003;Wojciech Mostowski,Bernhard Beckert;A Program Logic for Handling JAVA CARD's Transaction Mechanism.;246-260;15;Formal Verification;;selected
2003;Till Mossakowski,Lutz Schroder;Monad-Independent Hoare Logic in HASCASL.;261-277;17;Formal Verification;;selected
2003;Manuel Koch,Francesco Parisi-Presicce;Visual Specifications of Policies and Their Verification.;278-293;16;Formal Verification;;selected
2003;Elvinia Riccobene,Angelo Gargantini;Automatic Model Driven Animation of SCR Specifications.;294-309;16;Analysis and Testing;;selected
2003;S. C. Gupta,Anita Goel,Siri Krishan Wasan;Probe Mechanism for Object-Oriented Software Testing.;310-324;15;Analysis and Testing;;selected
2003;James C. Browne,Natasha Sharygina;Model Checking Software via Abstraction of Loop Transitions.;325-340;16;Analysis and Testing;;selected
2003;Christian Attiogbe,Pascal Poizat,Gwen Salaun;Integration of Formal Datatypes within State Diagrams.;341-355;15;Model Integrations and Extensions;;selected
2003;Igor Melatti,Alfonso Pierantonio,Benedetto Intrigila,Giuseppe Della Penna,Antinisca Di Marco;Xere: Towards a Natural Interoperability between XML and ER Diagrams.;356-371;16;Model Integrations and Extensions;;selected
2003;Henry Muccini;Detecting Implied Scenarios Analyzing Non-local Branching Choices.;372-386;15;Model Integrations and Extensions;;selected
2003;Ingolf Kruger;Capturing Overlapping, Triggered, and Preemptive Collaborations Using MSCs.;387-402;16;Model Integrations and Extensions;;selected
2002;Michel Charpentier;An Approach to Composition Motivated by wp.;1-14;14;Formal Frameworks;;selected
2002;Dilian Gurov,Gilles Barthe,Marieke Huisman;Compositional Verification of Secure Applet Interactions.;15-32;18;Formal Frameworks;;selected
2002;Markus Klein,Fernando Orejas,Martti Piirainen,Hartmut Ehrig,Benjamin Braatz;A Generic Component Framework for System Modeling.;33-48;16;Formal Frameworks;;selected
2002;Antonio Cerone;Implementing Condition/Event Nets in the Circal Process Algebra.;49-63;15;Model and Program Analysis;;selected
2002;Fei Xie,James C. Browne;Integrated State Space Reduction for Model Checking Executable Object-Oriented Software System Designs.;64-79;16;Model and Program Analysis;;selected
2002;Andreas Hagerer,Bernhard Steffen,Hardi Hungar,Oliver Niese;Model Generation by Moderated Regular Extrapolation.;80-95;16;Model and Program Analysis;;selected
2002;Sumit Kumar,Susan Horwitz;Better Slicing of Programs with Jumps and Switches.;96-112;17;Model and Program Analysis;;selected
2002;Francesco Franze,Marco Bernardo;Architectural Types Revisited: Extensible And/Or Connections.;113-127;15;Architecture Descriptions;;selected
2002;Thais Vasconcelos Batista,Virginia C. Carneiro de Paula;Mapping an ADL to a Component-Based Application Development Environment.;128-142;15;Architecture Descriptions;;selected
2002;Mikael Peltier,Mariano Belaunde;From EDOC Components to CCM Components: A Precise Mapping Specification.;143-158;16;Architecture Descriptions;;selected
2002;Andy Evans,Tony Clark,Stuart T. Kent;Engineering Modelling Languages: A Precise Meta-Modelling Approach.;159-173;15;Meta-Models;;selected
2002;Hans Vangheluwe,Juan de Lara Jaramillo;AToM3: A Tool for Multi-formalism and Meta-modelling.;174-188;15;Meta-Models;;selected
2002;Luciano Baresi,Mauro Pezze;A Toolbox for Automating Visual Software Engineering.;189-202;14;Meta-Models;;selected
2002;Perdita Stevens,Julian C. Bradfield,Juliana Kuster Filipe Bowles;Enriching OCL Using Observational Mu-Calculus.;203-217;15;Formal Approaches towards UML;;selected
2002;Alexandre David,M. Oliver Moller,Wang Yi;Formal Verification of UML Statecharts with Real-Time Extensions.;218-232;15;Formal Approaches towards UML;;selected
2002;Kristofer Johannisson,Aarne Ranta,Reiner Hahnle;An Authoring Tool for Informal and Formal Requirements Specifications.;233-248;16;Requirements Engineering;;selected
2002;Felix Bubl;Introducing Context-Based Constraints.;249-263;15;Requirements Engineering;;selected
2002;Andreas Nonnengart,Georg Rock,Werner Stephan;Formal Requirements Engineering Using Observer Models.;264-278;15;Requirements Engineering;;selected
2002;Miguel A. Laguna,Francisco Jose Garcia Penalvo,Oscar Lopez;Automatic Generation of Use Cases from Workflows: A Petri Net Based Approach.;279-293;15;Requirements Engineering;;selected
2002;Paolo Paolini,Luciano Baresi,Franca Garzotto,Luca Mainetti;Meta-modeling Techniques Meet Web Application Design Tools.;294-307;14;Requirements Engineering;;selected
2002;Antonio Navarro,Jose Luis Sierra-Rodriguez,Alfredo Fernandez-Valmayor,Baltasar Fernandez-Manjon;Formal-Driven Conceptualization and Prototyping of Hypermedia Applications.;308-322;15;Requirements Engineering;;selected
2002;Jose Luiz Fiadeiro,Georgios Koutsoukos,Luis Filipe Andrade,Michel Wermelinger,Joao Gouveia;The Coordination Development Environment.;323-326;4;Tool Demonstration;;
2002;Wojciech Mostowski,Peter H. Schmitt,Wolfram Menzel,Elmar Habermalz,Thomas Baar,Bernhard Beckert,Wolfgang Ahrendt,Martin Giese,Reiner Hahnle;The KeY System: Integrating Object-Oriented Design and Formal Methods.;327-330;4;Tool Demonstration;;
2002;Vladimir Levin,Fei Xie,James C. Browne;ObjectCheck: A Model Checking Tool for Executable Object-Oriented Software System Designs.;331-335;5;Tool Demonstration;;
2002;Andreas Hagerer,Tiziana Margaria-Steffen,Hardi Hungar,Oliver Niese,Bernhard Steffen,Hans-Dieter Ide;Demonstration of an Operational Procedure for the Model-Based Testing of CTI Systems.;336-340;5;Tool Demonstration;;
2001;Bran Selic;Physical Programming: Beyond Mere Logic.;1;1;Invited Paper;;
2001;Richard F. Paige,Jonathan S. Ostroff;Metamodelling and Conformance Checking with PVS.;2-16;15;Metamodelling;;selected
2001;Andy Evans,Tony Clark,Stuart T. Kent;The Metamodelling Language Calculus: Foundation Semantics for UML.;17-31;15;Metamodelling;;selected
2001;Hans-Dieter Ehrich,Ralf Pinger;Compositional Checking of Communication among Observers.;32-44;13;Distributed Components;;selected
2001;Joy N. Reed,Jane Sinclair;Combining Independent Specifications.;45-59;15;Distributed Components;;selected
2001;Paola Inverardi,Sebastian Uchitel;Proving Deadlock Freedom in Component-Based Programming.;60-75;16;Distributed Components;;selected
2001;Roel Wieringa,Rik Eshuis;A Real-Time Execution Semantics for UML Activity Diagrams.;76-90;15;UML;;selected
2001;Clemens Fischer,Ernst-Rudiger Olderog,Heike Wehrheim;A CSP View on UML-RT Structure Diagrams.;91-108;18;UML;;selected
2001;Reiko Heckel,Stefan Sauer;Strengthening UML Collaboration Diagrams by State Transformations.;109-123;15;UML;;selected
2001;Christine Choppy,Jean-Claude Royer,Pascal Poizat;Specification of Mixed Systems in KORRIGAN with the Support of a UML-Inspired Graphical Notation.;124-139;16;UML;;selected
2001;Perdita Stevens;On Use Cases and Their Relationships in the Unified Modelling Language.;140-155;16;UML;;selected
2001;Francis Bordeleau,Jean-Pierre Corriveau;On the Importance of Inter-scenario Relationships in Hierarchical State Machine Design.;156-170;15;UML;;selected
2001;Gianna Reggio,Egidio Astesiano,Maura Cerioli;Towards a Rigorous Semantics of UML Supporting Its Multiview Approach.;171-186;16;UML;;selected
2001;Jan Jurjens;Towards Development of Secure Systems Using UMLsec.;187-200;14;UML;;selected
2001;Ralf Lammel;Grammar Testing.;201-216;16;Testing;;selected
2001;Suan Hsi Yong,Alexey Loginov,Susan Horwitz,Thomas W. Reps;Debugging via Run-Time Type Checking.;217-232;16;Testing;;selected
2001;Andreas Hagerer,Tiziana Margaria-Steffen,Oliver Niese,Georg Brune,Bernhard Steffen,Hans-Dieter Ide;Library-Based Design and Consistency Checking of System-Level Industrial Test Cases.;233-248;16;Testing;;selected
2001;Markus Nagelmann,Andrei Erochok,Klaus Kolodziejczyk-Strunck,Andreas Hagerer,Bernhard Hammelmann,Werner Goerigk,Oliver Niese;Demonstration of an Automated Integrated Testing Environment for CTI Systems.;249-252;4;Testing;;selected
2001;Bartek Klin,Andrzej Tarlecki,Till Mossakowski,Lutz Schroder,Piotr Hoffman;Semantics of Architectural Specifications in CASL.;253-268;16;Formal Methods;;selected
2001;Till Mossakowski,Dieter Hutter,Serge Autexier;Extending Development Graphs with Hiding.;269-283;15;Formal Methods;;selected
2001;Bart Jacobs,Erik Poll;A Logic for the Java Modeling Language JML.;284-299;16;Formal Methods;;selected
2001;Martin Wirsing,Rolf Hennicker,Bernhard Reus;A Hoare Calculus for Verifying Java Realizations of OCL-Constrained Design Models.;300-317;18;Formal Methods;;selected
2001;Robert P. Kurshan,James C. Browne,Natasha Sharygina;A Formal Object-Oriented Analysis for Software Reliability: Design for Verification.;318-332;15;Case Studies;;selected
2001;Mark Keaton,Carolyn L. Talcott,Steve Zabele,Jose Meseguer,Peter Csaba Olveczky;Specification and Analysis of the AER/NCA Active Network Protocol Suite in Real-Time Maude.;333-348;16;Case Studies;;selected
2000;Wladyslaw M. Turski;Essay on Software Engineering at the Turn of Century.;1-20;20;Invited Papers;;
2000;Richard Mark Soley;Memex Is Not Enough.;21;1;Invited Papers;;
2000;David Harel;From Play-In Scenarios to Code: An Achievable Dream.;22-34;13;Invited Papers;;
2000;Richard A. Kemmerer,Dino Mandrioli,Paul Z. Kolano;Parallel Refinement Mechanisms for Real-Time Systems.;35-50;16;Real-Time Systems;;selected
2000;Carsten Suhl;Applying RT-Z to Develop Safety-Critical Systems.;51-65;15;Real-Time Systems;;selected
2000;Henning Dierks;A Process Algebra for Real-Time Programs.;66-81;16;Real-Time Systems;;selected
2000;Oliver Botti,Giovanna Dondossola;System Fault Tolerance Specification: Proposal of a Method Combining Semi-formal and Formal Approaches.;82-96;15;Formally Engineering Systems;;selected
2000;Kelly Androutsopoulos,David Clark,Kevin Lano;Structuring and Design of Reactive Systems Using RSDS and B.;97-111;15;Formally Engineering Systems;;selected
2000;Philipp W. Kutter,Matthias Anlauff,Asuman Sunbul,Alfonso Pierantonio;Using Domain-Specific Languages for the Realization of Component Composition.;112-126;15;Formally Engineering Systems;;selected
2000;Christine Choppy,Gianna Reggio,Egidio Astesiano,Heinrich Hussmann;Analysing UML Active Classes and Associated State Machines - A Lightweight Formal Approach.;127-146;20;Software Engineering;;selected
2000;Jose Hernandez-Orallo,Maria Jose Ramirez;Software as Learning: Quality Factors and Life-Cycle Revised.;147-162;16;Software Engineering;;selected
2000;Hidetaka Kondoh;What Is `Mathematicalness' in Software Engineering?;163-177;15;Software Engineering;;selected
2000;Nenad Medvidovic,Alexander Egyed;A Formal Approach to Heterogeneous Software Modeling.;178-192;15;Software Engineering;;selected
2000;Gunnar Overgaard;Formal Specification of Object-Oriented Meta-modelling.;193-207;15;Object Orientation;;selected
2000;Ruurd Kuiper,Kees Huizing;Verification of Object Oriented Programs Using Class Invariants.;208-221;14;Object Orientation;;selected
2000;Pablo Gruer,Abderrafiaa Koukam,Vincent Hilaire;Verification of Object-Z Specifications by Using Transition Systems: Application to the Radiomobile Network Design Problem.;222-236;15;Object Orientation;;selected
2000;Paulo S. C. Alencar,Torsten Nelson,Donald D. Cowan;A Model for Describing Object-Oriented Systems from Multiple Perspectives.;237-248;12;Object Orientation;;selected
2000;Kathrin Hoffmann,Magdalena Gajewsky,Julia Padberg;Stepwise Introduction and Preservation of Safety Properties in Algebraic High-Level Net Systems.;249-265;17;Formallz Engineering Systems;;selected
2000;Jacques Julliand,Olga Kouchnarenko,Francoise Bellegarde-Webb;Ready-Simulation Is Not Ready to Express a Modular Refinement Relation.;266-283;18;Theory and Applications;;selected
2000;Bart Jacobs,Marieke Huisman;Java Program Verification via a Hoare Logic with Abrupt Termination.;284-303;20;Theory and Applications;;selected
2000;Alexander L. Wolf,Francesco Parisi-Presicce;Foundations for Software Configuration Management Policies Using Graph Transformations.;304-318;15;Theory and Applications;;selected
2000;Siegfried Rouvrais,Valerie Issarny,Pascal Fradet;Analyzing Non-functional Properties of Mobile Agents.;319-333;15;Theory and Applications;;selected
2000;Heike Wehrheim;Specification of an Automatic Manufacturing System: A Case Study in Using Integrated Formal Methods.;334-348;15;Case Studies;;selected
2000;Thomas Hune,Anders Sandholm;A Case Study on Using Automata in Control Synthesis.;349-362;14;Case Studies;;selected
2000;Andreas Thums,Michael Balser,Kurt Stenzel,Wolfgang Reif,Gerhard Schellhorn;Formal System Development with KIV.;363-366;4;Demonstrations;;
2000;Christoph Luth,Burkhart Wolff;More About TAS and IsaWin - Tools for Formal Program Development.;367-370;4;Demonstrations;;
2000;Jose Meseguer,Jose F. Quesada,Patrick Lincoln,Steven Eker,Manuel Clavel,Francisco Duran,Narciso Marti-Oliet;Using Maude.;371-374;4;Demonstrations;;
1999;Chris Verhoef,Paul Klint,Arie van Deursen;Research Issues in the Renovation of Legacy Systems.;1-21;21;Invited Tutorial;;
1999;Herbert Weber;Continuous Engineering of Information and Communication Infrastructures (Extended Abstract).;22-29;8;Invited Paper;;
1999;Davide Ancona,Maura Cerioli,Elena Zucca;A Formal Framework with Late Binding.;30-44;15;Contributed Papers;;
1999;Paola Inverardi,Flavio Corradini,Candida Attanasio;Yet Another Real-Time Specification for the Steam Boiler: Local Clocks to Statically Measure Systems Performance.;45-59;15;Contributed Papers;;selected
1999;Roberto Bruni,Jose Meseguer,Ugo Montanari;Executable Tile Specifications for Process Calculi.;60-76;17;Contributed Papers;;selected
1999;Eva Coscia,Gianna Reggio;JTN: A Java-Targeted Graphic Formal Notation for Reactive and Concurrent Systems.;77-97;21;Contributed Papers;;selected
1999;Chris Verhoef,Wan Fokkink;Conservative Extension in Positive/Negative Conditional Term Rewriting with Applications to Software Renovation Factories.;98-113;16;Contributed Papers;;selected
1999;Alexandre V. Zamulin,Marie-Claude Gaudel,Carole Khoury;Dynamic Systems with Implicit State.;114-128;15;Contributed Papers;;selected
1999;Andy Evans,Kevin Lano;Rigorous Development in UML.;129-144;16;Contributed Papers;;
1999;Jose Luiz Fiadeiro,Antonia Lopes;Using Explicit State to Describe Architechtures.;144-160;17;Contributed Papers;;selected
1999;Markus Muller-Olm,Rance Cleaveland,Bernhard Steffen;On the Evolution of Reactive Components: A Process-Algebraic Approach.;161-175;15;Contributed Papers;;
1999;Valery A. Nepomniaschy;Verification of Definite Iteration over Hierarchical Data Structures.;176-187;12;Contributed Papers;;selected
1999;Leonor Prensa Nieto,Tobias Nipkow;Owicki/Gries in Isabelle/HOL.;188-203;16;Contributed Papers;;selected
1999;Corrado Priami,Pierpaolo Degano,Chiara Nottegar;Semantic-Driven Performance Evaluation (Extended Abstract).;204-218;15;Contributed Papers;;selected
1999;Josef Tapken;Implementing Hierarchical Graph-Structures.;219-233;15;Contributed Papers;;selected
1999;Trevor Jones,Lynne Blair,Gordon S. Blair;A Tool Suite for Multi-paradigm Specification.;234-238;5;Demos;;
1999;Christoph Luth,Kolyang,Bernd Krieg-Bruckner,Haykal Tej;TAS and IsaWin: Tools for Transformational Program Development and Theorem Proving.;239-243;5;Demos;;
1998;Kent Beck;Extreme Programming: A Humanistic Discipline of Software Development.;1-6;6;Invited Papers;;
1998;Clifford B. Jones;Some Mistakes I Have and What I Have Learned from Them.;7-20;14;Invited Papers;;
1998;Remi Douence,Robert Allen,David Garlan;Specifying and Analyzing Dynamic Software Architectures.;21-37;17;Contributed Papers;;selected
1998;Adel Bouhoula,Michael Rusinowitch,Narjes Berregeb;Observational Proofs with Critical Contexts.;38-53;16;Contributed Papers;;selected
1998;Steven Bradley,William Henderson,David Kendall,Adrian Robson;Integrating AORTA with Model-Based Data Specification Languages.;54-70;17;Contributed Papers;;selected
1998;Marcus Klar,Robert Geisler,Robert Bussow;Specifying Safety-Critical Embedded Systems with Statecharts and Z: A Case Study.;71-87;17;Contributed Papers;;selected
1998;Wolfgang Grieskamp,Heiko Dorr,Maritta Heisel;Specifying Embedded Systems with Staecharts and Z: An Agenda for Cyclic Software Components.;88-106;19;Contributed Papers;;selected
1998;Martin Grosse-Rhode;Algebra Transformation Systems and their Composition.;107-122;16;Contributed Papers;;selected
1998;Ali Hamie,Stuart T. Kent,John Howse;Navigation Expresion in Object-Oriented Modelling.;123-137;15;Contributed Papers;;selected
1998;Reiko Heckel;Compositional Verification of Reactive Systems Specified by Graph Transformation.;138-153;16;Contributed Papers;;selected
1998;Donald Sannella,Stefan Kahrs;Reflections on the Design of a Specification language.;154-170;17;Contributed Papers;;selected
1998;Ulrike Lechner;Constructs, Concepts and Criteria for Reuse in Concurrent Object-Oriented languages.;171-187;17;Contributed Papers;;selected
1998;Tiziana Margaria-Steffen,Bernhard Steffen;Backtracking-Free Design Planning by Automatic Synthesis in METAFrame.;188-204;17;Contributed Papers;;selected
1998;Augusto Sampaio,Alexandre Mota;Model-Checking CSP-Z.;205-220;16;Contributed Papers;;selected
1998;Magdalena Gajewsky,Claudia Ermel,Julia Padberg;Rule-Based Refinement of High-Level Nets Preserving Safety Properties.;221-238;18;Contributed Papers;;selected
1998;Joy N. Reed,George M. Reed,D. M. Jackson,B. Deianov;Automated Formal Analysis of Networks: FDR Models of Arbitrary Topologies and Flow-Control Mechanisms.;239-254;16;Contributed Papers;;selected
1998;Torben Amtoft Hansen,Hanne Riis Nielson,Flemming Nielson;Behaviour Analysis and Safety Conditions: A Case Study in CML.;255-269;15;Contributed Papers;;selected
1998;Anders Sandholm,Michael I. Schwartzbach;Distributed Safety Controllers for Web Services.;270-284;15;Contributed Papers;;selected
1998;Peter Scholz;A Refinement Calculus for Statecharts.;285-301;17;Contributed Papers;;selected
1998;Bettina Sucrow;Refining Formal Specifications of Human Computer Interaction by Graph Rewrite Rules.;302-317;16;Demos;;
1998;Erich Meyer,Rudolf Berghammer,Ralf Behnke,Peter Schneider;RELVIEW - A System for Calculating With Relations and Relational Programming.;318-321;4;Demos;;
1998;Eric Dubois 0001;ALBERT: A Formal Language and Its Supporting Tools for Requirements Engineering.;322-325;4;Demos;;
1998;Josef Tapken;MOBY/PLC - A Design Tool for Hierarchical Real-Time Automata.;326-329;4;Demos;;
